ID,kwh
2024-09-24_consumer_device_12_data_user_1,0.16582015878207537
2024-09-25_consumer_device_12_data_user_1,0.15655241738757572
2024-09-26_consumer_device_12_data_user_1,0.15004563715160546
2024-09-27_consumer_device_12_data_user_1,0.1476734929749723
2024-09-28_consumer_device_12_data_user_1,0.1467108709821558
2024-09-29_consumer_device_12_data_user_1,0.14425982184783293
2024-09-30_consumer_device_12_data_user_1,0.14330314041596387
2024-10-01_consumer_device_12_data_user_1,0.14340435626460699
2024-10-02_consumer_device_12_data_user_1,0.14472541988768836
2024-10-03_consumer_device_12_data_user_1,0.1342270936379768
2024-10-04_consumer_device_12_data_user_1,0.13274579180621515
2024-10-05_consumer_device_12_data_user_1,0.13276121054691514
2024-10-06_consumer_device_12_data_user_1,0.13276046811280404
2024-10-07_consumer_device_12_data_user_1,0.13526773415123877
2024-10-08_consumer_device_12_data_user_1,0.1367736715928947
2024-10-09_consumer_device_12_data_user_1,0.13742367464761746
2024-10-10_consumer_device_12_data_user_1,0.13832941138739657
2024-10-11_consumer_device_12_data_user_1,0.13931333968985157
2024-10-12_consumer_device_12_data_user_1,0.13139304722550965
2024-10-13_consumer_device_12_data_user_1,0.1267607038687826
2024-10-14_consumer_device_12_data_user_1,0.1228467830297909
2024-10-15_consumer_device_12_data_user_1,0.12253207291113188
2024-10-16_consumer_device_12_data_user_1,0.12067160075998458
2024-10-17_consumer_device_12_data_user_1,0.11891271581967551
2024-10-18_consumer_device_12_data_user_1,0.11937704797826892
2024-10-19_consumer_device_12_data_user_1,0.12005835254969811
2024-10-20_consumer_device_12_data_user_1,0.12220484907290889
2024-10-21_consumer_device_12_data_user_1,0.1145213160815231
2024-10-22_consumer_device_12_data_user_1,0.11554349440347121
2024-10-23_consumer_device_12_data_user_1,0.11649154982045623
2024-10-24_consumer_device_12_data_user_1,0.11862852710881344
2024-09-24_consumer_device_12_data_user_10,0.11465568009346386
2024-09-25_consumer_device_12_data_user_10,0.1082311585207291
2024-09-26_consumer_device_12_data_user_10,0.10371988803714945
2024-09-27_consumer_device_12_data_user_10,0.10205184000222653
2024-09-28_consumer_device_12_data_user_10,0.1013767141125308
2024-09-29_consumer_device_12_data_user_10,0.09966253577312276
2024-09-30_consumer_device_12_data_user_10,0.09896830025247058
2024-10-01_consumer_device_12_data_user_10,0.09901279429759084
2024-10-02_consumer_device_12_data_user_10,0.09988645999577095
2024-10-03_consumer_device_12_data_user_10,0.0926684301089074
2024-10-04_consumer_device_12_data_user_10,0.0916078901260953
2024-10-05_consumer_device_12_data_user_10,0.09157125029279051
2024-10-06_consumer_device_12_data_user_10,0.09154605772747523
2024-10-07_consumer_device_12_data_user_10,0.09321894943100556
2024-10-08_consumer_device_12_data_user_10,0.09420692073831428
2024-10-09_consumer_device_12_data_user_10,0.09462614774347577
2024-10-10_consumer_device_12_data_user_10,0.09522631146863664
2024-10-11_consumer_device_12_data_user_10,0.09588239102955794
2024-10-12_consumer_device_12_data_user_10,0.09051179057490705
2024-10-13_consumer_device_12_data_user_10,0.08738201743084935
2024-10-14_consumer_device_12_data_user_10,0.08474064010305474
2024-10-15_consumer_device_12_data_user_10,0.08452148944109528
2024-10-16_consumer_device_12_data_user_10,0.08327008424202967
2024-10-17_consumer_device_12_data_user_10,0.08208262524192504
2024-10-18_consumer_device_12_data_user_10,0.08238871596997357
2024-10-19_consumer_device_12_data_user_10,0.08284341306869993
2024-10-20_consumer_device_12_data_user_10,0.08428234872181707
2024-10-21_consumer_device_12_data_user_10,0.0790981875925781
2024-10-22_consumer_device_12_data_user_10,0.07978168478081572
2024-10-23_consumer_device_12_data_user_10,0.08041675551307273
2024-10-24_consumer_device_12_data_user_10,0.08185005926367324
2024-09-24_consumer_device_12_data_user_11,0.03928888368538458
2024-09-25_consumer_device_12_data_user_11,0.039822526461916335
2024-09-26_consumer_device_12_data_user_11,0.040211705396193585
2024-09-27_consumer_device_12_data_user_11,0.04085012856451337
2024-09-28_consumer_device_12_data_user_11,0.04107159275677629
2024-09-29_consumer_device_12_data_user_11,0.041532730994563616
2024-09-30_consumer_device_12_data_user_11,0.04224680621375684
2024-10-01_consumer_device_12_data_user_11,0.042785765813953186
2024-10-02_consumer_device_12_data_user_11,0.04360345046618169
2024-10-03_consumer_device_12_data_user_11,0.042944154593581696
2024-10-04_consumer_device_12_data_user_11,0.043744266591610535
2024-10-05_consumer_device_12_data_user_11,0.04474781009366941
2024-10-06_consumer_device_12_data_user_11,0.045271582851963955
2024-10-07_consumer_device_12_data_user_11,0.04651047119001104
2024-10-08_consumer_device_12_data_user_11,0.04761147343858722
2024-10-09_consumer_device_12_data_user_11,0.04823966729357983
2024-10-10_consumer_device_12_data_user_11,0.04877548797196372
2024-10-11_consumer_device_12_data_user_11,0.04927046459050775
2024-10-12_consumer_device_12_data_user_11,0.04718295383298281
2024-10-13_consumer_device_12_data_user_11,0.04572155229144182
2024-10-14_consumer_device_12_data_user_11,0.04442303491728939
2024-10-15_consumer_device_12_data_user_11,0.044462154294787296
2024-10-16_consumer_device_12_data_user_11,0.043756479408827806
2024-10-17_consumer_device_12_data_user_11,0.04318238023529885
2024-10-18_consumer_device_12_data_user_11,0.04349075963194433
2024-10-19_consumer_device_12_data_user_11,0.043824884361816405
2024-10-20_consumer_device_12_data_user_11,0.04474213638449558
2024-10-21_consumer_device_12_data_user_11,0.04216742019983543
2024-10-22_consumer_device_12_data_user_11,0.042641047187608236
2024-10-23_consumer_device_12_data_user_11,0.04305619692734404
2024-10-24_consumer_device_12_data_user_11,0.04395347568663722
2024-09-24_consumer_device_12_data_user_12,0.1230294903306566
2024-09-25_consumer_device_12_data_user_12,0.11662311313859956
2024-09-26_consumer_device_12_data_user_12,0.11212704939903745
2024-09-27_consumer_device_12_data_user_12,0.11054896988144627
2024-09-28_consumer_device_12_data_user_12,0.10990395887493536
2024-09-29_consumer_device_12_data_user_12,0.1082489881378843
2024-09-30_consumer_device_12_data_user_12,0.10766867030856121
2024-10-01_consumer_device_12_data_user_12,0.10780559381721996
2024-10-02_consumer_device_12_data_user_12,0.10882863354914883
2024-10-03_consumer_device_12_data_user_12,0.10141628004279507
2024-10-04_consumer_device_12_data_user_12,0.10048017715204866
2024-10-05_consumer_device_12_data_user_12,0.10061428575051694
2024-10-06_consumer_device_12_data_user_12,0.10067814192873849
2024-10-07_consumer_device_12_data_user_12,0.10258131366914827
2024-10-08_consumer_device_12_data_user_12,0.1037682781352364
2024-10-09_consumer_device_12_data_user_12,0.10429940497582794
2024-10-10_consumer_device_12_data_user_12,0.10499776576971392
2024-10-11_consumer_device_12_data_user_12,0.10574571030547947
2024-10-12_consumer_device_12_data_user_12,0.09995814583613587
2024-10-13_consumer_device_12_data_user_12,0.09654361542694179
2024-10-14_consumer_device_12_data_user_12,0.09365080219130269
2024-10-15_consumer_device_12_data_user_12,0.09343583788423244
2024-10-16_consumer_device_12_data_user_12,0.09204987828805845
2024-10-17_consumer_device_12_data_user_12,0.09075103174337007
2024-10-18_consumer_device_12_data_user_12,0.09111319155321243
2024-10-19_consumer_device_12_data_user_12,0.09163003449574306
2024-10-20_consumer_device_12_data_user_12,0.0932417382343081
2024-10-21_consumer_device_12_data_user_12,0.08755963028547246
2024-10-22_consumer_device_12_data_user_12,0.0883316620617952
2024-10-23_consumer_device_12_data_user_12,0.08904474421978135
2024-10-24_consumer_device_12_data_user_12,0.0906473455399696
2024-09-24_consumer_device_12_data_user_13,0.1326897713200931
2024-09-25_consumer_device_12_data_user_13,0.12513225230312405
2024-09-26_consumer_device_12_data_user_13,0.11982494079853795
2024-09-27_consumer_device_12_data_user_13,0.11784698332224282
2024-09-28_consumer_device_12_data_user_13,0.11704758760425275
2024-09-29_consumer_device_12_data_user_13,0.1150210677616678
2024-09-30_consumer_device_12_data_user_13,0.11418373029015526
2024-10-01_consumer_device_12_data_user_13,0.11421898319682974
2024-10-02_consumer_device_12_data_user_13,0.11521869076552448
2024-10-03_consumer_device_12_data_user_13,0.10676736459224498
2024-10-04_consumer_device_12_data_user_13,0.10549737184738676
2024-10-05_consumer_device_12_data_user_13,0.10542276524677405
2024-10-06_consumer_device_12_data_user_13,0.1053767024486043
2024-10-07_consumer_device_12_data_user_13,0.10730122972258077
2024-10-08_consumer_device_12_data_user_13,0.10842618080283019
2024-10-09_consumer_device_12_data_user_13,0.10889846266479741
2024-10-10_consumer_device_12_data_user_13,0.10958602588300026
2024-10-11_consumer_device_12_data_user_13,0.1103405058827788
2024-10-12_consumer_device_12_data_user_13,0.10410255428768247
2024-10-13_consumer_device_12_data_user_13,0.10047503448389704
2024-10-14_consumer_device_12_data_user_13,0.09741563503143164
2024-10-15_consumer_device_12_data_user_13,0.09715717739097277
2024-10-16_consumer_device_12_data_user_13,0.09571057491824261
2024-10-17_consumer_device_12_data_user_13,0.09433488538712385
2024-10-18_consumer_device_12_data_user_13,0.0946844454929291
2024-10-19_consumer_device_12_data_user_13,0.09520762006530176
2024-10-20_consumer_device_12_data_user_13,0.09686767200843562
2024-10-21_consumer_device_12_data_user_13,0.09086389342461376
2024-10-22_consumer_device_12_data_user_13,0.09165122686437953
2024-10-23_consumer_device_12_data_user_13,0.09238356167177905
2024-10-24_consumer_device_12_data_user_13,0.09403763217432669
2024-09-24_consumer_device_12_data_user_2,0.11942863505661458
2024-09-25_consumer_device_12_data_user_2,0.11265344185321116
2024-09-26_consumer_device_12_data_user_2,0.10789587169587951
2024-09-27_consumer_device_12_data_user_2,0.10613471490761708
2024-09-28_consumer_device_12_data_user_2,0.10542205645734484
2024-09-29_consumer_device_12_data_user_2,0.10361299824183241
2024-09-30_consumer_device_12_data_user_2,0.10287816239219137
2024-10-01_consumer_device_12_data_user_2,0.10292284746813508
2024-10-02_consumer_device_12_data_user_2,0.1038405298282443
2024-10-03_consumer_device_12_data_user_2,0.09623370678277282
2024-10-04_consumer_device_12_data_user_2,0.09511234305717382
2024-10-05_consumer_device_12_data_user_2,0.09506957780932024
2024-10-06_consumer_device_12_data_user_2,0.0950408590391685
2024-10-07_consumer_device_12_data_user_2,0.09679938125926196
2024-10-08_consumer_device_12_data_user_2,0.0978364010161582
2024-10-09_consumer_device_12_data_user_2,0.09827577691670006
2024-10-10_consumer_device_12_data_user_2,0.09890628458402072
2024-10-11_consumer_device_12_data_user_2,0.09959590942438196
2024-10-12_consumer_device_12_data_user_2,0.09394261100532371
2024-10-13_consumer_device_12_data_user_2,0.09064910244671151
2024-10-14_consumer_device_12_data_user_2,0.0878698090430125
2024-10-15_consumer_device_12_data_user_2,0.08763861016774918
2024-10-16_consumer_device_12_data_user_2,0.0863222375495262
2024-10-17_consumer_device_12_data_user_2,0.08507273708013403
2024-10-18_consumer_device_12_data_user_2,0.0853941588336385
2024-10-19_consumer_device_12_data_user_2,0.08587214132725288
2024-10-20_consumer_device_12_data_user_2,0.08738534377809704
2024-10-21_consumer_device_12_data_user_2,0.08193060625981578
2024-10-22_consumer_device_12_data_user_2,0.08264922391523728
2024-10-23_consumer_device_12_data_user_2,0.08331702955174125
2024-10-24_consumer_device_12_data_user_2,0.08482437697950751
2024-09-24_consumer_device_12_data_user_3,0.4850231133852294
2024-09-25_consumer_device_12_data_user_3,0.47790849394195045
2024-09-26_consumer_device_12_data_user_3,0.47302576807004215
2024-09-27_consumer_device_12_data_user_3,0.4750900055814145
2024-09-28_consumer_device_12_data_user_3,0.4756364994518523
2024-09-29_consumer_device_12_data_user_3,0.4762324196995026
2024-09-30_consumer_device_12_data_user_3,0.48059999518203866
2024-10-01_consumer_device_12_data_user_3,0.484895528937476
2024-10-02_consumer_device_12_data_user_3,0.4928292503736046
2024-10-03_consumer_device_12_data_user_3,0.47498542705231683
2024-10-04_consumer_device_12_data_user_3,0.47938249954592893
2024-10-05_consumer_device_12_data_user_3,0.4871708031448689
2024-10-06_consumer_device_12_data_user_3,0.4912250341925469
2024-10-07_consumer_device_12_data_user_3,0.5038592077646842
2024-10-08_consumer_device_12_data_user_3,0.5142107587189239
2024-10-09_consumer_device_12_data_user_3,0.5198630974729963
2024-10-10_consumer_device_12_data_user_3,0.5251105946796147
2024-10-11_consumer_device_12_data_user_3,0.5301367541383085
2024-10-12_consumer_device_12_data_user_3,0.5043638420256465
2024-10-13_consumer_device_12_data_user_3,0.4874282089896398
2024-10-14_consumer_device_12_data_user_3,0.4726254383888305
2024-10-15_consumer_device_12_data_user_3,0.4725464141657181
2024-10-16_consumer_device_12_data_user_3,0.4648253317244293
2024-10-17_consumer_device_12_data_user_3,0.4582462028456278
2024-10-18_consumer_device_12_data_user_3,0.4611971803399523
2024-10-19_consumer_device_12_data_user_3,0.4646107727598724
2024-10-20_consumer_device_12_data_user_3,0.47431700227873935
2024-10-21_consumer_device_12_data_user_3,0.4450593698382252
2024-10-22_consumer_device_12_data_user_3,0.44996665247935774
2024-10-23_consumer_device_12_data_user_3,0.4543312487230123
2024-10-24_consumer_device_12_data_user_3,0.46387129071354416
2024-09-24_consumer_device_12_data_user_4,2.311101661851573
2024-09-25_consumer_device_12_data_user_4,2.8739720702032563
2024-09-26_consumer_device_12_data_user_4,3.2729583365611057
2024-09-27_consumer_device_12_data_user_4,3.548453299930193
2024-09-28_consumer_device_12_data_user_4,3.6504003508877263
2024-09-29_consumer_device_12_data_user_4,3.8830688580093318
2024-09-30_consumer_device_12_data_user_4,4.1137537222353355
2024-10-01_consumer_device_12_data_user_4,4.250279919553117
2024-10-02_consumer_device_12_data_user_4,4.404109181966895
2024-10-03_consumer_device_12_data_user_4,4.710744946590792
2024-10-04_consumer_device_12_data_user_4,4.987913199876836
2024-10-05_consumer_device_12_data_user_4,5.250025489158088
2024-10-06_consumer_device_12_data_user_4,5.387229302865524
2024-10-07_consumer_device_12_data_user_4,5.597211174589836
2024-10-08_consumer_device_12_data_user_4,5.816797626851506
2024-10-09_consumer_device_12_data_user_4,5.951638527559185
2024-10-10_consumer_device_12_data_user_4,6.050612544708186
2024-10-11_consumer_device_12_data_user_4,6.135320173743588
2024-10-12_consumer_device_12_data_user_4,5.950224002429596
2024-10-13_consumer_device_12_data_user_4,5.778988240388964
2024-10-14_consumer_device_12_data_user_4,5.617610582948036
2024-10-15_consumer_device_12_data_user_4,5.642223473013871
2024-10-16_consumer_device_12_data_user_4,5.542354766314189
2024-10-17_consumer_device_12_data_user_4,5.472306259135991
2024-10-18_consumer_device_12_data_user_4,5.531868261888534
2024-10-19_consumer_device_12_data_user_4,5.588266860978947
2024-10-20_consumer_device_12_data_user_4,5.730486781020705
2024-10-21_consumer_device_12_data_user_4,5.406988070108255
2024-10-22_consumer_device_12_data_user_4,5.484358190321653
2024-10-23_consumer_device_12_data_user_4,5.549797864381607
2024-10-24_consumer_device_12_data_user_4,5.687221619420781
2024-09-24_consumer_device_12_data_user_5,13.219555419547952
2024-09-25_consumer_device_12_data_user_5,11.943184908088808
2024-09-26_consumer_device_12_data_user_5,11.045086236241746
2024-09-27_consumer_device_12_data_user_5,10.65017813020893
2024-09-28_consumer_device_12_data_user_5,10.495035536209262
2024-09-29_consumer_device_12_data_user_5,10.113975616349304
2024-09-30_consumer_device_12_data_user_5,9.892646228211722
2024-10-01_consumer_device_12_data_user_5,9.832535276189908
2024-10-02_consumer_device_12_data_user_5,9.892990785698046
2024-10-03_consumer_device_12_data_user_5,8.618924140042795
2024-10-04_consumer_device_12_data_user_5,8.317754498335418
2024-10-05_consumer_device_12_data_user_5,8.18335007599092
2024-10-06_consumer_device_12_data_user_5,8.11205951639468
2024-10-07_consumer_device_12_data_user_5,8.269344625640837
2024-10-08_consumer_device_12_data_user_5,8.315304239081314
2024-10-09_consumer_device_12_data_user_5,8.314348873330484
2024-10-10_consumer_device_12_data_user_5,8.35916795542355
2024-10-11_consumer_device_12_data_user_5,8.419695496408437
2024-10-12_consumer_device_12_data_user_5,7.674633926342392
2024-10-13_consumer_device_12_data_user_5,7.271556785479796
2024-10-14_consumer_device_12_data_user_5,6.93965912997933
2024-10-15_consumer_device_12_data_user_5,6.893462482574234
2024-10-16_consumer_device_12_data_user_5,6.747715419508621
2024-10-17_consumer_device_12_data_user_5,6.597279537718458
2024-10-18_consumer_device_12_data_user_5,6.615677389000679
2024-10-19_consumer_device_12_data_user_5,6.658759458162425
2024-10-20_consumer_device_12_data_user_5,6.812900957322112
2024-10-21_consumer_device_12_data_user_5,6.164816983129733
2024-10-22_consumer_device_12_data_user_5,6.233214977878344
2024-10-23_consumer_device_12_data_user_5,6.2999333200364855
2024-10-24_consumer_device_12_data_user_5,6.455553194211504
2024-09-24_consumer_device_12_data_user_6,1.3393989925076446
2024-09-25_consumer_device_12_data_user_6,1.7967823699581684
2024-09-26_consumer_device_12_data_user_6,2.1216546388255217
2024-09-27_consumer_device_12_data_user_6,2.368327229744773
2024-09-28_consumer_device_12_data_user_6,2.4587146551490857
2024-09-29_consumer_device_12_data_user_6,2.662322920697318
2024-09-30_consumer_device_12_data_user_6,2.8797258034341096
2024-10-01_consumer_device_12_data_user_6,3.015425866897734
2024-10-02_consumer_device_12_data_user_6,3.1810463800508297
2024-10-03_consumer_device_12_data_user_6,3.3727773832116377
2024-10-04_consumer_device_12_data_user_6,3.630489614057071
2024-10-05_consumer_device_12_data_user_6,3.889130190200327
2024-10-06_consumer_device_12_data_user_6,4.0244238262417396
2024-10-07_consumer_device_12_data_user_6,4.257921053479471
2024-10-08_consumer_device_12_data_user_6,4.4903356077665695
2024-10-09_consumer_device_12_data_user_6,4.630158003102173
2024-10-10_consumer_device_12_data_user_6,4.737306268577248
2024-10-11_consumer_device_12_data_user_6,4.831210097043545
2024-10-12_consumer_device_12_data_user_6,4.565199789328031
2024-10-13_consumer_device_12_data_user_6,4.3475129639222665
2024-10-14_consumer_device_12_data_user_6,4.147119790452086
2024-10-15_consumer_device_12_data_user_6,4.168074348816089
2024-10-16_consumer_device_12_data_user_6,4.0499808102716415
2024-10-17_consumer_device_12_data_user_6,3.9623647469417826
2024-10-18_consumer_device_12_data_user_6,4.0259950117473045
2024-10-19_consumer_device_12_data_user_6,4.088792640774516
2024-10-20_consumer_device_12_data_user_6,4.251664906497324
2024-10-21_consumer_device_12_data_user_6,3.8516664960683697
2024-10-22_consumer_device_12_data_user_6,3.9387377097229552
2024-10-23_consumer_device_12_data_user_6,4.013262633308052
2024-10-24_consumer_device_12_data_user_6,4.1713049001006555
2024-09-24_consumer_device_12_data_user_7,0.11555577928308224
2024-09-25_consumer_device_12_data_user_7,0.10902691940990795
2024-09-26_consumer_device_12_data_user_7,0.10444241984527465
2024-09-27_consumer_device_12_data_user_7,0.10274855436222248
2024-09-28_consumer_device_12_data_user_7,0.10206288508657851
2024-09-29_consumer_device_12_data_user_7,0.10032167897567566
2024-09-30_consumer_device_12_data_user_7,0.09961783990347214
2024-10-01_consumer_device_12_data_user_7,0.09966443820558529
2024-10-02_consumer_device_12_data_user_7,0.10055455944917316
2024-10-03_consumer_device_12_data_user_7,0.09321609904770231
2024-10-04_consumer_device_12_data_user_7,0.09214014808516055
2024-10-05_consumer_device_12_data_user_7,0.09210546055351773
2024-10-06_consumer_device_12_data_user_7,0.09208118708577437
2024-10-07_consumer_device_12_data_user_7,0.09378475571610391
2024-10-08_consumer_device_12_data_user_7,0.09479178448838924
2024-10-09_consumer_device_12_data_user_7,0.09521950809989832
2024-10-10_consumer_device_12_data_user_7,0.09583091003428004
2024-10-11_consumer_device_12_data_user_7,0.0964990437461068
2024-10-12_consumer_device_12_data_user_7,0.09103477055432585
2024-10-13_consumer_device_12_data_user_7,0.08784978515839575
2024-10-14_consumer_device_12_data_user_7,0.08516164544177508
2024-10-15_consumer_device_12_data_user_7,0.08493898888802046
2024-10-16_consumer_device_12_data_user_7,0.08366519871411086
2024-10-17_consumer_device_12_data_user_7,0.08245674179231699
2024-10-18_consumer_device_12_data_user_7,0.08276865352111158
2024-10-19_consumer_device_12_data_user_7,0.08323168206015073
2024-10-20_consumer_device_12_data_user_7,0.08469662665447468
2024-10-21_consumer_device_12_data_user_7,0.07942061964500238
2024-10-22_consumer_device_12_data_user_7,0.0801165677043143
2024-10-23_consumer_device_12_data_user_7,0.08076314370188677
2024-10-24_consumer_device_12_data_user_7,0.08222231288338158
2024-09-24_consumer_device_12_data_user_8,0.13548198274971718
2024-09-25_consumer_device_12_data_user_8,0.1275089948330964
2024-09-26_consumer_device_12_data_user_8,0.12190894600170053
2024-09-27_consumer_device_12_data_user_8,0.1197886484256621
2024-09-28_consumer_device_12_data_user_8,0.11893418857499505
2024-09-29_consumer_device_12_data_user_8,0.116774834399125
2024-09-30_consumer_device_12_data_user_8,0.11584733823822849
2024-10-01_consumer_device_12_data_user_8,0.11584804950236931
2024-10-02_consumer_device_12_data_user_8,0.11684286849456203
2024-10-03_consumer_device_12_data_user_8,0.10801156240024695
2024-10-04_consumer_device_12_data_user_8,0.10662388770598501
2024-10-05_consumer_device_12_data_user_8,0.10647792172260645
2024-10-06_consumer_device_12_data_user_8,0.10639425705949287
2024-10-07_consumer_device_12_data_user_8,0.1083319591042979
2024-10-08_consumer_device_12_data_user_8,0.10943922267241578
2024-10-09_consumer_device_12_data_user_8,0.10989289705119049
2024-10-10_consumer_device_12_data_user_8,0.11057888711110539
2024-10-11_consumer_device_12_data_user_8,0.11133790613897272
2024-10-12_consumer_device_12_data_user_8,0.1049273481697071
2024-10-13_consumer_device_12_data_user_8,0.10121612622191578
2024-10-14_consumer_device_12_data_user_8,0.09809057968960226
2024-10-15_consumer_device_12_data_user_8,0.09781650747345474
2024-10-16_consumer_device_12_data_user_8,0.09634480533965134
2024-10-17_consumer_device_12_data_user_8,0.09493871237643114
2024-10-18_consumer_device_12_data_user_8,0.09528504951374371
2024-10-19_consumer_device_12_data_user_8,0.09581198492861445
2024-10-20_consumer_device_12_data_user_8,0.09749360047812955
2024-10-21_consumer_device_12_data_user_8,0.09136180000483983
2024-10-22_consumer_device_12_data_user_8,0.09215676068342897
2024-10-23_consumer_device_12_data_user_8,0.09289790072251318
2024-10-24_consumer_device_12_data_user_8,0.09457458014328106
2024-09-24_consumer_device_12_data_user_9,0.13094909413576133
2024-09-25_consumer_device_12_data_user_9,0.1232241080052599
2024-09-26_consumer_device_12_data_user_9,0.11779828159869504
2024-09-27_consumer_device_12_data_user_9,0.11574502565069769
2024-09-28_consumer_device_12_data_user_9,0.11491750437205789
2024-09-29_consumer_device_12_data_user_9,0.11282601202708634
2024-09-30_consumer_device_12_data_user_9,0.11192879621665329
2024-10-01_consumer_device_12_data_user_9,0.11193066783059252
2024-10-02_consumer_device_12_data_user_9,0.11289648263841827
2024-10-03_consumer_device_12_data_user_9,0.10433713343341394
2024-10-04_consumer_device_12_data_user_9,0.10299417423578025
2024-10-05_consumer_device_12_data_user_9,0.10285492870154657
2024-10-06_consumer_device_12_data_user_9,0.10277500321644158
2024-10-07_consumer_device_12_data_user_9,0.10465543494713633
2024-10-08_consumer_device_12_data_user_9,0.10573083476692964
2024-10-09_consumer_device_12_data_user_9,0.10617184223681758
2024-10-10_consumer_device_12_data_user_9,0.10683777061397981
2024-10-11_consumer_device_12_data_user_9,0.10757437749420097
2024-10-12_consumer_device_12_data_user_9,0.10135770066813593
2024-10-13_consumer_device_12_data_user_9,0.09775816625290175
2024-10-14_consumer_device_12_data_user_9,0.09472653300493084
2024-10-15_consumer_device_12_data_user_9,0.09446103145068344
2024-10-16_consumer_device_12_data_user_9,0.09303334277516359
2024-10-17_consumer_device_12_data_user_9,0.09166952076495577
2024-10-18_consumer_device_12_data_user_9,0.09200581237554663
2024-10-19_consumer_device_12_data_user_9,0.09251716770710229
2024-10-20_consumer_device_12_data_user_9,0.09414873536923843
2024-10-21_consumer_device_12_data_user_9,0.08820111731736294
2024-10-22_consumer_device_12_data_user_9,0.0889725063148992
2024-10-23_consumer_device_12_data_user_9,0.08969161258733589
2024-10-24_consumer_device_12_data_user_9,0.09131835311811527
2024-09-24_consumer_device_13_data_user_1,0.6711039327139143
2024-09-25_consumer_device_13_data_user_1,0.8983475973724648
2024-09-26_consumer_device_13_data_user_1,1.060066077553319
2024-09-27_consumer_device_13_data_user_1,1.1933693745376845
2024-09-28_consumer_device_13_data_user_1,1.2418329754630224
2024-09-29_consumer_device_13_data_user_1,1.3498461673262236
2024-09-30_consumer_device_13_data_user_1,1.471973124331054
2024-10-01_consumer_device_13_data_user_1,1.55106144800712
2024-10-02_consumer_device_13_data_user_1,1.6524891676001063
2024-10-03_consumer_device_13_data_user_1,1.7206805098159577
2024-10-04_consumer_device_13_data_user_1,1.8640302300890963
2024-10-05_consumer_device_13_data_user_1,2.014043938688314
2024-10-06_consumer_device_13_data_user_1,2.092479336110341
2024-10-07_consumer_device_13_data_user_1,2.23811443965269
2024-10-08_consumer_device_13_data_user_1,2.3790236177571726
2024-10-09_consumer_device_13_data_user_1,2.462747994937703
2024-10-10_consumer_device_13_data_user_1,2.528575739173982
2024-10-11_consumer_device_13_data_user_1,2.587044851949118
2024-10-12_consumer_device_13_data_user_1,2.4004054272144337
2024-10-13_consumer_device_13_data_user_1,2.2552391315345344
2024-10-14_consumer_device_13_data_user_1,2.123039434193336
2024-10-15_consumer_device_13_data_user_1,2.133900098293046
2024-10-16_consumer_device_13_data_user_1,2.0578191402494377
2024-10-17_consumer_device_13_data_user_1,1.999823713237534
2024-10-18_consumer_device_13_data_user_1,2.0386146918119796
2024-10-19_consumer_device_13_data_user_1,2.077810960856816
2024-10-20_consumer_device_13_data_user_1,2.1810236699750645
2024-10-21_consumer_device_13_data_user_1,1.9176717183573038
2024-10-22_consumer_device_13_data_user_1,1.9723360735816236
2024-10-23_consumer_device_13_data_user_1,2.0194231665851508
2024-10-24_consumer_device_13_data_user_1,2.1197966539353845
2024-09-24_consumer_device_13_data_user_10,1.3855958906515622
2024-09-25_consumer_device_13_data_user_10,1.8873313845587023
2024-09-26_consumer_device_13_data_user_10,2.2440797148867797
2024-09-27_consumer_device_13_data_user_10,2.5275840191739265
2024-09-28_consumer_device_13_data_user_10,2.631008306303672
2024-09-29_consumer_device_13_data_user_10,2.862593969395997
2024-09-30_consumer_device_13_data_user_10,3.1180338751811805
2024-10-01_consumer_device_13_data_user_10,3.280909931614987
2024-10-02_consumer_device_13_data_user_10,3.485586582464589
2024-10-03_consumer_device_13_data_user_10,3.6633923999788065
2024-10-04_consumer_device_13_data_user_10,3.9644868823009696
2024-10-05_consumer_device_13_data_user_10,4.274051424200389
2024-10-06_consumer_device_13_data_user_10,4.4359398332953255
2024-10-07_consumer_device_13_data_user_10,4.727670028498415
2024-10-08_consumer_device_13_data_user_10,5.013181281628099
2024-10-09_consumer_device_13_data_user_10,5.183688434936035
2024-10-10_consumer_device_13_data_user_10,5.316355211440755
2024-10-11_consumer_device_13_data_user_10,5.4335581834718205
2024-10-12_consumer_device_13_data_user_10,5.076307678368049
2024-10-13_consumer_device_13_data_user_10,4.793047412451408
2024-10-14_consumer_device_13_data_user_10,4.5340130926773154
2024-10-15_consumer_device_13_data_user_10,4.55753987630478
2024-10-16_consumer_device_13_data_user_10,4.407081686040358
2024-10-17_consumer_device_13_data_user_10,4.293592266521136
2024-10-18_consumer_device_13_data_user_10,4.372015165848034
2024-10-19_consumer_device_13_data_user_10,4.450508563593516
2024-10-20_consumer_device_13_data_user_10,4.655955226832891
2024-10-21_consumer_device_13_data_user_10,4.139538979625542
2024-10-22_consumer_device_13_data_user_10,4.2487541311590995
2024-10-23_consumer_device_13_data_user_10,4.342591966472732
2024-10-24_consumer_device_13_data_user_10,4.542212258904616
2024-09-24_consumer_device_13_data_user_11,0.566173293072346
2024-09-25_consumer_device_13_data_user_11,0.7854470448188722
2024-09-26_consumer_device_13_data_user_11,0.9416957606580715
2024-09-27_consumer_device_13_data_user_11,1.077309546340727
2024-09-28_consumer_device_13_data_user_11,1.12638470871194
2024-09-29_consumer_device_13_data_user_11,1.235064246119704
2024-09-30_consumer_device_13_data_user_11,1.362081332417959
2024-10-01_consumer_device_13_data_user_11,1.445979516329839
2024-10-02_consumer_device_13_data_user_11,1.556291329506709
2024-10-03_consumer_device_13_data_user_11,1.6044985240242768
2024-10-04_consumer_device_13_data_user_11,1.7527712048185875
2024-10-05_consumer_device_13_data_user_11,1.9115056876662055
2024-10-06_consumer_device_13_data_user_11,1.9944807139789005
2024-10-07_consumer_device_13_data_user_11,2.1542635772550467
2024-10-08_consumer_device_13_data_user_11,2.3067642258131733
2024-10-09_consumer_device_13_data_user_11,2.396817919926391
2024-10-10_consumer_device_13_data_user_11,2.468521765565242
2024-10-11_consumer_device_13_data_user_11,2.532619171457343
2024-10-12_consumer_device_13_data_user_11,2.3171181594965184
2024-10-13_consumer_device_13_data_user_11,2.1529868473395037
2024-10-14_consumer_device_13_data_user_11,2.0042106259610555
2024-10-15_consumer_device_13_data_user_11,2.0149826861714377
2024-10-16_consumer_device_13_data_user_11,1.9302555291063406
2024-10-17_consumer_device_13_data_user_11,1.8648926167364561
2024-10-18_consumer_device_13_data_user_11,1.9069880571232196
2024-10-19_consumer_device_13_data_user_11,1.950006871704499
2024-10-20_consumer_device_13_data_user_11,2.064088708852357
2024-10-21_consumer_device_13_data_user_11,1.767973326039322
2024-10-22_consumer_device_13_data_user_11,1.828132879269248
2024-10-23_consumer_device_13_data_user_11,1.8801074821576311
2024-10-24_consumer_device_13_data_user_11,1.9911640094086986
2024-09-24_consumer_device_13_data_user_12,0.622065028130224
2024-09-25_consumer_device_13_data_user_12,0.862907706922541
2024-09-26_consumer_device_13_data_user_12,1.0344734306744763
2024-09-27_consumer_device_13_data_user_12,1.1816136675653648
2024-09-28_consumer_device_13_data_user_12,1.2349161976829521
2024-09-29_consumer_device_13_data_user_12,1.353129778188736
2024-09-30_consumer_device_13_data_user_12,1.490259860801546
2024-10-01_consumer_device_13_data_user_12,1.5804422723821494
2024-10-02_consumer_device_13_data_user_12,1.6983756087361206
2024-10-03_consumer_device_13_data_user_12,1.7558911026572455
2024-10-04_consumer_device_13_data_user_12,1.916165870466248
2024-10-05_consumer_device_13_data_user_12,2.086885078428633
2024-10-06_consumer_device_13_data_user_12,2.1761296118892144
2024-10-07_consumer_device_13_data_user_12,2.3466315360878056
2024-10-08_consumer_device_13_data_user_12,2.509841470685587
2024-10-09_consumer_device_13_data_user_12,2.606348281053375
2024-10-10_consumer_device_13_data_user_12,2.6829808140932982
2024-10-11_consumer_device_13_data_user_12,2.7513900086713994
2024-10-12_consumer_device_13_data_user_12,2.5238816609966404
2024-10-13_consumer_device_13_data_user_12,2.3498496690439516
2024-10-14_consumer_device_13_data_user_12,2.1919451690307055
2024-10-15_consumer_device_13_data_user_12,2.2037009549888396
2024-10-16_consumer_device_13_data_user_12,2.113576425251555
2024-10-17_consumer_device_13_data_user_12,2.044224361409693
2024-10-18_consumer_device_13_data_user_12,2.0892496819586683
2024-10-19_consumer_device_13_data_user_12,2.135151039368523
2024-10-20_consumer_device_13_data_user_12,2.2566937466170596
2024-10-21_consumer_device_13_data_user_12,1.9423524975875992
2024-10-22_consumer_device_13_data_user_12,2.006505674547617
2024-10-23_consumer_device_13_data_user_12,2.061895499148522
2024-10-24_consumer_device_13_data_user_12,2.180189459445442
2024-09-24_consumer_device_13_data_user_13,1.0184334000198003
2024-09-25_consumer_device_13_data_user_13,1.3844044549006178
2024-09-26_consumer_device_13_data_user_13,1.6445017139565266
2024-09-27_consumer_device_13_data_user_13,1.847189953140605
2024-09-28_consumer_device_13_data_user_13,1.9212712747642136
2024-09-29_consumer_device_13_data_user_13,2.0875760545774544
2024-09-30_consumer_device_13_data_user_13,2.2685090108433896
2024-10-01_consumer_device_13_data_user_13,2.382858588341567
2024-10-02_consumer_device_13_data_user_13,2.5248449970080427
2024-10-03_consumer_device_13_data_user_13,2.6648705430377655
2024-10-04_consumer_device_13_data_user_13,2.878647992111153
2024-10-05_consumer_device_13_data_user_13,3.0962358589618004
2024-10-06_consumer_device_13_data_user_13,3.2100371928564058
2024-10-07_consumer_device_13_data_user_13,3.4115194092223264
2024-10-08_consumer_device_13_data_user_13,3.6100641252487238
2024-10-09_consumer_device_13_data_user_13,3.7289920292827046
2024-10-10_consumer_device_13_data_user_13,3.820953580000739
2024-10-11_consumer_device_13_data_user_13,3.9019327831027883
2024-10-12_consumer_device_13_data_user_13,3.6621454528104174
2024-10-13_consumer_device_13_data_user_13,3.4696608224549093
2024-10-14_consumer_device_13_data_user_13,3.293176993951434
2024-10-15_consumer_device_13_data_user_13,3.3101660030447557
2024-10-16_consumer_device_13_data_user_13,3.2070652925560243
2024-10-17_consumer_device_13_data_user_13,3.1298064686123275
2024-10-18_consumer_device_13_data_user_13,3.184269207702203
2024-10-19_consumer_device_13_data_user_13,3.238470748878207
2024-10-20_consumer_device_13_data_user_13,3.379816229073329
2024-10-21_consumer_device_13_data_user_13,3.0278034458470997
2024-10-22_consumer_device_13_data_user_13,3.1031127874423343
2024-10-23_consumer_device_13_data_user_13,3.167718728638352
2024-10-24_consumer_device_13_data_user_13,3.3049821659665555
2024-09-24_consumer_device_13_data_user_2,0.14664893837487764
2024-09-25_consumer_device_13_data_user_2,0.2035273217332445
2024-09-26_consumer_device_13_data_user_2,0.24411329811792956
2024-09-27_consumer_device_13_data_user_2,0.28122471278414807
2024-09-28_consumer_device_13_data_user_2,0.29459440112693347
2024-09-29_consumer_device_13_data_user_2,0.3240184954696096
2024-09-30_consumer_device_13_data_user_2,0.35950561723968877
2024-10-01_consumer_device_13_data_user_2,0.383367830469929
2024-10-02_consumer_device_13_data_user_2,0.4154264258843061
2024-10-03_consumer_device_13_data_user_2,0.4230607030674477
2024-10-04_consumer_device_13_data_user_2,0.4642765591094141
2024-10-05_consumer_device_13_data_user_2,0.5093222566357077
2024-10-06_consumer_device_13_data_user_2,0.5328638562453679
2024-10-07_consumer_device_13_data_user_2,0.5796414155758025
2024-10-08_consumer_device_13_data_user_2,0.623776427656721
2024-10-09_consumer_device_13_data_user_2,0.6497010131140529
2024-10-10_consumer_device_13_data_user_2,0.6705665125390379
2024-10-11_consumer_device_13_data_user_2,0.6893188908758241
2024-10-12_consumer_device_13_data_user_2,0.6236167787289415
2024-10-13_consumer_device_13_data_user_2,0.5743821761942284
2024-10-14_consumer_device_13_data_user_2,0.5299177391071738
2024-10-15_consumer_device_13_data_user_2,0.5327928735729756
2024-10-16_consumer_device_13_data_user_2,0.5076827595230475
2024-10-17_consumer_device_13_data_user_2,0.4881252290672947
2024-10-18_consumer_device_13_data_user_2,0.5003360151427961
2024-10-19_consumer_device_13_data_user_2,0.5129336832049868
2024-10-20_consumer_device_13_data_user_2,0.5465370793161073
2024-10-21_consumer_device_13_data_user_2,0.4580990039714791
2024-10-22_consumer_device_13_data_user_2,0.4757561363216752
2024-10-23_consumer_device_13_data_user_2,0.491048331562811
2024-10-24_consumer_device_13_data_user_2,0.5237878942297979
2024-09-24_consumer_device_13_data_user_3,0.10847844048485336
2024-09-25_consumer_device_13_data_user_3,0.15050554246039322
2024-09-26_consumer_device_13_data_user_3,0.18046269844524854
2024-09-27_consumer_device_13_data_user_3,0.2067921220150937
2024-09-28_consumer_device_13_data_user_3,0.21630961464594498
2024-09-29_consumer_device_13_data_user_3,0.23735457815976665
2024-09-30_consumer_device_13_data_user_3,0.2621418537263277
2024-10-01_consumer_device_13_data_user_3,0.27858805291810407
2024-10-02_consumer_device_13_data_user_3,0.3003311688476015
2024-10-03_consumer_device_13_data_user_3,0.30872209264963224
2024-10-04_consumer_device_13_data_user_3,0.3376208136243462
2024-10-05_consumer_device_13_data_user_3,0.36871918706873996
2024-10-06_consumer_device_13_data_user_3,0.38497430790246223
2024-10-07_consumer_device_13_data_user_3,0.41652802205571526
2024-10-08_consumer_device_13_data_user_3,0.446554672697588
2024-10-09_consumer_device_13_data_user_3,0.46426181413487577
2024-10-10_consumer_device_13_data_user_3,0.4783997872634844
2024-10-11_consumer_device_13_data_user_3,0.4910554667323523
2024-10-12_consumer_device_13_data_user_3,0.44804332434301497
2024-10-13_consumer_device_13_data_user_3,0.4154245614799596
2024-10-14_consumer_device_13_data_user_3,0.3858859978554132
2024-10-15_consumer_device_13_data_user_3,0.38796472609339605
2024-10-16_consumer_device_13_data_user_3,0.37117965556523647
2024-10-17_consumer_device_13_data_user_3,0.35819832129021767
2024-10-18_consumer_device_13_data_user_3,0.36649159205189874
2024-10-19_consumer_device_13_data_user_3,0.37498752071179364
2024-10-20_consumer_device_13_data_user_3,0.3975520014170183
2024-10-21_consumer_device_13_data_user_3,0.3387708765802222
2024-10-22_consumer_device_13_data_user_3,0.35065894918822965
2024-10-23_consumer_device_13_data_user_3,0.36093611649002655
2024-10-24_consumer_device_13_data_user_3,0.3829069699746369
2024-09-24_consumer_device_13_data_user_4,4.028685920419626
2024-09-25_consumer_device_13_data_user_4,5.470681689360425
2024-09-26_consumer_device_13_data_user_4,6.494938083229697
2024-09-27_consumer_device_13_data_user_4,7.273638324310519
2024-09-28_consumer_device_13_data_user_4,7.558938829320007
2024-09-29_consumer_device_13_data_user_4,8.201502528139853
2024-09-30_consumer_device_13_data_user_4,8.888241452477306
2024-10-01_consumer_device_13_data_user_4,9.317164610233606
2024-10-02_consumer_device_13_data_user_4,9.841123182675343
2024-10-03_consumer_device_13_data_user_4,10.443041641619834
2024-10-04_consumer_device_13_data_user_4,11.256976918683758
2024-10-05_consumer_device_13_data_user_4,12.074424095133601
2024-10-06_consumer_device_13_data_user_4,12.50202336407949
2024-10-07_consumer_device_13_data_user_4,13.240966262900491
2024-10-08_consumer_device_13_data_user_4,13.976100760385139
2024-10-09_consumer_device_13_data_user_4,14.418264539866746
2024-10-10_consumer_device_13_data_user_4,14.757259492037456
2024-10-11_consumer_device_13_data_user_4,15.054425194909282
2024-10-12_consumer_device_13_data_user_4,14.210633941068243
2024-10-13_consumer_device_13_data_user_4,13.52083986171102
2024-10-14_consumer_device_13_data_user_4,12.885980243222257
2024-10-15_consumer_device_13_data_user_4,12.95208624775458
2024-10-16_consumer_device_13_data_user_4,12.578129841761793
2024-10-17_consumer_device_13_data_user_4,12.300537621121869
2024-10-18_consumer_device_13_data_user_4,12.501822227129656
2024-10-19_consumer_device_13_data_user_4,12.700559029216087
2024-10-20_consumer_device_13_data_user_4,13.216150357565915
2024-10-21_consumer_device_13_data_user_4,11.948977130359902
2024-10-22_consumer_device_13_data_user_4,12.224562918281304
2024-10-23_consumer_device_13_data_user_4,12.460467167243044
2024-10-24_consumer_device_13_data_user_4,12.960789465424275
2024-09-24_consumer_device_13_data_user_5,1.4662661320928216
2024-09-25_consumer_device_13_data_user_5,2.032551824908688
2024-09-26_consumer_device_13_data_user_5,2.4349981064468587
2024-09-27_consumer_device_13_data_user_5,2.748092630138612
2024-09-28_consumer_device_13_data_user_5,2.8625453205194322
2024-09-29_consumer_device_13_data_user_5,3.11953582705649
2024-09-30_consumer_device_13_data_user_5,3.398799644559018
2024-10-01_consumer_device_13_data_user_5,3.5751574264726598
2024-10-02_consumer_device_13_data_user_5,3.7939068274415018
2024-10-03_consumer_device_13_data_user_5,4.011923665285491
2024-10-04_consumer_device_13_data_user_5,4.341949887203632
2024-10-05_consumer_device_13_data_user_5,4.677563215711627
2024-10-06_consumer_device_13_data_user_5,4.853095135722602
2024-10-07_consumer_device_13_data_user_5,5.16338325287205
2024-10-08_consumer_device_13_data_user_5,5.469334622892601
2024-10-09_consumer_device_13_data_user_5,5.652647782885962
2024-10-10_consumer_device_13_data_user_5,5.794317359370466
2024-10-11_consumer_device_13_data_user_5,5.919032156627127
2024-10-12_consumer_device_13_data_user_5,5.550710347985026
2024-10-13_consumer_device_13_data_user_5,5.254712554312642
2024-10-14_consumer_device_13_data_user_5,4.983255731482651
2024-10-15_consumer_device_13_data_user_5,5.00952129246754
2024-10-16_consumer_device_13_data_user_5,4.850855362830849
2024-10-17_consumer_device_13_data_user_5,4.732029304026793
2024-10-18_consumer_device_13_data_user_5,4.815944792884123
2024-10-19_consumer_device_13_data_user_5,4.899415325435268
2024-10-20_consumer_device_13_data_user_5,5.1170160690525694
2024-10-21_consumer_device_13_data_user_5,4.575547275756339
2024-10-22_consumer_device_13_data_user_5,4.691509232277207
2024-10-23_consumer_device_13_data_user_5,4.790976205007705
2024-10-24_consumer_device_13_data_user_5,5.0022824866715
2024-09-24_consumer_device_13_data_user_6,1.4969467888065466
2024-09-25_consumer_device_13_data_user_6,2.0750678630919532
2024-09-26_consumer_device_13_data_user_6,2.485915923702595
2024-09-27_consumer_device_13_data_user_6,2.8052306523449704
2024-09-28_consumer_device_13_data_user_6,2.921968381232561
2024-09-29_consumer_device_13_data_user_6,3.1841237222761194
2024-09-30_consumer_device_13_data_user_6,3.4687993817253933
2024-10-01_consumer_device_13_data_user_6,3.6484918803692716
2024-10-02_consumer_device_13_data_user_6,3.871237044858378
2024-10-03_consumer_device_13_data_user_6,4.094625068088052
2024-10-04_consumer_device_13_data_user_6,4.431088080522103
2024-10-05_consumer_device_13_data_user_6,4.7730682883662086
2024-10-06_consumer_device_13_data_user_6,4.9519312381210705
2024-10-07_consumer_device_13_data_user_6,5.267812749428771
2024-10-08_consumer_device_13_data_user_6,5.579392920560998
2024-10-09_consumer_device_13_data_user_6,5.766108276675175
2024-10-10_consumer_device_13_data_user_6,5.910359748574635
2024-10-11_consumer_device_13_data_user_6,6.037325511532635
2024-10-12_consumer_device_13_data_user_6,5.662945325428695
2024-10-13_consumer_device_13_data_user_6,5.361875109297422
2024-10-14_consumer_device_13_data_user_6,5.085727112522993
2024-10-15_consumer_device_13_data_user_6,5.112528089036373
2024-10-16_consumer_device_13_data_user_6,4.951069961890406
2024-10-17_consumer_device_13_data_user_6,4.830195776852305
2024-10-18_consumer_device_13_data_user_6,4.9156490889019056
2024-10-19_consumer_device_13_data_user_6,5.000623496769866
2024-10-20_consumer_device_13_data_user_6,5.222101180248032
2024-10-21_consumer_device_13_data_user_6,4.671260494059392
2024-10-22_consumer_device_13_data_user_6,4.789302823803793
2024-10-23_consumer_device_13_data_user_6,4.890545869221834
2024-10-24_consumer_device_13_data_user_6,5.105610764236913
2024-09-24_consumer_device_13_data_user_7,1.794366480076358
2024-09-25_consumer_device_13_data_user_7,2.445033680350635
2024-09-26_consumer_device_13_data_user_7,2.9075777856771157
2024-09-27_consumer_device_13_data_user_7,3.2718146278814575
2024-09-28_consumer_device_13_data_user_7,3.404806825976024
2024-09-29_consumer_device_13_data_user_7,3.702953352598418
2024-09-30_consumer_device_13_data_user_7,4.029724048520338
2024-10-01_consumer_device_13_data_user_7,4.237233372786602
2024-10-02_consumer_device_13_data_user_7,4.496572250225396
2024-10-03_consumer_device_13_data_user_7,4.735771838484394
2024-10-04_consumer_device_13_data_user_7,5.12136832412508
2024-10-05_consumer_device_13_data_user_7,5.515974809141125
2024-10-06_consumer_device_13_data_user_7,5.722346866699587
2024-10-07_consumer_device_13_data_user_7,6.0912427713836905
2024-10-08_consumer_device_13_data_user_7,6.453406736055805
2024-10-09_consumer_device_13_data_user_7,6.6699886130338975
2024-10-10_consumer_device_13_data_user_7,6.838027150688075
2024-10-11_consumer_device_13_data_user_7,6.986259451049295
2024-10-12_consumer_device_13_data_user_7,6.540304290802816
2024-10-13_consumer_device_13_data_user_7,6.184743444330666
2024-10-14_consumer_device_13_data_user_7,5.859207254703664
2024-10-15_consumer_device_13_data_user_7,5.889574425267744
2024-10-16_consumer_device_13_data_user_7,5.699996016466098
2024-10-17_consumer_device_13_data_user_7,5.557423126149503
2024-10-18_consumer_device_13_data_user_7,5.6568401017736285
2024-10-19_consumer_device_13_data_user_7,5.756087834082757
2024-10-20_consumer_device_13_data_user_7,6.015422554658826
2024-10-21_consumer_device_13_data_user_7,5.3662842661898065
2024-10-22_consumer_device_13_data_user_7,5.504288219928669
2024-10-23_consumer_device_13_data_user_7,5.62277808641559
2024-10-24_consumer_device_13_data_user_7,5.874696867736666
2024-09-24_consumer_device_13_data_user_8,0.6988094491371268
2024-09-25_consumer_device_13_data_user_8,0.9692723769285989
2024-09-26_consumer_device_13_data_user_8,1.1618755179854199
2024-09-27_consumer_device_13_data_user_8,1.3249425120815195
2024-09-28_consumer_device_13_data_user_8,1.3840827320954467
2024-09-29_consumer_device_13_data_user_8,1.5154515390766095
2024-09-30_consumer_device_13_data_user_8,1.6665978923961755
2024-10-01_consumer_device_13_data_user_8,1.7655163630268
2024-10-02_consumer_device_13_data_user_8,1.8940901641639298
2024-10-03_consumer_device_13_data_user_8,1.9641426144509024
2024-10-04_consumer_device_13_data_user_8,2.1410387759475773
2024-10-05_consumer_device_13_data_user_8,2.328411903161776
2024-10-06_consumer_device_13_data_user_8,2.426368181709121
2024-10-07_consumer_device_13_data_user_8,2.6118596418035764
2024-10-08_consumer_device_13_data_user_8,2.7900076294458054
2024-10-09_consumer_device_13_data_user_8,2.8955059489917554
2024-10-10_consumer_device_13_data_user_8,2.979021405569993
2024-10-11_consumer_device_13_data_user_8,3.053459273634441
2024-10-12_consumer_device_13_data_user_8,2.8089663894829195
2024-10-13_consumer_device_13_data_user_8,2.621001606476793
2024-10-14_consumer_device_13_data_user_8,2.4502647951473393
2024-10-15_consumer_device_13_data_user_8,2.4633756022575253
2024-10-16_consumer_device_13_data_user_8,2.365680752246492
2024-10-17_consumer_device_13_data_user_8,2.2907190023684367
2024-10-18_consumer_device_13_data_user_8,2.3398331032602893
2024-10-19_consumer_device_13_data_user_8,2.389765675961416
2024-10-20_consumer_device_13_data_user_8,2.521756855594358
2024-10-21_consumer_device_13_data_user_8,2.18179909265568
2024-10-22_consumer_device_13_data_user_8,2.2515402857860556
2024-10-23_consumer_device_13_data_user_8,2.3117116043771384
2024-10-24_consumer_device_13_data_user_8,2.4401432005262778
2024-09-24_consumer_device_13_data_user_9,0.729570507017087
2024-09-25_consumer_device_13_data_user_9,1.0118352443032046
2024-09-26_consumer_device_13_data_user_9,1.2127724149377237
2024-09-27_consumer_device_13_data_user_9,1.3805235129095819
2024-09-28_consumer_device_13_data_user_9,1.441439895681678
2024-09-29_consumer_device_13_data_user_9,1.576990609209838
2024-09-30_consumer_device_13_data_user_9,1.731539472875059
2024-10-01_consumer_device_13_data_user_9,1.8321347725798591
2024-10-02_consumer_device_13_data_user_9,1.9619886707064882
2024-10-03_consumer_device_13_data_user_9,2.04122108921973
2024-10-04_consumer_device_13_data_user_9,2.2223728745348064
2024-10-05_consumer_device_13_data_user_9,2.4130555943478877
2024-10-06_consumer_device_13_data_user_9,2.512748742117817
2024-10-07_consumer_device_13_data_user_9,2.6996322418129233
2024-10-08_consumer_device_13_data_user_9,2.8797992539407304
2024-10-09_consumer_device_13_data_user_9,2.9866760694559082
2024-10-10_consumer_device_13_data_user_9,3.0709869964503964
2024-10-11_consumer_device_13_data_user_9,3.1460003074152567
2024-10-12_consumer_device_13_data_user_9,2.903162600756162
2024-10-13_consumer_device_13_data_user_9,2.7153688059190317
2024-10-14_consumer_device_13_data_user_9,2.544565122169644
2024-10-15_consumer_device_13_data_user_9,2.5581462894536506
2024-10-16_consumer_device_13_data_user_9,2.4601265536826444
2024-10-17_consumer_device_13_data_user_9,2.385166055115007
2024-10-18_consumer_device_13_data_user_9,2.4347996170869175
2024-10-19_consumer_device_13_data_user_9,2.4851020957806176
2024-10-20_consumer_device_13_data_user_9,2.6178097989769884
2024-10-21_consumer_device_13_data_user_9,2.277636041915126
2024-10-22_consumer_device_13_data_user_9,2.3478405052193825
2024-10-23_consumer_device_13_data_user_9,2.4083615124758184
2024-10-24_consumer_device_13_data_user_9,2.5374537353086084
2024-09-24_consumer_device_16_data_user_1,7.337392962907158
2024-09-25_consumer_device_16_data_user_1,6.5394480753166135
2024-09-26_consumer_device_16_data_user_1,5.977529974117219
2024-09-27_consumer_device_16_data_user_1,5.714868474559593
2024-09-28_consumer_device_16_data_user_1,5.612658164878059
2024-09-29_consumer_device_16_data_user_1,5.3643708829053836
2024-09-30_consumer_device_16_data_user_1,5.2052840379350656
2024-10-01_consumer_device_16_data_user_1,5.150576210289265
2024-10-02_consumer_device_16_data_user_1,5.160270921086256
2024-10-03_consumer_device_16_data_user_1,4.403500821615222
2024-10-04_consumer_device_16_data_user_1,4.192745185664836
2024-10-05_consumer_device_16_data_user_1,4.077140063169635
2024-10-06_consumer_device_16_data_user_1,4.016105177503443
2024-10-07_consumer_device_16_data_user_1,4.070944221744429
2024-10-08_consumer_device_16_data_user_1,4.0623342175477966
2024-10-09_consumer_device_16_data_user_1,4.040809434361629
2024-10-10_consumer_device_16_data_user_1,4.0503426244304075
2024-10-11_consumer_device_16_data_user_1,4.070838831654279
2024-10-12_consumer_device_16_data_user_1,3.6850220165421805
2024-10-13_consumer_device_16_data_user_1,3.487364990856231
2024-10-14_consumer_device_16_data_user_1,3.327785258134286
2024-10-15_consumer_device_16_data_user_1,3.2982444386406113
2024-10-16_consumer_device_16_data_user_1,3.2326831296854452
2024-10-17_consumer_device_16_data_user_1,3.159869799317454
2024-10-18_consumer_device_16_data_user_1,3.1608352937608424
2024-10-19_consumer_device_16_data_user_1,3.176030301612287
2024-10-20_consumer_device_16_data_user_1,3.2396696200603063
2024-10-21_consumer_device_16_data_user_1,2.929369405505615
2024-10-22_consumer_device_16_data_user_1,2.955387959660171
2024-10-23_consumer_device_16_data_user_1,2.9823291982068887
2024-10-24_consumer_device_16_data_user_1,3.0475379522814303
2024-09-24_consumer_device_16_data_user_10,0.2131103813685919
2024-09-25_consumer_device_16_data_user_10,0.18685391130913465
2024-09-26_consumer_device_16_data_user_10,0.16835617343802628
2024-09-27_consumer_device_16_data_user_10,0.1594450682249984
2024-09-28_consumer_device_16_data_user_10,0.15599309054831909
2024-09-29_consumer_device_16_data_user_10,0.1476521462145411
2024-09-30_consumer_device_16_data_user_10,0.14206518771220442
2024-10-01_consumer_device_16_data_user_10,0.13997386620744007
2024-10-02_consumer_device_16_data_user_10,0.13981521855645815
2024-10-03_consumer_device_16_data_user_10,0.11558902781409139
2024-10-04_consumer_device_16_data_user_10,0.10827206478885645
2024-10-05_consumer_device_16_data_user_10,0.10393126065101363
2024-10-06_consumer_device_16_data_user_10,0.10164300053170354
2024-10-07_consumer_device_16_data_user_10,0.10270822293716614
2024-10-08_consumer_device_16_data_user_10,0.10179015228135319
2024-10-09_consumer_device_16_data_user_10,0.10072614484371054
2024-10-10_consumer_device_16_data_user_10,0.10072560145024566
2024-10-11_consumer_device_16_data_user_10,0.10110521974571414
2024-10-12_consumer_device_16_data_user_10,0.08976924515971806
2024-10-13_consumer_device_16_data_user_10,0.08418889471753532
2024-10-14_consumer_device_16_data_user_10,0.07975232279876943
2024-10-15_consumer_device_16_data_user_10,0.07876905650412738
2024-10-16_consumer_device_16_data_user_10,0.07704614447892838
2024-10-17_consumer_device_16_data_user_10,0.07501115891084403
2024-10-18_consumer_device_16_data_user_10,0.07486383066446176
2024-10-19_consumer_device_16_data_user_10,0.07516429006850434
2024-10-20_consumer_device_16_data_user_10,0.07670208250319707
2024-10-21_consumer_device_16_data_user_10,0.06810408467993599
2024-10-22_consumer_device_16_data_user_10,0.06867564938052027
2024-10-23_consumer_device_16_data_user_10,0.06931110844928587
2024-10-24_consumer_device_16_data_user_10,0.07091151071074044
2024-09-24_consumer_device_16_data_user_11,4.050965581973731
2024-09-25_consumer_device_16_data_user_11,3.698063872279123
2024-09-26_consumer_device_16_data_user_11,3.4497923837793305
2024-09-27_consumer_device_16_data_user_11,3.3420717153473976
2024-09-28_consumer_device_16_data_user_11,3.2996619032338197
2024-09-29_consumer_device_16_data_user_11,3.195238612730578
2024-09-30_consumer_device_16_data_user_11,3.1359698220210372
2024-10-01_consumer_device_16_data_user_11,3.12094225653425
2024-10-02_consumer_device_16_data_user_11,3.1402699522400788
2024-10-03_consumer_device_16_data_user_11,2.784311147453894
2024-10-04_consumer_device_16_data_user_11,2.7031306364316574
2024-10-05_consumer_device_16_data_user_11,2.6689053262185958
2024-10-06_consumer_device_16_data_user_11,2.650725176582806
2024-10-07_consumer_device_16_data_user_11,2.6982559686294634
2024-10-08_consumer_device_16_data_user_11,2.7144349719135032
2024-10-09_consumer_device_16_data_user_11,2.7161164411648433
2024-10-10_consumer_device_16_data_user_11,2.730227051431388
2024-10-11_consumer_device_16_data_user_11,2.7485746420276898
2024-10-12_consumer_device_16_data_user_11,2.5351388550460494
2024-10-13_consumer_device_16_data_user_11,2.418641327124361
2024-10-14_consumer_device_16_data_user_11,2.3224211336043754
2024-10-15_consumer_device_16_data_user_11,2.309709671755649
2024-10-16_consumer_device_16_data_user_11,2.2670364645077403
2024-10-17_consumer_device_16_data_user_11,2.2234685478917484
2024-10-18_consumer_device_16_data_user_11,2.2295348879567025
2024-10-19_consumer_device_16_data_user_11,2.242537901438577
2024-10-20_consumer_device_16_data_user_11,2.2881986554097717
2024-10-21_consumer_device_16_data_user_11,2.100191797353099
2024-10-22_consumer_device_16_data_user_11,2.120659510217025
2024-10-23_consumer_device_16_data_user_11,2.1404794135364806
2024-10-24_consumer_device_16_data_user_11,2.1864889369518
2024-09-24_consumer_device_16_data_user_12,8.717332023332595
2024-09-25_consumer_device_16_data_user_12,7.872898249918318
2024-09-26_consumer_device_16_data_user_12,7.278439533213146
2024-09-27_consumer_device_16_data_user_12,7.007292321382028
2024-09-28_consumer_device_16_data_user_12,6.901382670462212
2024-09-29_consumer_device_16_data_user_12,6.642977085058404
2024-09-30_consumer_device_16_data_user_12,6.483573741641749
2024-10-01_consumer_device_16_data_user_12,6.433079253544184
2024-10-02_consumer_device_16_data_user_12,6.455479951271718
2024-10-03_consumer_device_16_data_user_12,5.637451816014572
2024-10-04_consumer_device_16_data_user_12,5.424127823183238
2024-10-05_consumer_device_16_data_user_12,5.315432138867572
2024-10-06_consumer_device_16_data_user_12,5.257955915886139
2024-10-07_consumer_device_16_data_user_12,5.334780777829716
2024-10-08_consumer_device_16_data_user_12,5.34180364627355
2024-10-09_consumer_device_16_data_user_12,5.328066937235161
2024-10-10_consumer_device_16_data_user_12,5.346142856819795
2024-10-11_consumer_device_16_data_user_12,5.375326823639108
2024-10-12_consumer_device_16_data_user_12,4.932478982213025
2024-10-13_consumer_device_16_data_user_12,4.699830482178142
2024-10-14_consumer_device_16_data_user_12,4.5102523378968815
2024-10-15_consumer_device_16_data_user_12,4.479275696577915
2024-10-16_consumer_device_16_data_user_12,4.398853237088527
2024-10-17_consumer_device_16_data_user_12,4.312623097966278
2024-10-18_consumer_device_16_data_user_12,4.318197220420468
2024-10-19_consumer_device_16_data_user_12,4.3393493324529695
2024-10-20_consumer_device_16_data_user_12,4.420835720500626
2024-10-21_consumer_device_16_data_user_12,4.051470894614257
2024-10-22_consumer_device_16_data_user_12,4.086238840140385
2024-10-23_consumer_device_16_data_user_12,4.121130863867703
2024-10-24_consumer_device_16_data_user_12,4.203999351601993
2024-09-24_consumer_device_16_data_user_13,0.12467748379209512
2024-09-25_consumer_device_16_data_user_13,0.11414123404710716
2024-09-26_consumer_device_16_data_user_13,0.10672818281562953
2024-09-27_consumer_device_16_data_user_13,0.10348972679243412
2024-09-28_consumer_device_16_data_user_13,0.10221614519240188
2024-09-29_consumer_device_16_data_user_13,0.09908423124836602
2024-09-30_consumer_device_16_data_user_13,0.09728535981045275
2024-10-01_consumer_device_16_data_user_13,0.09681244093302321
2024-10-02_consumer_device_16_data_user_13,0.09734969761710038
2024-10-03_consumer_device_16_data_user_13,0.08677844220068062
2024-10-04_consumer_device_16_data_user_13,0.08432288780441781
2024-10-05_consumer_device_16_data_user_13,0.08325633579170125
2024-10-06_consumer_device_16_data_user_13,0.08269023075165637
2024-10-07_consumer_device_16_data_user_13,0.08404772645998909
2024-10-08_consumer_device_16_data_user_13,0.08447788774632124
2024-10-09_consumer_device_16_data_user_13,0.08449845478624322
2024-10-10_consumer_device_16_data_user_13,0.08489356389394748
2024-10-11_consumer_device_16_data_user_13,0.08541679049898701
2024-10-12_consumer_device_16_data_user_13,0.0791576871588668
2024-10-13_consumer_device_16_data_user_13,0.0757564720896686
2024-10-14_consumer_device_16_data_user_13,0.07295156431461895
2024-10-15_consumer_device_16_data_user_13,0.07257111543673572
2024-10-16_consumer_device_16_data_user_13,0.07133324999176403
2024-10-17_consumer_device_16_data_user_13,0.07006255358091233
2024-10-18_consumer_device_16_data_user_13,0.07022875038456916
2024-10-19_consumer_device_16_data_user_13,0.0706003463538988
2024-10-20_consumer_device_16_data_user_13,0.07191725497727378
2024-10-21_consumer_device_16_data_user_13,0.06643844344697927
2024-10-22_consumer_device_16_data_user_13,0.06702582099593822
2024-10-23_consumer_device_16_data_user_13,0.06759665107664024
2024-10-24_consumer_device_16_data_user_13,0.06892488623555029
2024-09-24_consumer_device_16_data_user_2,9.074928617816193
2024-09-25_consumer_device_16_data_user_2,8.096235821074185
2024-09-26_consumer_device_16_data_user_2,7.407019130854438
2024-09-27_consumer_device_16_data_user_2,7.084351847763804
2024-09-28_consumer_device_16_data_user_2,6.958820931007477
2024-09-29_consumer_device_16_data_user_2,6.653968127327608
2024-09-30_consumer_device_16_data_user_2,6.458177639098432
2024-10-01_consumer_device_16_data_user_2,6.390525496068365
2024-10-02_consumer_device_16_data_user_2,6.401510515190614
2024-10-03_consumer_device_16_data_user_2,5.474599987036484
2024-10-04_consumer_device_16_data_user_2,5.215380284002481
2024-10-05_consumer_device_16_data_user_2,5.072570795374652
2024-10-06_consumer_device_16_data_user_2,4.997179748809951
2024-10-07_consumer_device_16_data_user_2,5.063038997377623
2024-10-08_consumer_device_16_data_user_2,5.051275081821647
2024-10-09_consumer_device_16_data_user_2,5.0242000497902
2024-10-10_consumer_device_16_data_user_2,5.035296829614139
2024-10-11_consumer_device_16_data_user_2,5.059876761784109
2024-10-12_consumer_device_16_data_user_2,4.5892435496728785
2024-10-13_consumer_device_16_data_user_2,4.3485651392422975
2024-10-14_consumer_device_16_data_user_2,4.154382184398397
2024-10-15_consumer_device_16_data_user_2,4.11812859448919
2024-10-16_consumer_device_16_data_user_2,4.038540222126847
2024-10-17_consumer_device_16_data_user_2,3.9499178605463188
2024-10-18_consumer_device_16_data_user_2,3.9507624575334406
2024-10-19_consumer_device_16_data_user_2,3.969021041336792
2024-10-20_consumer_device_16_data_user_2,4.046020963334469
2024-10-21_consumer_device_16_data_user_2,3.6684900359436816
2024-10-22_consumer_device_16_data_user_2,3.699862622570659
2024-10-23_consumer_device_16_data_user_2,3.7324304816073437
2024-10-24_consumer_device_16_data_user_2,3.8113761386033915
2024-09-24_consumer_device_16_data_user_3,4.1113215596294
2024-09-25_consumer_device_16_data_user_3,3.699431265909225
2024-09-26_consumer_device_16_data_user_3,3.4094964435303883
2024-09-27_consumer_device_16_data_user_3,3.2780993397673486
2024-09-28_consumer_device_16_data_user_3,3.2267244344921195
2024-09-29_consumer_device_16_data_user_3,3.101230492828977
2024-09-30_consumer_device_16_data_user_3,3.0246083255514566
2024-10-01_consumer_device_16_data_user_3,3.0009128841802255
2024-10-02_consumer_device_16_data_user_3,3.013372070039802
2024-10-03_consumer_device_16_data_user_3,2.612194283347528
2024-10-04_consumer_device_16_data_user_3,2.5093669335212176
2024-10-05_consumer_device_16_data_user_3,2.458070921094807
2024-10-06_consumer_device_16_data_user_3,2.430933878351443
2024-10-07_consumer_device_16_data_user_3,2.470779089826493
2024-10-08_consumer_device_16_data_user_3,2.4762415596188436
2024-10-09_consumer_device_16_data_user_3,2.470682724973993
2024-10-10_consumer_device_16_data_user_3,2.4805080023190422
2024-10-11_consumer_device_16_data_user_3,2.495689137131659
2024-10-12_consumer_device_16_data_user_3,2.2753186206991973
2024-10-13_consumer_device_16_data_user_3,2.1588757002040415
2024-10-14_consumer_device_16_data_user_3,2.0637915384990952
2024-10-15_consumer_device_16_data_user_3,2.0487180432479586
2024-10-16_consumer_device_16_data_user_3,2.008096354284443
2024-10-17_consumer_device_16_data_user_3,1.9648775303549975
2024-10-18_consumer_device_16_data_user_3,1.968171145713754
2024-10-19_consumer_device_16_data_user_3,1.9791288314333138
2024-10-20_consumer_device_16_data_user_3,2.020660571296886
2024-10-21_consumer_device_16_data_user_3,1.8353207658883914
2024-10-22_consumer_device_16_data_user_3,1.853192766313932
2024-10-23_consumer_device_16_data_user_3,1.871017680999178
2024-10-24_consumer_device_16_data_user_3,1.9131883750363605
2024-09-24_consumer_device_16_data_user_4,0.22473659696771375
2024-09-25_consumer_device_16_data_user_4,0.19710759414206624
2024-09-26_consumer_device_16_data_user_4,0.17764331812271816
2024-09-27_consumer_device_16_data_user_4,0.16828070891625774
2024-09-28_consumer_device_16_data_user_4,0.1646530187952654
2024-09-29_consumer_device_16_data_user_4,0.15588518808134103
2024-09-30_consumer_device_16_data_user_4,0.15002497546454222
2024-10-01_consumer_device_16_data_user_4,0.14783987322688866
2024-10-02_consumer_device_16_data_user_4,0.1476984285112864
2024-10-03_consumer_device_16_data_user_4,0.12216978362858812
2024-10-04_consumer_device_16_data_user_4,0.114490724726384
2024-10-05_consumer_device_16_data_user_4,0.10995166248986107
2024-10-06_consumer_device_16_data_user_4,0.10755872614055115
2024-10-07_consumer_device_16_data_user_4,0.10871909230987867
2024-10-08_consumer_device_16_data_user_4,0.10778691233435612
2024-10-09_consumer_device_16_data_user_4,0.1066862730879583
2024-10-10_consumer_device_16_data_user_4,0.10670247442593728
2024-10-11_consumer_device_16_data_user_4,0.10711767333308053
2024-10-12_consumer_device_16_data_user_4,0.09511656074497882
2024-10-13_consumer_device_16_data_user_4,0.08919520408103113
2024-10-14_consumer_device_16_data_user_4,0.08448324259333075
2024-10-15_consumer_device_16_data_user_4,0.08344917597454779
2024-10-16_consumer_device_16_data_user_4,0.08161301348650712
2024-10-17_consumer_device_16_data_user_4,0.0794523844299252
2024-10-18_consumer_device_16_data_user_4,0.07930691459592926
2024-10-19_consumer_device_16_data_user_4,0.07963373093669136
2024-10-20_consumer_device_16_data_user_4,0.08128160236932051
2024-10-21_consumer_device_16_data_user_4,0.072148082136806
2024-10-22_consumer_device_16_data_user_4,0.07276471505869969
2024-10-23_consumer_device_16_data_user_4,0.0734467924314813
2024-10-24_consumer_device_16_data_user_4,0.07515996114775081
2024-09-24_consumer_device_16_data_user_5,3.583461234732408
2024-09-25_consumer_device_16_data_user_5,3.198024720825172
2024-09-26_consumer_device_16_data_user_5,2.9266116688145045
2024-09-27_consumer_device_16_data_user_5,2.8002174038254477
2024-09-28_consumer_device_16_data_user_5,2.7510051788233243
2024-09-29_consumer_device_16_data_user_5,2.6313799678740173
2024-09-30_consumer_device_16_data_user_5,2.5551666201618963
2024-10-01_consumer_device_16_data_user_5,2.529262727462275
2024-10-02_consumer_device_16_data_user_5,2.5348019708873077
2024-10-03_consumer_device_16_data_user_5,2.1680434829147077
2024-10-04_consumer_device_16_data_user_5,2.066925714772543
2024-10-05_consumer_device_16_data_user_5,2.012046610429384
2024-10-06_consumer_device_16_data_user_5,1.9830663414088308
2024-10-07_consumer_device_16_data_user_5,2.010880963741014
2024-10-08_consumer_device_16_data_user_5,2.0078600203839145
2024-10-09_consumer_device_16_data_user_5,1.9981005259432114
2024-10-10_consumer_device_16_data_user_5,2.003268768631731
2024-10-11_consumer_device_16_data_user_5,2.0136977282245088
2024-10-12_consumer_device_16_data_user_5,1.8248970153353081
2024-10-13_consumer_device_16_data_user_5,1.7277656519514408
2024-10-14_consumer_device_16_data_user_5,1.6492227137066517
2024-10-15_consumer_device_16_data_user_5,1.6349735386215267
2024-10-16_consumer_device_16_data_user_5,1.6025262506476186
2024-10-17_consumer_device_16_data_user_5,1.5667076447651676
2024-10-18_consumer_device_16_data_user_5,1.5674951034239086
2024-10-19_consumer_device_16_data_user_5,1.5751925748404916
2024-10-20_consumer_device_16_data_user_5,1.6069299728911697
2024-10-21_consumer_device_16_data_user_5,1.4541527840489732
2024-10-22_consumer_device_16_data_user_5,1.4672308930723759
2024-10-23_consumer_device_16_data_user_5,1.480694573269991
2024-10-24_consumer_device_16_data_user_5,1.5131704035693152
2024-09-24_consumer_device_16_data_user_6,7.9221654035810225
2024-09-25_consumer_device_16_data_user_6,6.991051120312363
2024-09-26_consumer_device_16_data_user_6,6.335126465548514
2024-09-27_consumer_device_16_data_user_6,6.020753713523561
2024-09-28_consumer_device_16_data_user_6,5.898879785904122
2024-09-29_consumer_device_16_data_user_6,5.604133704299411
2024-09-30_consumer_device_16_data_user_6,5.408154903334282
2024-10-01_consumer_device_16_data_user_6,5.335767205295243
2024-10-02_consumer_device_16_data_user_6,5.3330537186173155
2024-10-03_consumer_device_16_data_user_6,4.469819363981037
2024-10-04_consumer_device_16_data_user_6,4.212672591236546
2024-10-05_consumer_device_16_data_user_6,4.062010977405927
2024-10-06_consumer_device_16_data_user_6,3.982570765351564
2024-10-07_consumer_device_16_data_user_6,4.024853681374007
2024-10-08_consumer_device_16_data_user_6,3.9961672765503775
2024-10-09_consumer_device_16_data_user_6,3.9606042450304972
2024-10-10_consumer_device_16_data_user_6,3.9625010374139884
2024-10-11_consumer_device_16_data_user_6,3.9777608010705334
2024-10-12_consumer_device_16_data_user_6,3.5674724385348737
2024-10-13_consumer_device_16_data_user_6,3.3639489209865907
2024-10-14_consumer_device_16_data_user_6,3.2016520027442805
2024-10-15_consumer_device_16_data_user_6,3.166851566321182
2024-10-16_consumer_device_16_data_user_6,3.103104454752011
2024-10-17_consumer_device_16_data_user_6,3.028738339005876
2024-10-18_consumer_device_16_data_user_6,3.0246058045657604
2024-10-19_consumer_device_16_data_user_6,3.036477451745285
2024-10-20_consumer_device_16_data_user_6,3.0944029488315374
2024-10-21_consumer_device_16_data_user_6,2.7796662262658263
2024-10-22_consumer_device_16_data_user_6,2.801670451067838
2024-10-23_consumer_device_16_data_user_6,2.8257360442334107
2024-10-24_consumer_device_16_data_user_6,2.8858149543155482
2024-09-24_consumer_device_16_data_user_7,2.544129889471071
2024-09-25_consumer_device_16_data_user_7,2.294759699842012
2024-09-26_consumer_device_16_data_user_7,2.1192046998268963
2024-09-27_consumer_device_16_data_user_7,2.038956490934127
2024-09-28_consumer_device_16_data_user_7,2.007622162926085
2024-09-29_consumer_device_16_data_user_7,1.9312003083313596
2024-09-30_consumer_device_16_data_user_7,1.883896255796373
2024-10-01_consumer_device_16_data_user_7,1.8687940921311093
2024-10-02_consumer_device_16_data_user_7,1.875096549651159
2024-10-03_consumer_device_16_data_user_7,1.6339663980815584
2024-10-04_consumer_device_16_data_user_7,1.570719476428758
2024-10-05_consumer_device_16_data_user_7,1.5382690670418622
2024-10-06_consumer_device_16_data_user_7,1.521112491130976
2024-10-07_consumer_device_16_data_user_7,1.543315710210397
2024-10-08_consumer_device_16_data_user_7,1.5449740815601862
2024-10-09_consumer_device_16_data_user_7,1.5406846001894932
2024-10-10_consumer_device_16_data_user_7,1.5458168905026786
2024-10-11_consumer_device_16_data_user_7,1.5542422193738146
2024-10-12_consumer_device_16_data_user_7,1.4243545248707667
2024-10-13_consumer_device_16_data_user_7,1.35625560863262
2024-10-14_consumer_device_16_data_user_7,1.3008043590783123
2024-10-15_consumer_device_16_data_user_7,1.29164928375098
2024-10-16_consumer_device_16_data_user_7,1.2681840659723194
2024-10-17_consumer_device_16_data_user_7,1.2429556971343323
2024-10-18_consumer_device_16_data_user_7,1.2444845444376005
2024-10-19_consumer_device_16_data_user_7,1.2506003572747333
2024-10-20_consumer_device_16_data_user_7,1.2742999758166977
2024-10-21_consumer_device_16_data_user_7,1.1662782827369744
2024-10-22_consumer_device_16_data_user_7,1.17635931852686
2024-10-23_consumer_device_16_data_user_7,1.1864989491304205
2024-10-24_consumer_device_16_data_user_7,1.2106138962576503
2024-09-24_consumer_device_16_data_user_8,1.7349150312615342
2024-09-25_consumer_device_16_data_user_8,1.644983761311929
2024-09-26_consumer_device_16_data_user_8,1.5819568771774908
2024-09-27_consumer_device_16_data_user_8,1.5628412231024804
2024-09-28_consumer_device_16_data_user_8,1.554791544061834
2024-09-29_consumer_device_16_data_user_8,1.5334960936324638
2024-09-30_consumer_device_16_data_user_8,1.5293378871681944
2024-10-01_consumer_device_16_data_user_8,1.5345570127746457
2024-10-02_consumer_device_16_data_user_8,1.5543271517587396
2024-10-03_consumer_device_16_data_user_8,1.4426257886682385
2024-10-04_consumer_device_16_data_user_8,1.4338110248758027
2024-10-05_consumer_device_16_data_user_8,1.4417723729681085
2024-10-06_consumer_device_16_data_user_8,1.4458383561357115
2024-10-07_consumer_device_16_data_user_8,1.4809260515775358
2024-10-08_consumer_device_16_data_user_8,1.5047763748963496
2024-10-09_consumer_device_16_data_user_8,1.5162605167861543
2024-10-10_consumer_device_16_data_user_8,1.5296223304943273
2024-10-11_consumer_device_16_data_user_8,1.5434602513708768
2024-10-12_consumer_device_16_data_user_8,1.4468222122260757
2024-10-13_consumer_device_16_data_user_8,1.3884312328638748
2024-10-14_consumer_device_16_data_user_8,1.3386001189739352
2024-10-15_consumer_device_16_data_user_8,1.3357095784590618
2024-10-16_consumer_device_16_data_user_8,1.31133475917263
2024-10-17_consumer_device_16_data_user_8,1.289014502575183
2024-10-18_consumer_device_16_data_user_8,1.2961265227920595
2024-10-19_consumer_device_16_data_user_8,1.305641368513388
2024-10-20_consumer_device_16_data_user_8,1.3345652581683989
2024-10-21_consumer_device_16_data_user_8,1.236541558590462
2024-10-22_consumer_device_16_data_user_8,1.2506017330945574
2024-10-23_consumer_device_16_data_user_8,1.2634546552246433
2024-10-24_consumer_device_16_data_user_8,1.2921265729105509
2024-09-24_consumer_device_16_data_user_9,0.6397039471618293
2024-09-25_consumer_device_16_data_user_9,0.6077221211034733
2024-09-26_consumer_device_16_data_user_9,0.5853950602880439
2024-09-27_consumer_device_16_data_user_9,0.5816012298886414
2024-09-28_consumer_device_16_data_user_9,0.5797325182897776
2024-09-29_consumer_device_16_data_user_9,0.5740749995963632
2024-09-30_consumer_device_16_data_user_9,0.5765412098608411
2024-10-01_consumer_device_16_data_user_9,0.5816585813675531
2024-10-02_consumer_device_16_data_user_9,0.594039703522831
2024-10-03_consumer_device_16_data_user_9,0.5467502874656088
2024-10-04_consumer_device_16_data_user_9,0.54789472222042
2024-10-05_consumer_device_16_data_user_9,0.5567389095331841
2024-10-06_consumer_device_16_data_user_9,0.5613201348255104
2024-10-07_consumer_device_16_data_user_9,0.5820789466792795
2024-10-08_consumer_device_16_data_user_9,0.5976708649076243
2024-10-09_consumer_device_16_data_user_9,0.6057395939369695
2024-10-10_consumer_device_16_data_user_9,0.6140112389627879
2024-10-11_consumer_device_16_data_user_9,0.6222346433907888
2024-10-12_consumer_device_16_data_user_9,0.5726409054215447
2024-10-13_consumer_device_16_data_user_9,0.5415302880931755
2024-10-14_consumer_device_16_data_user_9,0.5146865060814185
2024-10-15_consumer_device_16_data_user_9,0.5137842604714479
2024-10-16_consumer_device_16_data_user_9,0.5002501988850329
2024-10-17_consumer_device_16_data_user_9,0.4882694741159578
2024-10-18_consumer_device_16_data_user_9,0.4928048270978227
2024-10-19_consumer_device_16_data_user_9,0.4984235979793019
2024-10-20_consumer_device_16_data_user_9,0.5149406026950626
2024-10-21_consumer_device_16_data_user_9,0.46201909189330775
2024-10-22_consumer_device_16_data_user_9,0.4702069126314789
2024-10-23_consumer_device_16_data_user_9,0.47758978534213364
2024-10-24_consumer_device_16_data_user_9,0.49389433316854453
2024-09-24_consumer_device_18_data_user_1,0.16633615708429084
2024-09-25_consumer_device_18_data_user_1,0.1543979866684336
2024-09-26_consumer_device_18_data_user_1,0.14601517768051703
2024-09-27_consumer_device_18_data_user_1,0.14291976900640047
2024-09-28_consumer_device_18_data_user_1,0.14166662346101713
2024-09-29_consumer_device_18_data_user_1,0.13848397622947473
2024-09-30_consumer_device_18_data_user_1,0.13719943713392813
2024-10-01_consumer_device_18_data_user_1,0.13728666600403894
2024-10-02_consumer_device_18_data_user_1,0.1389175916804069
2024-10-03_consumer_device_18_data_user_1,0.12549435558934913
2024-10-04_consumer_device_18_data_user_1,0.12352960863816628
2024-10-05_consumer_device_18_data_user_1,0.12346991115432981
2024-10-06_consumer_device_18_data_user_1,0.12342747117611683
2024-10-07_consumer_device_18_data_user_1,0.12654762164685507
2024-10-08_consumer_device_18_data_user_1,0.12839340691505846
2024-10-09_consumer_device_18_data_user_1,0.12917798083506518
2024-10-10_consumer_device_18_data_user_1,0.13029812648488948
2024-10-11_consumer_device_18_data_user_1,0.13152187255707476
2024-10-12_consumer_device_18_data_user_1,0.12152087907666571
2024-10-13_consumer_device_18_data_user_1,0.1156906434524904
2024-10-14_consumer_device_18_data_user_1,0.11076965996634909
2024-10-15_consumer_device_18_data_user_1,0.1103626053040035
2024-10-16_consumer_device_18_data_user_1,0.10803043273496674
2024-10-17_consumer_device_18_data_user_1,0.10581823378112674
2024-10-18_consumer_device_18_data_user_1,0.10638981583947749
2024-10-19_consumer_device_18_data_user_1,0.10723786044138024
2024-10-20_consumer_device_18_data_user_1,0.10992041000371741
2024-10-21_consumer_device_18_data_user_1,0.10026190718612293
2024-10-22_consumer_device_18_data_user_1,0.10153644133863803
2024-10-23_consumer_device_18_data_user_1,0.10272046456687652
2024-10-24_consumer_device_18_data_user_1,0.10539237745788896
2024-09-24_consumer_device_18_data_user_10,30.151984732231032
2024-09-25_consumer_device_18_data_user_10,27.07666276828121
2024-09-26_consumer_device_18_data_user_10,24.911848580019125
2024-09-27_consumer_device_18_data_user_10,23.928857509143228
2024-09-28_consumer_device_18_data_user_10,23.54463441085068
2024-09-29_consumer_device_18_data_user_10,22.60641877419299
2024-09-30_consumer_device_18_data_user_10,22.031791932868174
2024-10-01_consumer_device_18_data_user_10,21.85277500942852
2024-10-02_consumer_device_18_data_user_10,21.942357618579038
2024-10-03_consumer_device_18_data_user_10,18.951886469497964
2024-10-04_consumer_device_18_data_user_10,18.181387235760127
2024-10-05_consumer_device_18_data_user_10,17.794524199753603
2024-10-06_consumer_device_18_data_user_10,17.589892136314816
2024-10-07_consumer_device_18_data_user_10,17.882063447657114
2024-10-08_consumer_device_18_data_user_10,17.918273880665
2024-10-09_consumer_device_18_data_user_10,17.874206048366766
2024-10-10_consumer_device_18_data_user_10,17.94530061394727
2024-10-11_consumer_device_18_data_user_10,18.056523915105654
2024-10-12_consumer_device_18_data_user_10,16.42095414693759
2024-10-13_consumer_device_18_data_user_10,15.558204876245268
2024-10-14_consumer_device_18_data_user_10,14.854141176825127
2024-10-15_consumer_device_18_data_user_10,14.741516135461907
2024-10-16_consumer_device_18_data_user_10,14.441350318065124
2024-10-17_consumer_device_18_data_user_10,14.12126407468515
2024-10-18_consumer_device_18_data_user_10,14.144564739610239
2024-10-19_consumer_device_18_data_user_10,14.224940854901982
2024-10-20_consumer_device_18_data_user_10,14.5310231473233
2024-10-21_consumer_device_18_data_user_10,13.158829251038947
2024-10-22_consumer_device_18_data_user_10,13.29021727151104
2024-10-23_consumer_device_18_data_user_10,13.42149538881294
2024-10-24_consumer_device_18_data_user_10,13.732427379952858
2024-09-24_consumer_device_18_data_user_11,29.69834835372454
2024-09-25_consumer_device_18_data_user_11,26.67810310110592
2024-09-26_consumer_device_18_data_user_11,24.55211822906862
2024-09-27_consumer_device_18_data_user_11,23.588775778242802
2024-09-28_consumer_device_18_data_user_11,23.212110097587942
2024-09-29_consumer_device_18_data_user_11,22.292000592890602
2024-09-30_consumer_device_18_data_user_11,21.730348973977073
2024-10-01_consumer_device_18_data_user_11,21.556757050132596
2024-10-02_consumer_device_18_data_user_11,21.6483755889327
2024-10-03_consumer_device_18_data_user_11,18.706314045850746
2024-10-04_consumer_device_18_data_user_11,17.952525354993785
2024-10-05_consumer_device_18_data_user_11,17.576681832513465
2024-10-06_consumer_device_18_data_user_11,17.37784774795372
2024-10-07_consumer_device_18_data_user_11,17.670420553536793
2024-10-08_consumer_device_18_data_user_11,17.710820093210224
2024-10-09_consumer_device_18_data_user_11,17.670252584002878
2024-10-10_consumer_device_18_data_user_11,17.74246873779815
2024-10-11_consumer_device_18_data_user_11,17.853946930334118
2024-10-12_consumer_device_18_data_user_11,16.23730894881383
2024-10-13_consumer_device_18_data_user_11,15.382972112187272
2024-10-14_consumer_device_18_data_user_11,14.685310830892677
2024-10-15_consumer_device_18_data_user_11,14.57478834588855
2024-10-16_consumer_device_18_data_user_11,14.27668769971709
2024-10-17_consumer_device_18_data_user_11,13.959583125350552
2024-10-18_consumer_device_18_data_user_11,13.98383143270338
2024-10-19_consumer_device_18_data_user_11,14.064288759754069
2024-10-20_consumer_device_18_data_user_11,14.36912876373616
2024-10-21_consumer_device_18_data_user_11,13.00922091041582
2024-10-22_consumer_device_18_data_user_11,13.140424700118158
2024-10-23_consumer_device_18_data_user_11,13.271264990991062
2024-10-24_consumer_device_18_data_user_11,13.580784254841147
2024-09-24_consumer_device_18_data_user_12,29.510644064192604
2024-09-25_consumer_device_18_data_user_12,26.50561006168691
2024-09-26_consumer_device_18_data_user_12,24.390327844530294
2024-09-27_consumer_device_18_data_user_12,23.431674123723223
2024-09-28_consumer_device_18_data_user_12,23.05685153802243
2024-09-29_consumer_device_18_data_user_12,22.141272110554326
2024-09-30_consumer_device_18_data_user_12,21.582235065251908
2024-10-01_consumer_device_18_data_user_12,21.40934039077444
2024-10-02_consumer_device_18_data_user_12,21.500207065897733
2024-10-03_consumer_device_18_data_user_12,18.573373689086015
2024-10-04_consumer_device_18_data_user_12,17.823149114418893
2024-10-05_consumer_device_18_data_user_12,17.448872101454832
2024-10-06_consumer_device_18_data_user_12,17.250869239498606
2024-10-07_consumer_device_18_data_user_12,17.541519019864594
2024-10-08_consumer_device_18_data_user_12,17.581329130678515
2024-10-09_consumer_device_18_data_user_12,17.540749636745588
2024-10-10_consumer_device_18_data_user_12,17.612411011347522
2024-10-11_consumer_device_18_data_user_12,17.723148493825214
2024-10-12_consumer_device_18_data_user_12,16.115479150761136
2024-10-13_consumer_device_18_data_user_12,15.266006694847242
2024-10-14_consumer_device_18_data_user_12,14.57235433552675
2024-10-15_consumer_device_18_data_user_12,14.462381665593766
2024-10-16_consumer_device_18_data_user_12,14.166046509961582
2024-10-17_consumer_device_18_data_user_12,13.850758480434004
2024-10-18_consumer_device_18_data_user_12,13.874775763762
2024-10-19_consumer_device_18_data_user_12,13.954706548013665
2024-10-20_consumer_device_18_data_user_12,14.257673013221313
2024-10-21_consumer_device_18_data_user_12,12.905594687339757
2024-10-22_consumer_device_18_data_user_12,13.03596464247522
2024-10-23_consumer_device_18_data_user_12,13.165993319204084
2024-10-24_consumer_device_18_data_user_12,13.473622146142802
2024-09-24_consumer_device_18_data_user_13,0.18457861571127088
2024-09-25_consumer_device_18_data_user_13,0.16461073554790917
2024-09-26_consumer_device_18_data_user_13,0.15054851350924298
2024-09-27_consumer_device_18_data_user_13,0.14395116032756955
2024-09-28_consumer_device_18_data_user_13,0.14138533754244598
2024-09-29_consumer_device_18_data_user_13,0.13515655523483988
2024-09-30_consumer_device_18_data_user_13,0.13114340302000205
2024-10-01_consumer_device_18_data_user_13,0.12974781543452008
2024-10-02_consumer_device_18_data_user_13,0.12994682517769535
2024-10-03_consumer_device_18_data_user_13,0.1110709490381539
2024-10-04_consumer_device_18_data_user_13,0.10576210704926083
2024-10-05_consumer_device_18_data_user_13,0.10282019864552014
2024-10-06_consumer_device_18_data_user_13,0.10126730897901548
2024-10-07_consumer_device_18_data_user_13,0.10257214135786108
2024-10-08_consumer_device_18_data_user_13,0.1022987536712573
2024-10-09_consumer_device_18_data_user_13,0.10172764948814687
2024-10-10_consumer_device_18_data_user_13,0.10193753141151923
2024-10-11_consumer_device_18_data_user_13,0.10242352588728743
2024-10-12_consumer_device_18_data_user_13,0.09289285429498315
2024-10-13_consumer_device_18_data_user_13,0.0880309466029088
2024-10-14_consumer_device_18_data_user_13,0.08411192802287301
2024-10-15_consumer_device_18_data_user_13,0.08337167041657476
2024-10-16_consumer_device_18_data_user_13,0.08177069912963059
2024-10-17_consumer_device_18_data_user_13,0.07998154948917978
2024-10-18_consumer_device_18_data_user_13,0.07998936515965398
2024-10-19_consumer_device_18_data_user_13,0.08035139702488117
2024-10-20_consumer_device_18_data_user_13,0.0818931493856556
2024-10-21_consumer_device_18_data_user_13,0.07427531345896266
2024-10-22_consumer_device_18_data_user_13,0.07490043377358031
2024-10-23_consumer_device_18_data_user_13,0.07555170381425366
2024-10-24_consumer_device_18_data_user_13,0.07713373085618962
2024-09-24_consumer_device_18_data_user_2,3.2369783439473934
2024-09-25_consumer_device_18_data_user_2,2.90776450574153
2024-09-26_consumer_device_18_data_user_2,2.6759850024391274
2024-09-27_consumer_device_18_data_user_2,2.5695210366859045
2024-09-28_consumer_device_18_data_user_2,2.527981407674116
2024-09-29_consumer_device_18_data_user_2,2.4267579815024183
2024-09-30_consumer_device_18_data_user_2,2.3636228674266193
2024-10-01_consumer_device_18_data_user_2,2.3431188241732928
2024-10-02_consumer_device_18_data_user_2,2.3505099186571146
2024-10-03_consumer_device_18_data_user_2,2.0334884739327856
2024-10-04_consumer_device_18_data_user_2,1.9492478348885358
2024-10-05_consumer_device_18_data_user_2,1.9053630427513237
2024-10-06_consumer_device_18_data_user_2,1.8821686980618362
2024-10-07_consumer_device_18_data_user_2,1.9100427084450773
2024-10-08_consumer_device_18_data_user_2,1.9109971157659449
2024-10-09_consumer_device_18_data_user_2,1.904642133868549
2024-10-10_consumer_device_18_data_user_2,1.9108063333390803
2024-10-11_consumer_device_18_data_user_2,1.9213557272590882
2024-10-12_consumer_device_18_data_user_2,1.752525142558529
2024-10-13_consumer_device_18_data_user_2,1.6644190854891043
2024-10-14_consumer_device_18_data_user_2,1.5927978670421403
2024-10-15_consumer_device_18_data_user_2,1.5806896755094875
2024-10-16_consumer_device_18_data_user_2,1.5505564582912506
2024-10-17_consumer_device_18_data_user_2,1.5179526724389514
2024-10-18_consumer_device_18_data_user_2,1.5196225864339228
2024-10-19_consumer_device_18_data_user_2,1.5273083668549503
2024-10-20_consumer_device_18_data_user_2,1.5575139209121371
2024-10-21_consumer_device_18_data_user_2,1.4180428241587824
2024-10-22_consumer_device_18_data_user_2,1.4307979597748417
2024-10-23_consumer_device_18_data_user_2,1.4436956914576142
2024-10-24_consumer_device_18_data_user_2,1.4744708919067784
2024-09-24_consumer_device_18_data_user_3,7.729470543003614
2024-09-25_consumer_device_18_data_user_3,6.8999099861286
2024-09-26_consumer_device_18_data_user_3,6.315701396095252
2024-09-27_consumer_device_18_data_user_3,6.041715806125703
2024-09-28_consumer_device_18_data_user_3,5.935152359798664
2024-09-29_consumer_device_18_data_user_3,5.6764427981088055
2024-09-30_consumer_device_18_data_user_3,5.509848436846461
2024-10-01_consumer_device_18_data_user_3,5.451977430940131
2024-10-02_consumer_device_18_data_user_3,5.460422960239952
2024-10-03_consumer_device_18_data_user_3,4.67597813414363
2024-10-04_consumer_device_18_data_user_3,4.455565768614383
2024-10-05_consumer_device_18_data_user_3,4.333544651976595
2024-10-06_consumer_device_18_data_user_3,4.2691343834509246
2024-10-07_consumer_device_18_data_user_3,4.323618372484784
2024-10-08_consumer_device_18_data_user_3,4.312496722919379
2024-10-09_consumer_device_18_data_user_3,4.28890269988498
2024-10-10_consumer_device_18_data_user_3,4.297739108114589
2024-10-11_consumer_device_18_data_user_3,4.3180393164255655
2024-10-12_consumer_device_18_data_user_3,3.9215841838439722
2024-10-13_consumer_device_18_data_user_3,3.7192538184619757
2024-10-14_consumer_device_18_data_user_3,3.5561361586748492
2024-10-15_consumer_device_18_data_user_3,3.525386518103583
2024-10-16_consumer_device_18_data_user_3,3.458712945924804
2024-10-17_consumer_device_18_data_user_3,3.384248877925078
2024-10-18_consumer_device_18_data_user_3,3.3846402146465393
2024-10-19_consumer_device_18_data_user_3,3.3997549776921057
2024-10-20_consumer_device_18_data_user_3,3.464013660771182
2024-10-21_consumer_device_18_data_user_3,3.1469326362922447
2024-10-22_consumer_device_18_data_user_3,3.173008985221146
2024-10-23_consumer_device_18_data_user_3,3.20015924125231
2024-10-24_consumer_device_18_data_user_3,3.266087045218442
2024-09-24_consumer_device_18_data_user_4,16.3624101107149
2024-09-25_consumer_device_18_data_user_4,15.253154632162946
2024-09-26_consumer_device_18_data_user_4,14.474397674057881
2024-09-27_consumer_device_18_data_user_4,14.191832086454065
2024-09-28_consumer_device_18_data_user_4,14.077064628771783
2024-09-29_consumer_device_18_data_user_4,13.784563513113097
2024-09-30_consumer_device_18_data_user_4,13.671839304925584
2024-10-01_consumer_device_18_data_user_4,13.685426133482249
2024-10-02_consumer_device_18_data_user_4,13.845959567910862
2024-10-03_consumer_device_18_data_user_4,12.585999995744777
2024-10-04_consumer_device_18_data_user_4,12.410634878938358
2024-10-05_consumer_device_18_data_user_4,12.41519486023439
2024-10-06_consumer_device_18_data_user_4,12.41652139817501
2024-10-07_consumer_device_18_data_user_4,12.720354245346593
2024-10-08_consumer_device_18_data_user_4,12.903809662652975
2024-10-09_consumer_device_18_data_user_4,12.983407360768936
2024-10-10_consumer_device_18_data_user_4,13.093403963927665
2024-10-11_consumer_device_18_data_user_4,13.212661096200613
2024-10-12_consumer_device_18_data_user_4,12.257807625823396
2024-10-13_consumer_device_18_data_user_4,11.69869234473991
2024-10-14_consumer_device_18_data_user_4,11.226117013961872
2024-10-15_consumer_device_18_data_user_4,11.188506124765247
2024-10-16_consumer_device_18_data_user_4,10.963629683163647
2024-10-17_consumer_device_18_data_user_4,10.751283606110501
2024-10-18_consumer_device_18_data_user_4,10.807765161013945
2024-10-19_consumer_device_18_data_user_4,10.89031947420901
2024-10-20_consumer_device_18_data_user_4,11.150046462269684
2024-10-21_consumer_device_18_data_user_4,10.222250872986626
2024-10-22_consumer_device_18_data_user_4,10.346034402137962
2024-10-23_consumer_device_18_data_user_4,10.460776593210682
2024-10-24_consumer_device_18_data_user_4,10.719308764740937
2024-09-24_consumer_device_18_data_user_5,16.049654390299338
2024-09-25_consumer_device_18_data_user_5,15.002440415698594
2024-09-26_consumer_device_18_data_user_5,14.267459072219395
2024-09-27_consumer_device_18_data_user_5,14.008274620139584
2024-09-28_consumer_device_18_data_user_5,13.902433115873372
2024-09-29_consumer_device_18_data_user_5,13.631123468401395
2024-09-30_consumer_device_18_data_user_5,13.534653877334286
2024-10-01_consumer_device_18_data_user_5,13.555706362630431
2024-10-02_consumer_device_18_data_user_5,13.720755526935818
2024-10-03_consumer_device_18_data_user_5,12.512184785382752
2024-10-04_consumer_device_18_data_user_5,12.357420780746137
2024-10-05_consumer_device_18_data_user_5,12.376891312609011
2024-10-06_consumer_device_18_data_user_5,12.386051291547966
2024-10-07_consumer_device_18_data_user_5,12.693775921243159
2024-10-08_consumer_device_18_data_user_5,12.884903475980979
2024-10-09_consumer_device_18_data_user_5,12.970099224156971
2024-10-10_consumer_device_18_data_user_5,13.082821262765233
2024-10-11_consumer_device_18_data_user_5,13.203737169539238
2024-10-12_consumer_device_18_data_user_5,12.26388486737556
2024-10-13_consumer_device_18_data_user_5,11.709948761314896
2024-10-14_consumer_device_18_data_user_5,11.240796288376723
2024-10-15_consumer_device_18_data_user_5,11.205606049463547
2024-10-16_consumer_device_18_data_user_5,10.981034874013428
2024-10-17_consumer_device_18_data_user_5,10.770368169888258
2024-10-18_consumer_device_18_data_user_5,10.828750479176948
2024-10-19_consumer_device_18_data_user_5,10.91232463243521
2024-10-20_consumer_device_18_data_user_5,11.173240341066847
2024-10-21_consumer_device_18_data_user_5,10.251782226941456
2024-10-22_consumer_device_18_data_user_5,10.37668226866442
2024-10-23_consumer_device_18_data_user_5,10.492099289692954
2024-10-24_consumer_device_18_data_user_5,10.751577162796513
2024-09-24_consumer_device_18_data_user_6,16.22106310398285
2024-09-25_consumer_device_18_data_user_6,15.135809965349406
2024-09-26_consumer_device_18_data_user_6,14.374009596265157
2024-09-27_consumer_device_18_data_user_6,14.101211352656632
2024-09-28_consumer_device_18_data_user_6,13.990135926485031
2024-09-29_consumer_device_18_data_user_6,13.706293514160418
2024-09-30_consumer_device_18_data_user_6,13.60080560074459
2024-10-01_consumer_device_18_data_user_6,13.61806424215576
2024-10-02_consumer_device_18_data_user_6,13.781630128305938
2024-10-03_consumer_device_18_data_user_6,12.539734000439722
2024-10-04_consumer_device_18_data_user_6,12.373367025927728
2024-10-05_consumer_device_18_data_user_6,12.385140143111848
2024-10-06_consumer_device_18_data_user_6,12.390250494754135
2024-10-07_consumer_device_18_data_user_6,12.697578428566644
2024-10-08_consumer_device_18_data_user_6,12.8857102220912
2024-10-09_consumer_device_18_data_user_6,12.968430989167565
2024-10-10_consumer_device_18_data_user_6,13.080327641077771
2024-10-11_consumer_device_18_data_user_6,13.201019889106178
2024-10-12_consumer_device_18_data_user_6,12.248311756264936
2024-10-13_consumer_device_18_data_user_6,11.688714706366131
2024-10-14_consumer_device_18_data_user_6,11.215271892247404
2024-10-15_consumer_device_18_data_user_6,11.178627693713114
2024-10-16_consumer_device_18_data_user_6,10.952700351329534
2024-10-17_consumer_device_18_data_user_6,10.740032631534032
2024-10-18_consumer_device_18_data_user_6,10.797731517432819
2024-10-19_consumer_device_18_data_user_6,10.881217353749967
2024-10-20_consumer_device_18_data_user_6,11.14290121421334
2024-10-21_consumer_device_18_data_user_6,10.213218082634812
2024-10-22_consumer_device_18_data_user_6,10.338199401532329
2024-10-23_consumer_device_18_data_user_6,10.453878263649615
2024-10-24_consumer_device_18_data_user_6,10.714243774892543
2024-09-24_consumer_device_18_data_user_7,48.30100428959696
2024-09-25_consumer_device_18_data_user_7,42.87720452727222
2024-09-26_consumer_device_18_data_user_7,39.0567813201465
2024-09-27_consumer_device_18_data_user_7,37.23866194478994
2024-09-28_consumer_device_18_data_user_7,36.53308005721399
2024-09-29_consumer_device_18_data_user_7,34.8245328696907
2024-09-30_consumer_device_18_data_user_7,33.700175037064085
2024-10-01_consumer_device_18_data_user_7,33.292757107971234
2024-10-02_consumer_device_18_data_user_7,33.30032054182566
2024-10-03_consumer_device_18_data_user_7,28.23888015971926
2024-10-04_consumer_device_18_data_user_7,26.759674811808644
2024-10-05_consumer_device_18_data_user_7,25.908325032076277
2024-10-06_consumer_device_18_data_user_7,25.459275149618176
2024-10-07_consumer_device_18_data_user_7,25.741744992863865
2024-10-08_consumer_device_18_data_user_7,25.605701012739477
2024-10-09_consumer_device_18_data_user_7,25.41594864076125
2024-10-10_consumer_device_18_data_user_7,25.442371797837918
2024-10-11_consumer_device_18_data_user_7,25.545684853446772
2024-10-12_consumer_device_18_data_user_7,23.089220426904195
2024-10-13_consumer_device_18_data_user_7,21.85849608523839
2024-10-14_consumer_device_18_data_user_7,20.87326002652371
2024-10-15_consumer_device_18_data_user_7,20.67109433269574
2024-10-16_consumer_device_18_data_user_7,20.27851037022545
2024-10-17_consumer_device_18_data_user_7,19.827663401885
2024-10-18_consumer_device_18_data_user_7,19.812353674327518
2024-10-19_consumer_device_18_data_user_7,19.891269179393078
2024-10-20_consumer_device_18_data_user_7,20.255904787296863
2024-10-21_consumer_device_18_data_user_7,18.34365183758637
2024-10-22_consumer_device_18_data_user_7,18.485751150680315
2024-10-23_consumer_device_18_data_user_7,18.63821741331839
2024-10-24_consumer_device_18_data_user_7,19.014860199218862
2024-09-24_consumer_device_18_data_user_8,48.40801253371409
2024-09-25_consumer_device_18_data_user_8,42.974739162204585
2024-09-26_consumer_device_18_data_user_8,39.14764875182186
2024-09-27_consumer_device_18_data_user_8,37.32655529100861
2024-09-28_consumer_device_18_data_user_8,36.61980767512627
2024-09-29_consumer_device_18_data_user_8,34.90840475235541
2024-09-30_consumer_device_18_data_user_8,33.78234773545336
2024-10-01_consumer_device_18_data_user_8,33.374437010018816
2024-10-02_consumer_device_18_data_user_8,33.382372656501815
2024-10-03_consumer_device_18_data_user_8,28.311583948026275
2024-10-04_consumer_device_18_data_user_8,26.830082038229662
2024-10-05_consumer_device_18_data_user_8,25.977648687313064
2024-10-06_consumer_device_18_data_user_8,25.528024832641048
2024-10-07_consumer_device_18_data_user_8,25.81154368475476
2024-10-08_consumer_device_18_data_user_8,25.675739160680518
2024-10-09_consumer_device_18_data_user_8,25.48592271952121
2024-10-10_consumer_device_18_data_user_8,25.51262820602637
2024-10-11_consumer_device_18_data_user_8,25.61634329491714
2024-10-12_consumer_device_18_data_user_8,23.154566528347985
2024-10-13_consumer_device_18_data_user_8,21.920998356720197
2024-10-14_consumer_device_18_data_user_8,20.93342929956085
2024-10-15_consumer_device_18_data_user_8,20.73091892272701
2024-10-16_consumer_device_18_data_user_8,20.337322758380168
2024-10-17_consumer_device_18_data_user_8,19.885417022533204
2024-10-18_consumer_device_18_data_user_8,19.870215162996274
2024-10-19_consumer_device_18_data_user_8,19.949418476543922
2024-10-20_consumer_device_18_data_user_8,20.315109071253822
2024-10-21_consumer_device_18_data_user_8,18.398304117165065
2024-10-22_consumer_device_18_data_user_8,18.540865519462177
2024-10-23_consumer_device_18_data_user_8,18.693786775500858
2024-10-24_consumer_device_18_data_user_8,19.07149727781597
2024-09-24_consumer_device_18_data_user_9,48.14042088211352
2024-09-25_consumer_device_18_data_user_9,42.734234191329065
2024-09-26_consumer_device_18_data_user_9,38.92621162794545
2024-09-27_consumer_device_18_data_user_9,37.11380014764595
2024-09-28_consumer_device_18_data_user_9,36.410444627154135
2024-09-29_consumer_device_18_data_user_9,34.707320604758706
2024-09-30_consumer_device_18_data_user_9,33.58635632384461
2024-10-01_consumer_device_18_data_user_9,33.18004842943964
2024-10-02_consumer_device_18_data_user_9,33.187237862732246
2024-10-03_consumer_device_18_data_user_9,28.142727957243423
2024-10-04_consumer_device_18_data_user_9,26.668046653426206
2024-10-05_consumer_device_18_data_user_9,25.819068806808197
2024-10-06_consumer_device_18_data_user_9,25.371272386421143
2024-10-07_consumer_device_18_data_user_9,25.652284119876356
2024-10-08_consumer_device_18_data_user_9,25.516217551691756
2024-10-09_consumer_device_18_data_user_9,25.32682113073044
2024-10-10_consumer_device_18_data_user_9,25.352928596178543
2024-10-11_consumer_device_18_data_user_9,25.455690479287245
2024-10-12_consumer_device_18_data_user_9,23.008197579351354
2024-10-13_consumer_device_18_data_user_9,21.782145518245837
2024-10-14_consumer_device_18_data_user_9,20.800704691177852
2024-10-15_consumer_device_18_data_user_9,20.599187293811283
2024-10-16_consumer_device_18_data_user_9,20.208195985153907
2024-10-17_consumer_device_18_data_user_9,19.75907714152844
2024-10-18_consumer_device_18_data_user_9,19.74368610664625
2024-10-19_consumer_device_18_data_user_9,19.822199369834014
2024-10-20_consumer_device_18_data_user_9,20.185243920839838
2024-10-21_consumer_device_18_data_user_9,18.280380400466676
2024-10-22_consumer_device_18_data_user_9,18.421810073985363
2024-10-23_consumer_device_18_data_user_9,18.573597563907942
2024-10-24_consumer_device_18_data_user_9,18.948618324641963
2024-09-24_consumer_device_21_data_user_1,6.437928282360886
2024-09-25_consumer_device_21_data_user_1,5.685688496407559
2024-09-26_consumer_device_21_data_user_1,5.156124524313961
2024-09-27_consumer_device_21_data_user_1,4.914326669036715
2024-09-28_consumer_device_21_data_user_1,4.8198960069029235
2024-09-29_consumer_device_21_data_user_1,4.5895407275050175
2024-09-30_consumer_device_21_data_user_1,4.447207147390941
2024-10-01_consumer_device_21_data_user_1,4.401949741111439
2024-10-02_consumer_device_21_data_user_1,4.421452252951296
2024-10-03_consumer_device_21_data_user_1,3.693375045455598
2024-10-04_consumer_device_21_data_user_1,3.502979523500519
2024-10-05_consumer_device_21_data_user_1,3.4056425183358696
2024-10-06_consumer_device_21_data_user_1,3.3541762939243918
2024-10-07_consumer_device_21_data_user_1,3.4219131832788294
2024-10-08_consumer_device_21_data_user_1,3.427567958672655
2024-10-09_consumer_device_21_data_user_1,3.4149939945267804
2024-10-10_consumer_device_21_data_user_1,3.4307987184402986
2024-10-11_consumer_device_21_data_user_1,3.456517130016789
2024-10-12_consumer_device_21_data_user_1,3.063306560777542
2024-10-13_consumer_device_21_data_user_1,2.856933232741324
2024-10-14_consumer_device_21_data_user_1,2.6888244912418604
2024-10-15_consumer_device_21_data_user_1,2.6612192007420754
2024-10-16_consumer_device_21_data_user_1,2.589988668737126
2024-10-17_consumer_device_21_data_user_1,2.5135149515197854
2024-10-18_consumer_device_21_data_user_1,2.5183108286739087
2024-10-19_consumer_device_21_data_user_1,2.536964553837621
2024-10-20_consumer_device_21_data_user_1,2.609027394994866
2024-10-21_consumer_device_21_data_user_1,2.281516850647338
2024-10-22_consumer_device_21_data_user_1,2.3122192850004617
2024-10-23_consumer_device_21_data_user_1,2.3430640191908294
2024-10-24_consumer_device_21_data_user_1,2.416368454602071
2024-09-24_consumer_device_21_data_user_10,24.030615095437184
2024-09-25_consumer_device_21_data_user_10,22.194329052747946
2024-09-26_consumer_device_21_data_user_10,20.902620416854
2024-09-27_consumer_device_21_data_user_10,20.347131966760585
2024-09-28_consumer_device_21_data_user_10,20.128119456625868
2024-09-29_consumer_device_21_data_user_10,19.58796805941229
2024-09-30_consumer_device_21_data_user_10,19.286167205009907
2024-10-01_consumer_device_21_data_user_10,19.21342739888993
2024-10-02_consumer_device_21_data_user_10,19.322945392343552
2024-10-03_consumer_device_21_data_user_10,17.458098725298964
2024-10-04_consumer_device_21_data_user_10,17.04284156176805
2024-10-05_consumer_device_21_data_user_10,16.87481039353692
2024-10-06_consumer_device_21_data_user_10,16.78545562211953
2024-10-07_consumer_device_21_data_user_10,17.046626412847445
2024-10-08_consumer_device_21_data_user_10,17.142703732544337
2024-10-09_consumer_device_21_data_user_10,17.158117399032598
2024-10-10_consumer_device_21_data_user_10,17.237427337923144
2024-10-11_consumer_device_21_data_user_10,17.338420087648746
2024-10-12_consumer_device_21_data_user_10,16.202363307576817
2024-10-13_consumer_device_21_data_user_10,15.578878567075114
2024-10-14_consumer_device_21_data_user_10,15.062949754564842
2024-10-15_consumer_device_21_data_user_10,14.997017269065603
2024-10-16_consumer_device_21_data_user_10,14.766833908989494
2024-10-17_consumer_device_21_data_user_10,14.533370950704828
2024-10-18_consumer_device_21_data_user_10,14.568291739394937
2024-10-19_consumer_device_21_data_user_10,14.639689614479726
2024-10-20_consumer_device_21_data_user_10,14.887701596060609
2024-10-21_consumer_device_21_data_user_10,13.879220014274711
2024-10-22_consumer_device_21_data_user_10,13.991052886992982
2024-10-23_consumer_device_21_data_user_10,14.09888673528911
2024-10-24_consumer_device_21_data_user_10,14.348508037278657
2024-09-24_consumer_device_21_data_user_11,0.21587700762069045
2024-09-25_consumer_device_21_data_user_11,0.19634807529563636
2024-09-26_consumer_device_21_data_user_11,0.1826030894536338
2024-09-27_consumer_device_21_data_user_11,0.17643119310517358
2024-09-28_consumer_device_21_data_user_11,0.17401455635197624
2024-09-29_consumer_device_21_data_user_11,0.1681015213373072
2024-09-30_consumer_device_21_data_user_11,0.1645448381178141
2024-10-01_consumer_device_21_data_user_11,0.16348436171953762
2024-10-02_consumer_device_21_data_user_11,0.16417843381822883
2024-10-03_consumer_device_21_data_user_11,0.14501127908275935
2024-10-04_consumer_device_21_data_user_11,0.14021858648600952
2024-10-05_consumer_device_21_data_user_11,0.1379026347053505
2024-10-06_consumer_device_21_data_user_11,0.13667654692938336
2024-10-07_consumer_device_21_data_user_11,0.138725673206615
2024-10-08_consumer_device_21_data_user_11,0.13912200156021126
2024-10-09_consumer_device_21_data_user_11,0.13893540724008052
2024-10-10_consumer_device_21_data_user_11,0.13946924050199172
2024-10-11_consumer_device_21_data_user_11,0.14025280851804062
2024-10-12_consumer_device_21_data_user_11,0.12951027820510033
2024-10-13_consumer_device_21_data_user_11,0.12378955048433413
2024-10-14_consumer_device_21_data_user_11,0.11910512221924294
2024-10-15_consumer_device_21_data_user_11,0.1183928714360584
2024-10-16_consumer_device_21_data_user_11,0.11637289244492702
2024-10-17_consumer_device_21_data_user_11,0.1142456662294582
2024-10-18_consumer_device_21_data_user_11,0.11444057599572512
2024-10-19_consumer_device_21_data_user_11,0.1150032834985124
2024-10-20_consumer_device_21_data_user_11,0.11709277991841754
2024-10-21_consumer_device_21_data_user_11,0.10795639919022598
2024-10-22_consumer_device_21_data_user_11,0.10886533506840815
2024-10-23_consumer_device_21_data_user_11,0.10976478317818204
2024-10-24_consumer_device_21_data_user_11,0.11188220139149375
2024-09-24_consumer_device_21_data_user_12,0.015376266769653445
2024-09-25_consumer_device_21_data_user_12,0.019818595159517033
2024-09-26_consumer_device_21_data_user_12,0.022964720958479165
2024-09-27_consumer_device_21_data_user_12,0.025042752830082365
2024-09-28_consumer_device_21_data_user_12,0.025815501842585485
2024-09-29_consumer_device_21_data_user_12,0.02759040969890473
2024-09-30_consumer_device_21_data_user_12,0.029284645949417994
2024-10-01_consumer_device_21_data_user_12,0.03025765952746133
2024-10-02_consumer_device_21_data_user_12,0.03130030318036791
2024-10-03_consumer_device_21_data_user_12,0.03396274989229044
2024-10-04_consumer_device_21_data_user_12,0.036013138050898535
2024-10-05_consumer_device_21_data_user_12,0.03788915327430933
2024-10-06_consumer_device_21_data_user_12,0.03887155359128499
2024-10-07_consumer_device_21_data_user_12,0.04026348318684342
2024-10-08_consumer_device_21_data_user_12,0.04176871944613123
2024-10-09_consumer_device_21_data_user_12,0.0427052566057223
2024-10-10_consumer_device_21_data_user_12,0.043373615084004474
2024-10-11_consumer_device_21_data_user_12,0.04393634954202299
2024-10-12_consumer_device_21_data_user_12,0.04296336870052929
2024-10-13_consumer_device_21_data_user_12,0.04194338047369844
2024-10-14_consumer_device_21_data_user_12,0.04096202025751008
2024-10-15_consumer_device_21_data_user_12,0.04115224457962377
2024-10-16_consumer_device_21_data_user_12,0.040519946463631364
2024-10-17_consumer_device_21_data_user_12,0.04009663980564667
2024-10-18_consumer_device_21_data_user_12,0.040502445216145884
2024-10-19_consumer_device_21_data_user_12,0.040875950084536844
2024-10-20_consumer_device_21_data_user_12,0.04179875692692516
2024-10-21_consumer_device_21_data_user_12,0.03982429504959373
2024-10-22_consumer_device_21_data_user_12,0.040332792240808685
2024-10-23_consumer_device_21_data_user_12,0.040759165440179636
2024-10-24_consumer_device_21_data_user_12,0.04164805557293682
2024-09-24_consumer_device_21_data_user_13,7.033445375113443
2024-09-25_consumer_device_21_data_user_13,6.599646210059873
2024-09-26_consumer_device_21_data_user_13,6.294813834363298
2024-09-27_consumer_device_21_data_user_13,6.174558264208646
2024-09-28_consumer_device_21_data_user_13,6.126449360593542
2024-09-29_consumer_device_21_data_user_13,6.005841694296343
2024-09-30_consumer_device_21_data_user_13,5.948952442547867
2024-10-01_consumer_device_21_data_user_13,5.943679183499543
2024-10-02_consumer_device_21_data_user_13,5.989091356983105
2024-10-03_consumer_device_21_data_user_13,5.520914957134208
2024-10-04_consumer_device_21_data_user_13,5.438443673339089
2024-10-05_consumer_device_21_data_user_13,5.420708149411038
2024-10-06_consumer_device_21_data_user_13,5.411049436723545
2024-10-07_consumer_device_21_data_user_13,5.502989629984949
2024-10-08_consumer_device_21_data_user_13,5.5516534692764825
2024-10-09_consumer_device_21_data_user_13,5.569847111112952
2024-10-10_consumer_device_21_data_user_13,5.601437831775014
2024-10-11_consumer_device_21_data_user_13,5.637356307331639
2024-10-12_consumer_device_21_data_user_13,5.313367850974998
2024-10-13_consumer_device_21_data_user_13,5.128295633286168
2024-10-14_consumer_device_21_data_user_13,4.973097643431867
2024-10-15_consumer_device_21_data_user_13,4.957981013218882
2024-10-16_consumer_device_21_data_user_13,4.885832986000974
2024-10-17_consumer_device_21_data_user_13,4.815914696772242
2024-10-18_consumer_device_21_data_user_13,4.8314908663001965
2024-10-19_consumer_device_21_data_user_13,4.856520289174339
2024-10-20_consumer_device_21_data_user_13,4.9378658420248716
2024-10-21_consumer_device_21_data_user_13,4.633661767826257
2024-10-22_consumer_device_21_data_user_13,4.671722473197957
2024-10-23_consumer_device_21_data_user_13,4.707466671206089
2024-10-24_consumer_device_21_data_user_13,4.788743750169915
2024-09-24_consumer_device_21_data_user_2,0.24601234265406333
2024-09-25_consumer_device_21_data_user_2,0.23043196453207226
2024-09-26_consumer_device_21_data_user_2,0.21951502491773822
2024-09-27_consumer_device_21_data_user_2,0.2162834225906899
2024-09-28_consumer_device_21_data_user_2,0.21491534959492112
2024-09-29_consumer_device_21_data_user_2,0.21127706608140912
2024-09-30_consumer_device_21_data_user_2,0.21066190246247998
2024-10-01_consumer_device_21_data_user_2,0.21165310216918035
2024-10-02_consumer_device_21_data_user_2,0.21522095738462074
2024-10-03_consumer_device_21_data_user_2,0.19566714338953967
2024-10-04_consumer_device_21_data_user_2,0.19425415776631513
2024-10-05_consumer_device_21_data_user_2,0.19579384273542166
2024-10-06_consumer_device_21_data_user_2,0.1965819005068994
2024-10-07_consumer_device_21_data_user_2,0.2028816564196185
2024-10-08_consumer_device_21_data_user_2,0.2072033375622072
2024-10-09_consumer_device_21_data_user_2,0.20929923268352227
2024-10-10_consumer_device_21_data_user_2,0.21170803017145542
2024-10-11_consumer_device_21_data_user_2,0.21419350857962305
2024-10-12_consumer_device_21_data_user_2,0.19704500957207202
2024-10-13_consumer_device_21_data_user_2,0.18665294098815727
2024-10-14_consumer_device_21_data_user_2,0.17777646615960135
2024-10-15_consumer_device_21_data_user_2,0.17727904015979848
2024-10-16_consumer_device_21_data_user_2,0.17292636222866534
2024-10-17_consumer_device_21_data_user_2,0.16895157818786505
2024-10-18_consumer_device_21_data_user_2,0.1702372343209076
2024-10-19_consumer_device_21_data_user_2,0.1719452806951616
2024-10-20_consumer_device_21_data_user_2,0.1771224916114082
2024-10-21_consumer_device_21_data_user_2,0.1596583041210955
2024-10-22_consumer_device_21_data_user_2,0.16217922977647367
2024-10-23_consumer_device_21_data_user_2,0.16448098186800444
2024-10-24_consumer_device_21_data_user_2,0.1696112621246989
2024-09-24_consumer_device_21_data_user_3,25.692253059345504
2024-09-25_consumer_device_21_data_user_3,24.032924575761
2024-09-26_consumer_device_21_data_user_3,22.86636363498028
2024-09-27_consumer_device_21_data_user_3,22.387553601791467
2024-09-28_consumer_device_21_data_user_3,22.197305269079866
2024-09-29_consumer_device_21_data_user_3,21.72396727564745
2024-09-30_consumer_device_21_data_user_3,21.48164665856531
2024-10-01_consumer_device_21_data_user_3,21.441045489579796
2024-10-02_consumer_device_21_data_user_3,21.581234834257135
2024-10-03_consumer_device_21_data_user_3,19.837804066063484
2024-10-04_consumer_device_21_data_user_3,19.495535757474737
2024-10-05_consumer_device_21_data_user_3,19.390027732287344
2024-10-06_consumer_device_21_data_user_3,19.333441426586326
2024-10-07_consumer_device_21_data_user_3,19.6332482159019
2024-10-08_consumer_device_21_data_user_3,19.774851471377108
2024-10-09_consumer_device_21_data_user_3,19.819482268132127
2024-10-10_consumer_device_21_data_user_3,19.918270248496153
2024-10-11_consumer_device_21_data_user_3,20.034975228702756
2024-10-12_consumer_device_21_data_user_3,18.89107222459236
2024-10-13_consumer_device_21_data_user_3,18.24795882933345
2024-10-14_consumer_device_21_data_user_3,17.71145782396931
2024-10-15_consumer_device_21_data_user_3,17.652847623257284
2024-10-16_consumer_device_21_data_user_3,17.40735500047915
2024-10-17_consumer_device_21_data_user_3,17.165237707599903
2024-10-18_consumer_device_21_data_user_3,17.21225086223767
2024-10-19_consumer_device_21_data_user_3,17.293989715449502
2024-10-20_consumer_device_21_data_user_3,17.56611176057401
2024-10-21_consumer_device_21_data_user_3,16.51564585870736
2024-10-22_consumer_device_21_data_user_3,16.641263147096645
2024-10-23_consumer_device_21_data_user_3,16.760372591761996
2024-10-24_consumer_device_21_data_user_3,17.033002300863558
2024-09-24_consumer_device_21_data_user_4,0.2767649104739045
2024-09-25_consumer_device_21_data_user_4,0.2565155382609417
2024-09-26_consumer_device_21_data_user_4,0.24231777050976117
2024-09-27_consumer_device_21_data_user_4,0.23779504617959776
2024-09-28_consumer_device_21_data_user_4,0.2359102317991275
2024-09-29_consumer_device_21_data_user_4,0.230975879932089
2024-09-30_consumer_device_21_data_user_4,0.22975260776055645
2024-10-01_consumer_device_21_data_user_4,0.23069051696335602
2024-10-02_consumer_device_21_data_user_4,0.23475283057527646
2024-10-03_consumer_device_21_data_user_4,0.21015197939362348
2024-10-04_consumer_device_21_data_user_4,0.20785590016356903
2024-10-05_consumer_device_21_data_user_4,0.2092110869717732
2024-10-06_consumer_device_21_data_user_4,0.20989851950200683
2024-10-07_consumer_device_21_data_user_4,0.217196630421919
2024-10-08_consumer_device_21_data_user_4,0.22204963783128975
2024-10-09_consumer_device_21_data_user_4,0.2243455861453304
2024-10-10_consumer_device_21_data_user_4,0.22709813603915052
2024-10-11_consumer_device_21_data_user_4,0.22997371542211043
2024-10-12_consumer_device_21_data_user_4,0.20932193715907255
2024-10-13_consumer_device_21_data_user_4,0.19692693666790573
2024-10-14_consumer_device_21_data_user_4,0.1863703665646057
2024-10-15_consumer_device_21_data_user_4,0.18571037338016536
2024-10-16_consumer_device_21_data_user_4,0.18057599319321113
2024-10-17_consumer_device_21_data_user_4,0.17584437988796342
2024-10-18_consumer_device_21_data_user_4,0.17729981471575643
2024-10-19_consumer_device_21_data_user_4,0.17927962871019879
2024-10-20_consumer_device_21_data_user_4,0.18533898589378375
2024-10-21_consumer_device_21_data_user_4,0.1645814463725984
2024-10-22_consumer_device_21_data_user_4,0.1675154080821905
2024-10-23_consumer_device_21_data_user_4,0.1702048644224261
2024-10-24_consumer_device_21_data_user_4,0.17621642340993693
2024-09-24_consumer_device_21_data_user_5,17.230349061896238
2024-09-25_consumer_device_21_data_user_5,15.824379405691799
2024-09-26_consumer_device_21_data_user_5,14.835410730731066
2024-09-27_consumer_device_21_data_user_5,14.411484839725777
2024-09-28_consumer_device_21_data_user_5,14.244255435673576
2024-09-29_consumer_device_21_data_user_5,13.831569208542085
2024-09-30_consumer_device_21_data_user_5,13.60231660870711
2024-10-01_consumer_device_21_data_user_5,13.548130646941027
2024-10-02_consumer_device_21_data_user_5,13.63445800390387
2024-10-03_consumer_device_21_data_user_5,12.203122490949193
2024-10-04_consumer_device_21_data_user_5,11.887155534572996
2024-10-05_consumer_device_21_data_user_5,11.761281124558655
2024-10-06_consumer_device_21_data_user_5,11.694315471634413
2024-10-07_consumer_device_21_data_user_5,11.898112153487634
2024-10-08_consumer_device_21_data_user_5,11.974962211387647
2024-10-09_consumer_device_21_data_user_5,11.988606247798899
2024-10-10_consumer_device_21_data_user_5,12.05095813866226
2024-10-11_consumer_device_21_data_user_5,12.129811084591857
2024-10-12_consumer_device_21_data_user_5,11.252938033546789
2024-10-13_consumer_device_21_data_user_5,10.770777666144571
2024-10-14_consumer_device_21_data_user_5,10.371533866319517
2024-10-15_consumer_device_21_data_user_5,10.321110161710454
2024-10-16_consumer_device_21_data_user_5,10.142618301029543
2024-10-17_consumer_device_21_data_user_5,9.961995773442014
2024-10-18_consumer_device_21_data_user_5,9.98966079301945
2024-10-19_consumer_device_21_data_user_5,10.045360679990514
2024-10-20_consumer_device_21_data_user_5,10.238134417555978
2024-10-21_consumer_device_21_data_user_5,9.457629682123
2024-10-22_consumer_device_21_data_user_5,9.544729471318364
2024-10-23_consumer_device_21_data_user_5,9.628593693032927
2024-10-24_consumer_device_21_data_user_5,9.822542819373522
2024-09-24_consumer_device_21_data_user_6,0.26277760242900033
2024-09-25_consumer_device_21_data_user_6,0.23810955000722034
2024-09-26_consumer_device_21_data_user_6,0.22074397543851554
2024-09-27_consumer_device_21_data_user_6,0.2128255804181015
2024-09-28_consumer_device_21_data_user_6,0.20973251894779876
2024-09-29_consumer_device_21_data_user_6,0.20218543231980057
2024-09-30_consumer_device_21_data_user_6,0.19753214291602003
2024-10-01_consumer_device_21_data_user_6,0.1960597878657575
2024-10-02_consumer_device_21_data_user_6,0.19671862648735583
2024-10-03_consumer_device_21_data_user_6,0.1728156467864665
2024-10-04_consumer_device_21_data_user_6,0.1665874768794829
2024-10-05_consumer_device_21_data_user_6,0.16341720964692427
2024-10-06_consumer_device_21_data_user_6,0.1617407953904256
2024-10-07_consumer_device_21_data_user_6,0.1639919432144014
2024-10-08_consumer_device_21_data_user_6,0.1642030225207694
2024-10-09_consumer_device_21_data_user_6,0.16380505806845952
2024-10-10_consumer_device_21_data_user_6,0.16433603393665708
2024-10-11_consumer_device_21_data_user_6,0.16519132279249094
2024-10-12_consumer_device_21_data_user_6,0.15224192850479545
2024-10-13_consumer_device_21_data_user_6,0.1454370569595696
2024-10-14_consumer_device_21_data_user_6,0.13989139841906323
2024-10-15_consumer_device_21_data_user_6,0.1389865968784598
2024-10-16_consumer_device_21_data_user_6,0.13663319914819255
2024-10-17_consumer_device_21_data_user_6,0.13411082974688746
2024-10-18_consumer_device_21_data_user_6,0.13427533533023409
2024-10-19_consumer_device_21_data_user_6,0.13489510421119455
2024-10-20_consumer_device_21_data_user_6,0.13728071933284536
2024-10-21_consumer_device_21_data_user_6,0.1264755884637383
2024-10-22_consumer_device_21_data_user_6,0.1274939040084204
2024-10-23_consumer_device_21_data_user_6,0.12851553126173706
2024-10-24_consumer_device_21_data_user_6,0.13094141867436446
2024-09-24_consumer_device_21_data_user_7,0.2904126322776635
2024-09-25_consumer_device_21_data_user_7,0.2876139068445263
2024-09-26_consumer_device_21_data_user_7,0.2858090796112533
2024-09-27_consumer_device_21_data_user_7,0.2906292029491166
2024-09-28_consumer_device_21_data_user_7,0.29217029409566986
2024-09-29_consumer_device_21_data_user_7,0.29496056865754083
2024-09-30_consumer_device_21_data_user_7,0.3019419574822228
2024-10-01_consumer_device_21_data_user_7,0.3079828919015705
2024-10-02_consumer_device_21_data_user_7,0.3182421551636656
2024-10-03_consumer_device_21_data_user_7,0.3011289783989803
2024-10-04_consumer_device_21_data_user_7,0.3085678702780691
2024-10-05_consumer_device_21_data_user_7,0.3196539125788459
2024-10-06_consumer_device_21_data_user_7,0.3254317383810268
2024-10-07_consumer_device_21_data_user_7,0.34144969173447637
2024-10-08_consumer_device_21_data_user_7,0.3550079276061675
2024-10-09_consumer_device_21_data_user_7,0.3625476864127228
2024-10-10_consumer_device_21_data_user_7,0.3693080233247172
2024-10-11_consumer_device_21_data_user_7,0.37569103284719607
2024-10-12_consumer_device_21_data_user_7,0.3452373264762644
2024-10-13_consumer_device_21_data_user_7,0.32477278010537275
2024-10-14_consumer_device_21_data_user_7,0.30677859033113575
2024-10-15_consumer_device_21_data_user_7,0.3069152144926442
2024-10-16_consumer_device_21_data_user_7,0.29738614111456757
2024-10-17_consumer_device_21_data_user_7,0.28940388849127635
2024-10-18_consumer_device_21_data_user_7,0.2932412760932011
2024-10-19_consumer_device_21_data_user_7,0.2975660551821257
2024-10-20_consumer_device_21_data_user_7,0.3096974275108368
2024-10-21_consumer_device_21_data_user_7,0.2740905299574701
2024-10-22_consumer_device_21_data_user_7,0.28027384934563243
2024-10-23_consumer_device_21_data_user_7,0.2857425473692155
2024-10-24_consumer_device_21_data_user_7,0.29764464287078807
2024-09-24_consumer_device_21_data_user_8,1.0339820907188326
2024-09-25_consumer_device_21_data_user_8,1.3451696777329556
2024-09-26_consumer_device_21_data_user_8,1.5659375640433384
2024-09-27_consumer_device_21_data_user_8,1.724644061675743
2024-09-28_consumer_device_21_data_user_8,1.7831227761628496
2024-09-29_consumer_device_21_data_user_8,1.915834565843098
2024-09-30_consumer_device_21_data_user_8,2.05177066907935
2024-10-01_consumer_device_21_data_user_8,2.1341946604318593
2024-10-02_consumer_device_21_data_user_8,2.2306330093303934
2024-10-03_consumer_device_21_data_user_8,2.3840496689812865
2024-10-04_consumer_device_21_data_user_8,2.5463961437540994
2024-10-05_consumer_device_21_data_user_8,2.7041104767894724
2024-10-06_consumer_device_21_data_user_8,2.786640674255996
2024-10-07_consumer_device_21_data_user_8,2.920363138735179
2024-10-08_consumer_device_21_data_user_8,3.056903007348953
2024-10-09_consumer_device_21_data_user_8,3.139935523271299
2024-10-10_consumer_device_21_data_user_8,3.202148965712874
2024-10-11_consumer_device_21_data_user_8,3.2560118727642826
2024-10-12_consumer_device_21_data_user_8,3.121257356930224
2024-10-13_consumer_device_21_data_user_8,3.004559898228081
2024-10-14_consumer_device_21_data_user_8,2.895916144641202
2024-10-15_consumer_device_21_data_user_8,2.909791246799565
2024-10-16_consumer_device_21_data_user_8,2.844217303873523
2024-10-17_consumer_device_21_data_user_8,2.7968814495888363
2024-10-18_consumer_device_21_data_user_8,2.8340824838179106
2024-10-19_consumer_device_21_data_user_8,2.87002202909699
2024-10-20_consumer_device_21_data_user_8,2.961917077244011
2024-10-21_consumer_device_21_data_user_8,2.7446089885057083
2024-10-22_consumer_device_21_data_user_8,2.794171225952832
2024-10-23_consumer_device_21_data_user_8,2.836337809756344
2024-10-24_consumer_device_21_data_user_8,2.9253196743596876
2024-09-24_consumer_device_21_data_user_9,0.26670007073083773
2024-09-25_consumer_device_21_data_user_9,0.24114129271686063
2024-09-26_consumer_device_21_data_user_9,0.22314576881723808
2024-09-27_consumer_device_21_data_user_9,0.21484100996362088
2024-09-28_consumer_device_21_data_user_9,0.21160303047676524
2024-09-29_consumer_device_21_data_user_9,0.2037193806011359
2024-09-30_consumer_device_21_data_user_9,0.1987661704531666
2024-10-01_consumer_device_21_data_user_9,0.19713161086131087
2024-10-02_consumer_device_21_data_user_9,0.1976353532808645
2024-10-03_consumer_device_21_data_user_9,0.17312222433285418
2024-10-04_consumer_device_21_data_user_9,0.16652609294547305
2024-10-05_consumer_device_21_data_user_9,0.16304031381013578
2024-10-06_consumer_device_21_data_user_9,0.1611985414699616
2024-10-07_consumer_device_21_data_user_9,0.16325411358815256
2024-10-08_consumer_device_21_data_user_9,0.1632350917110774
2024-10-09_consumer_device_21_data_user_9,0.1626895322549916
2024-10-10_consumer_device_21_data_user_9,0.1631219970650121
2024-10-11_consumer_device_21_data_user_9,0.16389775916014632
2024-10-12_consumer_device_21_data_user_9,0.15098988066196634
2024-10-13_consumer_device_21_data_user_9,0.1442851843892846
2024-10-14_consumer_device_21_data_user_9,0.1388442881521355
2024-10-15_consumer_device_21_data_user_9,0.1379026128015375
2024-10-16_consumer_device_21_data_user_9,0.1356269210253286
2024-10-17_consumer_device_21_data_user_9,0.13314865041923193
2024-10-18_consumer_device_21_data_user_9,0.13325202209550596
2024-10-19_consumer_device_21_data_user_9,0.13381944238757493
2024-10-20_consumer_device_21_data_user_9,0.13608287101057437
2024-10-21_consumer_device_21_data_user_9,0.1254914682637298
2024-10-22_consumer_device_21_data_user_9,0.1264399760258208
2024-10-23_consumer_device_21_data_user_9,0.1274044736404051
2024-10-24_consumer_device_21_data_user_9,0.12971373611102063
2024-09-24_consumer_device_22_data_user_1,3.2286861015949793
2024-09-25_consumer_device_22_data_user_1,3.451770180691594
2024-09-26_consumer_device_22_data_user_1,3.6104150498871466
2024-09-27_consumer_device_22_data_user_1,3.7373563217881056
2024-09-28_consumer_device_22_data_user_1,3.783635202804937
2024-09-29_consumer_device_22_data_user_1,3.8871703332188288
2024-09-30_consumer_device_22_data_user_1,4.001911628613267
2024-10-01_consumer_device_22_data_user_1,4.075294607024942
2024-10-02_consumer_device_22_data_user_1,4.167880810395318
2024-10-03_consumer_device_22_data_user_1,4.244700874938767
2024-10-04_consumer_device_22_data_user_1,4.379840143236383
2024-10-05_consumer_device_22_data_user_1,4.519258004933762
2024-10-06_consumer_device_22_data_user_1,4.59216458029876
2024-10-07_consumer_device_22_data_user_1,4.724323343107349
2024-10-08_consumer_device_22_data_user_1,4.853370912851559
2024-10-09_consumer_device_22_data_user_1,4.930360733372276
2024-10-10_consumer_device_22_data_user_1,4.990388350426672
2024-10-11_consumer_device_22_data_user_1,5.04347605329739
2024-10-12_consumer_device_22_data_user_1,4.880131673777435
2024-10-13_consumer_device_22_data_user_1,4.751128446778589
2024-10-14_consumer_device_22_data_user_1,4.633258187475307
2024-10-15_consumer_device_22_data_user_1,4.6437559457498425
2024-10-16_consumer_device_22_data_user_1,4.575419894229854
2024-10-17_consumer_device_22_data_user_1,4.5237643097572136
2024-10-18_consumer_device_22_data_user_1,4.559226211059857
2024-10-19_consumer_device_22_data_user_1,4.594787137401945
2024-10-20_consumer_device_22_data_user_1,4.687976056820777
2024-10-21_consumer_device_22_data_user_1,4.453024442102829
2024-10-22_consumer_device_22_data_user_1,4.502526672280485
2024-10-23_consumer_device_22_data_user_1,4.545080710808086
2024-10-24_consumer_device_22_data_user_1,4.635642759560439
2024-09-24_consumer_device_22_data_user_10,0.08831539353630659
2024-09-25_consumer_device_22_data_user_10,0.08276730641394507
2024-09-26_consumer_device_22_data_user_10,0.07887304006096837
2024-09-27_consumer_device_22_data_user_10,0.07748702994324685
2024-09-28_consumer_device_22_data_user_10,0.07692203083749861
2024-09-29_consumer_device_22_data_user_10,0.0754764429894084
2024-09-30_consumer_device_22_data_user_10,0.07494845956059076
2024-10-01_consumer_device_22_data_user_10,0.075046029606496
2024-10-02_consumer_device_22_data_user_10,0.07589754155348946
2024-10-03_consumer_device_22_data_user_10,0.06952699024960683
2024-10-04_consumer_device_22_data_user_10,0.0686887348384563
2024-10-05_consumer_device_22_data_user_10,0.06876614137196041
2024-10-06_consumer_device_22_data_user_10,0.06880124530312415
2024-10-07_consumer_device_22_data_user_10,0.07039609682316066
2024-10-08_consumer_device_22_data_user_10,0.07137823539938257
2024-10-09_consumer_device_22_data_user_10,0.0718125358090358
2024-10-10_consumer_device_22_data_user_10,0.07239465953288376
2024-10-11_consumer_device_22_data_user_10,0.07302112553533424
2024-10-12_consumer_device_22_data_user_10,0.06810703638492827
2024-10-13_consumer_device_22_data_user_10,0.06521660929918283
2024-10-14_consumer_device_22_data_user_10,0.06277012591485441
2024-10-15_consumer_device_22_data_user_10,0.06258315153172103
2024-10-16_consumer_device_22_data_user_10,0.061414219893676895
2024-10-17_consumer_device_22_data_user_10,0.0603154307213074
2024-10-18_consumer_device_22_data_user_10,0.06061614698077162
2024-10-19_consumer_device_22_data_user_10,0.06104934816270136
2024-10-20_consumer_device_22_data_user_10,0.06240498561910053
2024-10-21_consumer_device_22_data_user_10,0.057600487410092216
2024-10-22_consumer_device_22_data_user_10,0.05824855197395481
2024-10-23_consumer_device_22_data_user_10,0.058847984368579034
2024-10-24_consumer_device_22_data_user_10,0.06019653028510732
2024-09-24_consumer_device_22_data_user_11,0.12136373102343395
2024-09-25_consumer_device_22_data_user_11,0.11234469774394404
2024-09-26_consumer_device_22_data_user_11,0.10600097668043047
2024-09-27_consumer_device_22_data_user_11,0.10329293426024813
2024-09-28_consumer_device_22_data_user_11,0.1022239483971662
2024-09-29_consumer_device_22_data_user_11,0.0995838891372143
2024-09-30_consumer_device_22_data_user_11,0.09812819810524602
2024-10-01_consumer_device_22_data_user_11,0.09779294103648532
2024-10-02_consumer_device_22_data_user_11,0.09836695241951458
2024-10-03_consumer_device_22_data_user_11,0.08915658540689733
2024-10-04_consumer_device_22_data_user_11,0.08714590208718098
2024-10-05_consumer_device_22_data_user_11,0.08636118482174215
2024-10-06_consumer_device_22_data_user_11,0.08594347160173725
2024-10-07_consumer_device_22_data_user_11,0.08728211082661527
2024-10-08_consumer_device_22_data_user_11,0.08780198338153854
2024-10-09_consumer_device_22_data_user_11,0.08790457918043826
2024-10-10_consumer_device_22_data_user_11,0.08831786858510965
2024-10-11_consumer_device_22_data_user_11,0.08883618628645551
2024-10-12_consumer_device_22_data_user_11,0.08315361443767952
2024-10-13_consumer_device_22_data_user_11,0.08002151492090438
2024-10-14_consumer_device_22_data_user_11,0.07742593465054123
2024-10-15_consumer_device_22_data_user_11,0.07710295145118437
2024-10-16_consumer_device_22_data_user_11,0.07593955493460466
2024-10-17_consumer_device_22_data_user_11,0.07476560234263402
2024-10-18_consumer_device_22_data_user_11,0.07495065640859946
2024-10-19_consumer_device_22_data_user_11,0.07531641477381032
2024-10-20_consumer_device_22_data_user_11,0.07657659059020046
2024-10-21_consumer_device_22_data_user_11,0.0715014802886559
2024-10-22_consumer_device_22_data_user_11,0.07207226639781461
2024-10-23_consumer_device_22_data_user_11,0.07262087618584899
2024-10-24_consumer_device_22_data_user_11,0.07388812723077341
2024-09-24_consumer_device_22_data_user_12,0.053326178878253395
2024-09-25_consumer_device_22_data_user_12,0.049810071566720446
2024-09-26_consumer_device_22_data_user_12,0.04733993015320577
2024-09-27_consumer_device_22_data_user_12,0.04638737561764398
2024-09-28_consumer_device_22_data_user_12,0.04600476733358021
2024-09-29_consumer_device_22_data_user_12,0.04504132878607982
2024-09-30_consumer_device_22_data_user_12,0.04460932287310885
2024-10-01_consumer_device_22_data_user_12,0.04459064072218766
2024-10-02_consumer_device_22_data_user_12,0.044998194722096096
2024-10-03_consumer_device_22_data_user_12,0.04114763341719096
2024-10-04_consumer_device_22_data_user_12,0.04051074098264235
2024-10-05_consumer_device_22_data_user_12,0.040411346811671266
2024-10-06_consumer_device_22_data_user_12,0.04035618891407995
2024-10-07_consumer_device_22_data_user_12,0.04116248842015369
2024-10-08_consumer_device_22_data_user_12,0.04160938077349942
2024-10-09_consumer_device_22_data_user_12,0.041786243203069146
2024-10-10_consumer_device_22_data_user_12,0.042068264869147914
2024-10-11_consumer_device_22_data_user_12,0.04238375966458319
2024-10-12_consumer_device_22_data_user_12,0.03964537764916358
2024-10-13_consumer_device_22_data_user_12,0.03806897675723953
2024-10-14_consumer_device_22_data_user_12,0.036743738266522705
2024-10-15_consumer_device_22_data_user_12,0.03662213957401197
2024-10-16_consumer_device_22_data_user_12,0.03600145633594075
2024-10-17_consumer_device_22_data_user_12,0.03540491512157816
2024-10-18_consumer_device_22_data_user_12,0.03554596572864845
2024-10-19_consumer_device_22_data_user_12,0.035765327300773454
2024-10-20_consumer_device_22_data_user_12,0.03647063127457118
2024-10-21_consumer_device_22_data_user_12,0.03387169467506112
2024-10-22_consumer_device_22_data_user_12,0.034203707456233155
2024-10-23_consumer_device_22_data_user_12,0.03451417302456472
2024-10-24_consumer_device_22_data_user_12,0.03521801569931551
2024-09-24_consumer_device_22_data_user_13,0.10994214627198162
2024-09-25_consumer_device_22_data_user_13,0.10115197289969827
2024-09-26_consumer_device_22_data_user_13,0.09496847512002204
2024-09-27_consumer_device_22_data_user_13,0.09230321823130094
2024-09-28_consumer_device_22_data_user_13,0.09125277842082512
2024-09-29_consumer_device_22_data_user_13,0.0886631753593996
2024-09-30_consumer_device_22_data_user_13,0.08721037036496469
2024-10-01_consumer_device_22_data_user_13,0.08685546928622402
2024-10-02_consumer_device_22_data_user_13,0.08736873145687854
2024-10-03_consumer_device_22_data_user_13,0.07845738461149593
2024-10-04_consumer_device_22_data_user_13,0.07646078549443082
2024-10-05_consumer_device_22_data_user_13,0.07564407785049859
2024-10-06_consumer_device_22_data_user_13,0.07520990109206209
2024-10-07_consumer_device_22_data_user_13,0.07644309389009127
2024-10-08_consumer_device_22_data_user_13,0.0768884008548494
2024-10-09_consumer_device_22_data_user_13,0.07695399809632332
2024-10-10_consumer_device_22_data_user_13,0.07732641738376242
2024-10-11_consumer_device_22_data_user_13,0.07780307776664938
2024-10-12_consumer_device_22_data_user_13,0.07239613805682892
2024-10-13_consumer_device_22_data_user_13,0.06943281547849439
2024-10-14_consumer_device_22_data_user_13,0.06698184341570906
2024-10-15_consumer_device_22_data_user_13,0.06666597093058718
2024-10-16_consumer_device_22_data_user_13,0.06557409639606043
2024-10-17_consumer_device_22_data_user_13,0.06446483237283007
2024-10-18_consumer_device_22_data_user_13,0.06462787394919782
2024-10-19_consumer_device_22_data_user_13,0.06496505847420173
2024-10-20_consumer_device_22_data_user_13,0.06613947248606956
2024-10-21_consumer_device_22_data_user_13,0.06134905113820456
2024-10-22_consumer_device_22_data_user_13,0.06187783793808301
2024-10-23_consumer_device_22_data_user_13,0.06238825343133455
2024-10-24_consumer_device_22_data_user_13,0.06357062355362902
2024-09-24_consumer_device_22_data_user_2,6.827709923608119
2024-09-25_consumer_device_22_data_user_2,6.994855802668293
2024-09-26_consumer_device_22_data_user_2,7.114901971538437
2024-09-27_consumer_device_22_data_user_2,7.250860447712201
2024-09-28_consumer_device_22_data_user_2,7.299049710813275
2024-09-29_consumer_device_22_data_user_2,7.402670873423283
2024-09-30_consumer_device_22_data_user_2,7.5422804555755825
2024-10-01_consumer_device_22_data_user_2,7.641606680870395
2024-10-02_consumer_device_22_data_user_2,7.783725551665226
2024-10-03_consumer_device_22_data_user_2,7.738414008971654
2024-10-04_consumer_device_22_data_user_2,7.897851069981658
2024-10-05_consumer_device_22_data_user_2,8.084067502548187
2024-10-06_consumer_device_22_data_user_2,8.18132275531596
2024-10-07_consumer_device_22_data_user_2,8.392935623569578
2024-10-08_consumer_device_22_data_user_2,8.58630082859213
2024-10-09_consumer_device_22_data_user_2,8.698164968935316
2024-10-10_consumer_device_22_data_user_2,8.790999879334297
2024-10-11_consumer_device_22_data_user_2,8.875676953026648
2024-10-12_consumer_device_22_data_user_2,8.546252850633728
2024-10-13_consumer_device_22_data_user_2,8.308932411926067
2024-10-14_consumer_device_22_data_user_2,8.096578772066447
2024-10-15_consumer_device_22_data_user_2,8.106153406963857
2024-10-16_consumer_device_22_data_user_2,7.98879307077021
2024-10-17_consumer_device_22_data_user_2,7.895116556597858
2024-10-18_consumer_device_22_data_user_2,7.948963780623929
2024-10-19_consumer_device_22_data_user_2,8.005997711954855
2024-10-20_consumer_device_22_data_user_2,8.160541343504146
2024-10-21_consumer_device_22_data_user_2,7.738918168647502
2024-10-22_consumer_device_22_data_user_2,7.8193503061056955
2024-10-23_consumer_device_22_data_user_2,7.889469239308834
2024-10-24_consumer_device_22_data_user_2,8.04037431075575
2024-09-24_consumer_device_22_data_user_3,5.473043631776259
2024-09-25_consumer_device_22_data_user_3,5.864107163073942
2024-09-26_consumer_device_22_data_user_3,6.142162015922199
2024-09-27_consumer_device_22_data_user_3,6.363043703760052
2024-09-28_consumer_device_22_data_user_3,6.443625814903767
2024-09-29_consumer_device_22_data_user_3,6.6240727701656
2024-09-30_consumer_device_22_data_user_3,6.823052986611508
2024-10-01_consumer_device_22_data_user_3,6.949906892273285
2024-10-02_consumer_device_22_data_user_3,7.109280090426762
2024-10-03_consumer_device_22_data_user_3,7.248086710207379
2024-10-04_consumer_device_22_data_user_3,7.482641335600632
2024-10-05_consumer_device_22_data_user_3,7.723747085738006
2024-10-06_consumer_device_22_data_user_3,7.8498348784412775
2024-10-07_consumer_device_22_data_user_3,8.07697393408581
2024-10-08_consumer_device_22_data_user_3,8.299299991627848
2024-10-09_consumer_device_22_data_user_3,8.43208061844806
2024-10-10_consumer_device_22_data_user_3,8.535381207056787
2024-10-11_consumer_device_22_data_user_3,8.626635323315794
2024-10-12_consumer_device_22_data_user_3,8.348631134293974
2024-10-13_consumer_device_22_data_user_3,8.128154008580186
2024-10-14_consumer_device_22_data_user_3,7.92652340852512
2024-10-15_consumer_device_22_data_user_3,7.944857023794427
2024-10-16_consumer_device_22_data_user_3,7.827728720497716
2024-10-17_consumer_device_22_data_user_3,7.739390657866738
2024-10-18_consumer_device_22_data_user_3,7.800456590202002
2024-10-19_consumer_device_22_data_user_3,7.861570786531061
2024-10-20_consumer_device_22_data_user_3,8.021518437108435
2024-10-21_consumer_device_22_data_user_3,7.619539793782404
2024-10-22_consumer_device_22_data_user_3,7.704571376274893
2024-10-23_consumer_device_22_data_user_3,7.77762851249134
2024-10-24_consumer_device_22_data_user_3,7.933038550301396
2024-09-24_consumer_device_22_data_user_4,10.957409426272246
2024-09-25_consumer_device_22_data_user_4,10.272150529418003
2024-09-26_consumer_device_22_data_user_4,9.790612325299376
2024-09-27_consumer_device_22_data_user_4,9.600507037313342
2024-09-28_consumer_device_22_data_user_4,9.524464149876087
2024-09-29_consumer_device_22_data_user_4,9.333853880367034
2024-09-30_consumer_device_22_data_user_4,9.243802108223383
2024-10-01_consumer_device_22_data_user_4,9.235318662132151
2024-10-02_consumer_device_22_data_user_4,9.306803110385898
2024-10-03_consumer_device_22_data_user_4,8.56759553730437
2024-10-04_consumer_device_22_data_user_4,8.437116909054172
2024-10-05_consumer_device_22_data_user_4,8.408817752099857
2024-10-06_consumer_device_22_data_user_4,8.393412673922034
2024-10-07_consumer_device_22_data_user_4,8.538258097558128
2024-10-08_consumer_device_22_data_user_4,8.614796302608756
2024-10-09_consumer_device_22_data_user_4,8.643348747759884
2024-10-10_consumer_device_22_data_user_4,8.693086007214822
2024-10-11_consumer_device_22_data_user_4,8.749669920952808
2024-10-12_consumer_device_22_data_user_4,8.238591966481655
2024-10-13_consumer_device_22_data_user_4,7.946725950886874
2024-10-14_consumer_device_22_data_user_4,7.701993784020498
2024-10-15_consumer_device_22_data_user_4,7.678108604402015
2024-10-16_consumer_device_22_data_user_4,7.564367568509557
2024-10-17_consumer_device_22_data_user_4,7.454110072480235
2024-10-18_consumer_device_22_data_user_4,7.478620868973895
2024-10-19_consumer_device_22_data_user_4,7.518053902139807
2024-10-20_consumer_device_22_data_user_4,7.646259748489056
2024-10-21_consumer_device_22_data_user_4,7.166567946483121
2024-10-22_consumer_device_22_data_user_4,7.2265412662632045
2024-10-23_consumer_device_22_data_user_4,7.2828729450306895
2024-10-24_consumer_device_22_data_user_4,7.410976405378738
2024-09-24_consumer_device_22_data_user_5,0.11057144004278237
2024-09-25_consumer_device_22_data_user_5,0.10905545564133935
2024-09-26_consumer_device_22_data_user_5,0.10802468441624799
2024-09-27_consumer_device_22_data_user_5,0.1087978706236942
2024-09-28_consumer_device_22_data_user_5,0.10902460530734781
2024-09-29_consumer_device_22_data_user_5,0.10936414447865932
2024-09-30_consumer_device_22_data_user_5,0.11073251529258604
2024-10-01_consumer_device_22_data_user_5,0.11200967840043739
2024-10-02_consumer_device_22_data_user_5,0.11429386366297256
2024-10-03_consumer_device_22_data_user_5,0.10965223379862211
2024-10-04_consumer_device_22_data_user_5,0.11106397357585227
2024-10-05_consumer_device_22_data_user_5,0.11339069060518804
2024-10-06_consumer_device_22_data_user_5,0.11460244953381281
2024-10-07_consumer_device_22_data_user_5,0.1182133576737884
2024-10-08_consumer_device_22_data_user_5,0.12120799643294108
2024-10-09_consumer_device_22_data_user_5,0.12285453048418529
2024-10-10_consumer_device_22_data_user_5,0.1243632239783379
2024-10-11_consumer_device_22_data_user_5,0.1258006151342266
2024-10-12_consumer_device_22_data_user_5,0.11861937864931434
2024-10-13_consumer_device_22_data_user_5,0.11386283377945088
2024-10-14_consumer_device_22_data_user_5,0.10969643167259707
2024-10-15_consumer_device_22_data_user_5,0.10969354100173406
2024-10-16_consumer_device_22_data_user_5,0.10750843533014667
2024-10-17_consumer_device_22_data_user_5,0.1056579406851654
2024-10-18_consumer_device_22_data_user_5,0.1065093330677024
2024-10-19_consumer_device_22_data_user_5,0.10748469924627796
2024-10-20_consumer_device_22_data_user_5,0.1102442781950919
2024-10-21_consumer_device_22_data_user_5,0.10200595076890177
2024-10-22_consumer_device_22_data_user_5,0.10340529330736728
2024-10-23_consumer_device_22_data_user_5,0.10464732216881288
2024-10-24_consumer_device_22_data_user_5,0.10735785871397684
2024-09-24_consumer_device_22_data_user_6,0.18095185669900393
2024-09-25_consumer_device_22_data_user_6,0.1764413038659458
2024-09-26_consumer_device_22_data_user_6,0.17331133802459248
2024-09-27_consumer_device_22_data_user_6,0.17343073308241191
2024-09-28_consumer_device_22_data_user_6,0.17338371224105922
2024-09-29_consumer_device_22_data_user_6,0.17300313399626957
2024-09-30_consumer_device_22_data_user_6,0.17421036451908267
2024-10-01_consumer_device_22_data_user_6,0.1756425677481488
2024-10-02_consumer_device_22_data_user_6,0.17855430939677733
2024-10-03_consumer_device_22_data_user_6,0.1702366942185979
2024-10-04_consumer_device_22_data_user_6,0.17133031643582852
2024-10-05_consumer_device_22_data_user_6,0.17388756693802077
2024-10-06_consumer_device_22_data_user_6,0.17521669286074376
2024-10-07_consumer_device_22_data_user_6,0.17994836169179984
2024-10-08_consumer_device_22_data_user_6,0.18369630397999426
2024-10-09_consumer_device_22_data_user_6,0.18570233483574508
2024-10-10_consumer_device_22_data_user_6,0.18763572081771007
2024-10-11_consumer_device_22_data_user_6,0.1895149087482048
2024-10-12_consumer_device_22_data_user_6,0.17920331405902756
2024-10-13_consumer_device_22_data_user_6,0.17256191483751798
2024-10-14_consumer_device_22_data_user_6,0.16678865913802793
2024-10-15_consumer_device_22_data_user_6,0.1666887954234225
2024-10-16_consumer_device_22_data_user_6,0.1637200189820861
2024-10-17_consumer_device_22_data_user_6,0.16114953785405073
2024-10-18_consumer_device_22_data_user_6,0.16222621644092103
2024-10-19_consumer_device_22_data_user_6,0.1635055631374625
2024-10-20_consumer_device_22_data_user_6,0.16719244161507277
2024-10-21_consumer_device_22_data_user_6,0.15579391335115997
2024-10-22_consumer_device_22_data_user_6,0.15764311229283687
2024-10-23_consumer_device_22_data_user_6,0.15929695730476617
2024-10-24_consumer_device_22_data_user_6,0.1629271093410044
2024-09-24_consumer_device_22_data_user_7,0.131459641680102
2024-09-25_consumer_device_22_data_user_7,0.12600516001348583
2024-09-26_consumer_device_22_data_user_7,0.12219812705468648
2024-09-27_consumer_device_22_data_user_7,0.12157993300889039
2024-09-28_consumer_device_22_data_user_7,0.12127076779212023
2024-09-29_consumer_device_22_data_user_7,0.12032427271762394
2024-09-30_consumer_device_22_data_user_7,0.12078275700534512
2024-10-01_consumer_device_22_data_user_7,0.12168683188792091
2024-10-02_consumer_device_22_data_user_7,0.12384979096891867
2024-10-03_consumer_device_22_data_user_7,0.11571197557588112
2024-10-04_consumer_device_22_data_user_7,0.11594824043204771
2024-10-05_consumer_device_22_data_user_7,0.11751433831924048
2024-10-06_consumer_device_22_data_user_7,0.11832576354793717
2024-10-07_consumer_device_22_data_user_7,0.12194566570441828
2024-10-08_consumer_device_22_data_user_7,0.12467311887328901
2024-10-09_consumer_device_22_data_user_7,0.12608749063960567
2024-10-10_consumer_device_22_data_user_7,0.1275320070126508
2024-10-11_consumer_device_22_data_user_7,0.12896620733854303
2024-10-12_consumer_device_22_data_user_7,0.12036183993252203
2024-10-13_consumer_device_22_data_user_7,0.11495662259282576
2024-10-14_consumer_device_22_data_user_7,0.11029085030167769
2024-10-15_consumer_device_22_data_user_7,0.11013817965376611
2024-10-16_consumer_device_22_data_user_7,0.10778323982321203
2024-10-17_consumer_device_22_data_user_7,0.10570111880956858
2024-10-18_consumer_device_22_data_user_7,0.10649388046803165
2024-10-19_consumer_device_22_data_user_7,0.10747361608063921
2024-10-20_consumer_device_22_data_user_7,0.11035040146400014
2024-10-21_consumer_device_22_data_user_7,0.10115126706669868
2024-10-22_consumer_device_22_data_user_7,0.10257829818423711
2024-10-23_consumer_device_22_data_user_7,0.1038644397746031
2024-10-24_consumer_device_22_data_user_7,0.10670381134979927
2024-09-24_consumer_device_22_data_user_8,0.055297280514569336
2024-09-25_consumer_device_22_data_user_8,0.05073771098402767
2024-09-26_consumer_device_22_data_user_8,0.047531596622922175
2024-09-27_consumer_device_22_data_user_8,0.046195458716995805
2024-09-28_consumer_device_22_data_user_8,0.04566592248501923
2024-09-29_consumer_device_22_data_user_8,0.04435222846413285
2024-09-30_consumer_device_22_data_user_8,0.043659523256000414
2024-10-01_consumer_device_22_data_user_8,0.04352576335707546
2024-10-02_consumer_device_22_data_user_8,0.04387457025587934
2024-10-03_consumer_device_22_data_user_8,0.03913538751761739
2024-10-04_consumer_device_22_data_user_8,0.03816576758737396
2024-10-05_consumer_device_22_data_user_8,0.03783492836951561
2024-10-06_consumer_device_22_data_user_8,0.03765810174789257
2024-10-07_consumer_device_22_data_user_8,0.038425569652085836
2024-10-08_consumer_device_22_data_user_8,0.038766285858003624
2024-10-09_consumer_device_22_data_user_8,0.038861807074336424
2024-10-10_consumer_device_22_data_user_8,0.03910930691198443
2024-10-11_consumer_device_22_data_user_8,0.039407520346234945
2024-10-12_consumer_device_22_data_user_8,0.036367881286393906
2024-10-13_consumer_device_22_data_user_8,0.03467111178309134
2024-10-14_consumer_device_22_data_user_8,0.03325897499233715
2024-10-15_consumer_device_22_data_user_8,0.033097068071739386
2024-10-16_consumer_device_22_data_user_8,0.032455606718368016
2024-10-17_consumer_device_22_data_user_8,0.03181782160026635
2024-10-18_consumer_device_22_data_user_8,0.03193335378269078
2024-10-19_consumer_device_22_data_user_8,0.03214274880867398
2024-10-20_consumer_device_22_data_user_8,0.03284809305602414
2024-10-21_consumer_device_22_data_user_8,0.03008449733327305
2024-10-22_consumer_device_22_data_user_8,0.03040798041229159
2024-10-23_consumer_device_22_data_user_8,0.030716137188181915
2024-10-24_consumer_device_22_data_user_8,0.03142371244595327
2024-09-24_consumer_device_22_data_user_9,0.14421734895192384
2024-09-25_consumer_device_22_data_user_9,0.13301858949468115
2024-09-26_consumer_device_22_data_user_9,0.12514035397272574
2024-09-27_consumer_device_22_data_user_9,0.12173082188339324
2024-09-28_consumer_device_22_data_user_9,0.12038792975772503
2024-09-29_consumer_device_22_data_user_9,0.11707984340028874
2024-09-30_consumer_device_22_data_user_9,0.1152106106765658
2024-10-01_consumer_device_22_data_user_9,0.11474329670395561
2024-10-02_consumer_device_22_data_user_9,0.11537231533526499
2024-10-03_consumer_device_22_data_user_9,0.10405436373917888
2024-10-04_consumer_device_22_data_user_9,0.10149077817505292
2024-10-05_consumer_device_22_data_user_9,0.10042232208429883
2024-10-06_consumer_device_22_data_user_9,0.09985459643009945
2024-10-07_consumer_device_22_data_user_9,0.10138718532595219
2024-10-08_consumer_device_22_data_user_9,0.10192144452851776
2024-10-09_consumer_device_22_data_user_9,0.10198648517626852
2024-10-10_consumer_device_22_data_user_9,0.10244458156083247
2024-10-11_consumer_device_22_data_user_9,0.1030364937826125
2024-10-12_consumer_device_22_data_user_9,0.09621881685251944
2024-10-13_consumer_device_22_data_user_9,0.09249162847382612
2024-10-14_consumer_device_22_data_user_9,0.08941149289641137
2024-10-15_consumer_device_22_data_user_9,0.08900848394031896
2024-10-16_consumer_device_22_data_user_9,0.08764005433899952
2024-10-17_consumer_device_22_data_user_9,0.08624564447279054
2024-10-18_consumer_device_22_data_user_9,0.08644403130939304
2024-10-19_consumer_device_22_data_user_9,0.08686321325696153
2024-10-20_consumer_device_22_data_user_9,0.08833045009910431
2024-10-21_consumer_device_22_data_user_9,0.08231140728134326
2024-10-22_consumer_device_22_data_user_9,0.08297026207931997
2024-10-23_consumer_device_22_data_user_9,0.08360745849013383
2024-10-24_consumer_device_22_data_user_9,0.08508540280112309
2024-09-24_consumer_device_23_data_user_1,4.596715793797175
2024-09-25_consumer_device_23_data_user_1,4.716939590781066
2024-09-26_consumer_device_23_data_user_1,4.803121203158172
2024-09-27_consumer_device_23_data_user_1,4.89522308945036
2024-09-28_consumer_device_23_data_user_1,4.928001953921891
2024-09-29_consumer_device_23_data_user_1,4.998905931685054
2024-09-30_consumer_device_23_data_user_1,5.09185219713651
2024-10-01_consumer_device_23_data_user_1,5.157118434930411
2024-10-02_consumer_device_23_data_user_1,5.249207906599704
2024-10-03_consumer_device_23_data_user_1,5.230944917087333
2024-10-04_consumer_device_23_data_user_1,5.337519619857358
2024-10-05_consumer_device_23_data_user_1,5.460072514041086
2024-10-06_consumer_device_23_data_user_1,5.524087897768103
2024-10-07_consumer_device_23_data_user_1,5.660612804295868
2024-10-08_consumer_device_23_data_user_1,5.786229625684381
2024-10-09_consumer_device_23_data_user_1,5.859144099593507
2024-10-10_consumer_device_23_data_user_1,5.919251672972822
2024-10-11_consumer_device_23_data_user_1,5.9739035501509
2024-10-12_consumer_device_23_data_user_1,5.765795149095801
2024-10-13_consumer_device_23_data_user_1,5.61468952078581
2024-10-14_consumer_device_23_data_user_1,5.479226151835294
2024-10-15_consumer_device_23_data_user_1,5.485874874889234
2024-10-16_consumer_device_23_data_user_1,5.4106758060641695
2024-10-17_consumer_device_23_data_user_1,5.350953834999193
2024-10-18_consumer_device_23_data_user_1,5.38588535919763
2024-10-19_consumer_device_23_data_user_1,5.422675464505085
2024-10-20_consumer_device_23_data_user_1,5.522034028125102
2024-10-21_consumer_device_23_data_user_1,5.252978360367799
2024-10-22_consumer_device_23_data_user_1,5.304794045919597
2024-10-23_consumer_device_23_data_user_1,5.349903087706798
2024-10-24_consumer_device_23_data_user_1,5.4468771910695395
2024-09-24_consumer_device_23_data_user_2,17.24604103121702
2024-09-25_consumer_device_23_data_user_2,16.825519262136186
2024-09-26_consumer_device_23_data_user_2,16.532464052836737
2024-09-27_consumer_device_23_data_user_2,16.500498351950807
2024-09-28_consumer_device_23_data_user_2,16.481855575976375
2024-09-29_consumer_device_23_data_user_2,16.41889228175096
2024-09-30_consumer_device_23_data_user_2,16.474849837437674
2024-10-01_consumer_device_23_data_user_2,16.561589232381397
2024-10-02_consumer_device_23_data_user_2,16.75629820124417
2024-10-03_consumer_device_23_data_user_2,16.089375170948784
2024-10-04_consumer_device_23_data_user_2,16.129946428271545
2024-10-05_consumer_device_23_data_user_2,16.282100956413462
2024-10-06_consumer_device_23_data_user_2,16.36103879947683
2024-10-07_consumer_device_23_data_user_2,16.68338245490135
2024-10-08_consumer_device_23_data_user_2,16.93080571348635
2024-10-09_consumer_device_23_data_user_2,17.0606663408248
2024-10-10_consumer_device_23_data_user_2,17.190422562917288
2024-10-11_consumer_device_23_data_user_2,17.318246858930696
2024-10-12_consumer_device_23_data_user_2,16.575329238743564
2024-10-13_consumer_device_23_data_user_2,16.104557848565527
2024-10-14_consumer_device_23_data_user_2,15.697183127103555
2024-10-15_consumer_device_23_data_user_2,15.686069466582873
2024-10-16_consumer_device_23_data_user_2,15.479091176390511
2024-10-17_consumer_device_23_data_user_2,15.297444275165175
2024-10-18_consumer_device_23_data_user_2,15.369044282851451
2024-10-19_consumer_device_23_data_user_2,15.456255262847638
2024-10-20_consumer_device_23_data_user_2,15.710598248277552
2024-10-21_consumer_device_23_data_user_2,14.907015069800673
2024-10-22_consumer_device_23_data_user_2,15.033687813378688
2024-10-23_consumer_device_23_data_user_2,15.147536088843543
2024-10-24_consumer_device_23_data_user_2,15.398352788330346
2024-09-24_consumer_device_23_data_user_3,1.533036855228242
2024-09-25_consumer_device_23_data_user_3,1.3307501936457233
2024-09-26_consumer_device_23_data_user_3,1.1883138234308055
2024-09-27_consumer_device_23_data_user_3,1.1222536666253746
2024-09-28_consumer_device_23_data_user_3,1.0965167529034983
2024-09-29_consumer_device_23_data_user_3,1.033909634312859
2024-09-30_consumer_device_23_data_user_3,0.9942716940422835
2024-10-01_consumer_device_23_data_user_3,0.980974894397804
2024-10-02_consumer_device_23_data_user_3,0.9843712510676821
2024-10-03_consumer_device_23_data_user_3,0.7911955020824053
2024-10-04_consumer_device_23_data_user_3,0.7385176627083911
2024-10-05_consumer_device_23_data_user_3,0.7102655525896053
2024-10-06_consumer_device_23_data_user_3,0.6953426676053727
2024-10-07_consumer_device_23_data_user_3,0.7106976435577389
2024-10-08_consumer_device_23_data_user_3,0.7097623114118456
2024-10-09_consumer_device_23_data_user_3,0.7050046354574049
2024-10-10_consumer_device_23_data_user_3,0.7080389038926677
2024-10-11_consumer_device_23_data_user_3,0.7138142344851977
2024-10-12_consumer_device_23_data_user_3,0.6133346253982395
2024-10-13_consumer_device_23_data_user_3,0.5614117217752268
2024-10-14_consumer_device_23_data_user_3,0.5193562892055396
2024-10-15_consumer_device_23_data_user_3,0.5118894620078805
2024-10-16_consumer_device_23_data_user_3,0.49441540554867935
2024-10-17_consumer_device_23_data_user_3,0.47524722174453404
2024-10-18_consumer_device_23_data_user_3,0.4758439360936784
2024-10-19_consumer_device_23_data_user_3,0.48008812807719986
2024-10-20_consumer_device_23_data_user_3,0.4973144452955156
2024-10-21_consumer_device_23_data_user_3,0.4154816517095974
2024-10-22_consumer_device_23_data_user_3,0.42263684094392445
2024-10-23_consumer_device_23_data_user_3,0.42996004186175396
2024-10-24_consumer_device_23_data_user_3,0.4475626736360112
2024-09-24_consumer_device_23_data_user_4,20.19981327493467
2024-09-25_consumer_device_23_data_user_4,19.419041704462817
2024-09-26_consumer_device_23_data_user_4,18.87210581350449
2024-09-27_consumer_device_23_data_user_4,18.714973538305415
2024-09-28_consumer_device_23_data_user_4,18.64800787308897
2024-09-29_consumer_device_23_data_user_4,18.468752496289557
2024-09-30_consumer_device_23_data_user_4,18.444243224063445
2024-10-01_consumer_device_23_data_user_4,18.499137907602265
2024-10-02_consumer_device_23_data_user_4,18.68650094678038
2024-10-03_consumer_device_23_data_user_4,17.69449385104008
2024-10-04_consumer_device_23_data_user_4,17.630538993214902
2024-10-05_consumer_device_23_data_user_4,17.71732651099577
2024-10-06_consumer_device_23_data_user_4,17.76183935386013
2024-10-07_consumer_device_23_data_user_4,18.090797923224258
2024-10-08_consumer_device_23_data_user_4,18.318755449922595
2024-10-09_consumer_device_23_data_user_4,18.43016767718759
2024-10-10_consumer_device_23_data_user_4,18.556515766527568
2024-10-11_consumer_device_23_data_user_4,18.68635809847619
2024-10-12_consumer_device_23_data_user_4,17.802617431071283
2024-10-13_consumer_device_23_data_user_4,17.26527634419749
2024-10-14_consumer_device_23_data_user_4,16.80584371409686
2024-10-15_consumer_device_23_data_user_4,16.78111777932453
2024-10-16_consumer_device_23_data_user_4,16.55520143550582
2024-10-17_consumer_device_23_data_user_4,16.349539871232412
2024-10-18_consumer_device_23_data_user_4,16.41718025523326
2024-10-19_consumer_device_23_data_user_4,16.506354283869232
2024-10-20_consumer_device_23_data_user_4,16.77577644566073
2024-10-21_consumer_device_23_data_user_4,15.871675425188267
2024-10-22_consumer_device_23_data_user_4,16.003110531973448
2024-10-23_consumer_device_23_data_user_4,16.122960729700473
2024-10-24_consumer_device_23_data_user_4,16.389834328722504
2024-09-24_consumer_device_23_data_user_5,3.495922775202154
2024-09-25_consumer_device_23_data_user_5,3.217316905121875
2024-09-26_consumer_device_23_data_user_5,3.0213781649425613
2024-09-27_consumer_device_23_data_user_5,2.9385673944171073
2024-09-28_consumer_device_23_data_user_5,2.905824408213227
2024-09-29_consumer_device_23_data_user_5,2.824808239756976
2024-09-30_consumer_device_23_data_user_5,2.780947713867918
2024-10-01_consumer_device_23_data_user_5,2.7715065293447645
2024-10-02_consumer_device_23_data_user_5,2.7907396807135867
2024-10-03_consumer_device_23_data_user_5,2.5041002628301148
2024-10-04_consumer_device_23_data_user_5,2.4431893251077517
2024-10-05_consumer_device_23_data_user_5,2.420636085611905
2024-10-06_consumer_device_23_data_user_5,2.408612382803145
2024-10-07_consumer_device_23_data_user_5,2.452287892952988
2024-10-08_consumer_device_23_data_user_5,2.470342483011839
2024-10-09_consumer_device_23_data_user_5,2.4746299500822584
2024-10-10_consumer_device_23_data_user_5,2.4883845734833216
2024-10-11_consumer_device_23_data_user_5,2.5053225620300963
2024-10-12_consumer_device_23_data_user_5,2.325509924774317
2024-10-13_consumer_device_23_data_user_5,2.225853482891749
2024-10-14_consumer_device_23_data_user_5,2.1431137189840093
2024-10-15_consumer_device_23_data_user_5,2.1331717591792216
2024-10-16_consumer_device_23_data_user_5,2.0958679728619036
2024-10-17_consumer_device_23_data_user_5,2.058468963757984
2024-10-18_consumer_device_23_data_user_5,2.0647484155052536
2024-10-19_consumer_device_23_data_user_5,2.0766742201273316
2024-10-20_consumer_device_23_data_user_5,2.1173507048113858
2024-10-21_consumer_device_23_data_user_5,1.9555075235447255
2024-10-22_consumer_device_23_data_user_5,1.974034141590151
2024-10-23_consumer_device_23_data_user_5,1.9917703063276446
2024-10-24_consumer_device_23_data_user_5,2.032630876699312
2024-09-24_consumer_device_26_data_user_1,10.777449269564604
2024-09-25_consumer_device_26_data_user_1,9.465035438121527
2024-09-26_consumer_device_26_data_user_1,8.540278495163674
2024-09-27_consumer_device_26_data_user_1,8.089376397462502
2024-09-28_consumer_device_26_data_user_1,7.915016326862066
2024-09-29_consumer_device_26_data_user_1,7.4946010629042785
2024-09-30_consumer_device_26_data_user_1,7.208136466007348
2024-10-01_consumer_device_26_data_user_1,7.0976475863624024
2024-10-02_consumer_device_26_data_user_1,7.079947480339949
2024-10-03_consumer_device_26_data_user_1,5.882831333448024
2024-10-04_consumer_device_26_data_user_1,5.509283201744971
2024-10-05_consumer_device_26_data_user_1,5.281330619520354
2024-10-06_consumer_device_26_data_user_1,5.161228077228879
2024-10-07_consumer_device_26_data_user_1,5.199351264119281
2024-10-08_consumer_device_26_data_user_1,5.140478355470776
2024-10-09_consumer_device_26_data_user_1,5.080018236182434
2024-10-10_consumer_device_26_data_user_1,5.073563546342143
2024-10-11_consumer_device_26_data_user_1,5.086508284984144
2024-10-12_consumer_device_26_data_user_1,4.547691836368806
2024-10-13_consumer_device_26_data_user_1,4.2876527699578055
2024-10-14_consumer_device_26_data_user_1,4.082551976262533
2024-10-15_consumer_device_26_data_user_1,4.0331744583727565
2024-10-16_consumer_device_26_data_user_1,3.9559410171010567
2024-10-17_consumer_device_26_data_user_1,3.8616064823626703
2024-10-18_consumer_device_26_data_user_1,3.8505789944777304
2024-10-19_consumer_device_26_data_user_1,3.8615158893334165
2024-10-20_consumer_device_26_data_user_1,3.927003310999287
2024-10-21_consumer_device_26_data_user_1,3.5302199168608066
2024-10-22_consumer_device_26_data_user_1,3.5529682912543064
2024-10-23_consumer_device_26_data_user_1,3.579596297475374
2024-10-24_consumer_device_26_data_user_1,3.6484375664639757
2024-09-24_consumer_device_26_data_user_10,0.1478427636019105
2024-09-25_consumer_device_26_data_user_10,0.134584435349042
2024-09-26_consumer_device_26_data_user_10,0.12525192111355818
2024-09-27_consumer_device_26_data_user_10,0.12102901541223968
2024-09-28_consumer_device_26_data_user_10,0.11937750421459797
2024-09-29_consumer_device_26_data_user_10,0.11534221196020053
2024-09-30_consumer_device_26_data_user_10,0.11288453277279094
2024-10-01_consumer_device_26_data_user_10,0.11212900142969304
2024-10-02_consumer_device_26_data_user_10,0.11254186308785183
2024-10-03_consumer_device_26_data_user_10,0.09961165526433119
2024-10-04_consumer_device_26_data_user_10,0.09631119590840127
2024-10-05_consumer_device_26_data_user_10,0.0946733056906913
2024-10-06_consumer_device_26_data_user_10,0.09380671438141841
2024-10-07_consumer_device_26_data_user_10,0.09510757430837119
2024-10-08_consumer_device_26_data_user_10,0.09529910427089541
2024-10-09_consumer_device_26_data_user_10,0.09512896891287996
2024-10-10_consumer_device_26_data_user_10,0.09545300611035724
2024-10-11_consumer_device_26_data_user_10,0.0959489625472912
2024-10-12_consumer_device_26_data_user_10,0.08882184088434683
2024-10-13_consumer_device_26_data_user_10,0.08505082045715615
2024-10-14_consumer_device_26_data_user_10,0.08197001637516152
2024-10-15_consumer_device_26_data_user_10,0.08148509348766238
2024-10-16_consumer_device_26_data_user_10,0.08016677955292184
2024-10-17_consumer_device_26_data_user_10,0.0787666829120689
2024-10-18_consumer_device_26_data_user_10,0.07887713042728106
2024-10-19_consumer_device_26_data_user_10,0.07923478196779828
2024-10-20_consumer_device_26_data_user_10,0.0805854037202188
2024-10-21_consumer_device_26_data_user_10,0.07457962544879455
2024-10-22_consumer_device_26_data_user_10,0.07516194502613746
2024-10-23_consumer_device_26_data_user_10,0.07574191962513442
2024-10-24_consumer_device_26_data_user_10,0.07711283741880637
2024-09-24_consumer_device_26_data_user_11,0.13610023383995778
2024-09-25_consumer_device_26_data_user_11,0.12433566869505272
2024-09-26_consumer_device_26_data_user_11,0.11605429260312489
2024-09-27_consumer_device_26_data_user_11,0.11229613136648156
2024-09-28_consumer_device_26_data_user_11,0.11082703883380521
2024-09-29_consumer_device_26_data_user_11,0.10723935113779115
2024-09-30_consumer_device_26_data_user_11,0.10504408008122999
2024-10-01_consumer_device_26_data_user_11,0.10436169351728353
2024-10-02_consumer_device_26_data_user_11,0.10470838927703702
2024-10-03_consumer_device_26_data_user_11,0.09326276290287817
2024-10-04_consumer_device_26_data_user_11,0.09031843689191324
2024-10-05_consumer_device_26_data_user_11,0.08884299739863714
2024-10-06_consumer_device_26_data_user_11,0.0880625265359472
2024-10-07_consumer_device_26_data_user_11,0.0891864108454852
2024-10-08_consumer_device_26_data_user_11,0.08933024828202882
2024-10-09_consumer_device_26_data_user_11,0.08916464676320758
2024-10-10_consumer_device_26_data_user_11,0.08943924854231546
2024-10-11_consumer_device_26_data_user_11,0.08986719912878546
2024-10-12_consumer_device_26_data_user_11,0.08359898584313305
2024-10-13_consumer_device_26_data_user_11,0.08029082679391385
2024-10-14_consumer_device_26_data_user_11,0.0775906294016771
2024-10-15_consumer_device_26_data_user_11,0.07715987917272248
2024-10-16_consumer_device_26_data_user_11,0.07600796503622392
2024-10-17_consumer_device_26_data_user_11,0.07478046083790135
2024-10-18_consumer_device_26_data_user_11,0.07487109666990623
2024-10-19_consumer_device_26_data_user_11,0.07518024429963477
2024-10-20_consumer_device_26_data_user_11,0.07635581233131873
2024-10-21_consumer_device_26_data_user_11,0.071093017306087
2024-10-22_consumer_device_26_data_user_11,0.0715980218192015
2024-10-23_consumer_device_26_data_user_11,0.0721023250979171
2024-10-24_consumer_device_26_data_user_11,0.07329635368850776
2024-09-24_consumer_device_26_data_user_12,0.14869982625470624
2024-09-25_consumer_device_26_data_user_12,0.13634870005200617
2024-09-26_consumer_device_26_data_user_12,0.12765561014671206
2024-09-27_consumer_device_26_data_user_12,0.12375092111893587
2024-09-28_consumer_device_26_data_user_12,0.12222209694572556
2024-09-29_consumer_device_26_data_user_12,0.11848158071626311
2024-09-30_consumer_device_26_data_user_12,0.11623049685140346
2024-10-01_consumer_device_26_data_user_12,0.11555843168613135
2024-10-02_consumer_device_26_data_user_12,0.11599516176806414
2024-10-03_consumer_device_26_data_user_12,0.10387600696593513
2024-10-04_consumer_device_26_data_user_12,0.10084306583970917
2024-10-05_consumer_device_26_data_user_12,0.0993758210490783
2024-10-06_consumer_device_26_data_user_12,0.0985990672412665
2024-10-07_consumer_device_26_data_user_12,0.0998915794304454
2024-10-08_consumer_device_26_data_user_12,0.10013926467525922
2024-10-09_consumer_device_26_data_user_12,0.10001958606683045
2024-10-10_consumer_device_26_data_user_12,0.10035573824404664
2024-10-11_consumer_device_26_data_user_12,0.1008499268329428
2024-10-12_consumer_device_26_data_user_12,0.09406215276654871
2024-10-13_consumer_device_26_data_user_12,0.09044838976043497
2024-10-14_consumer_device_26_data_user_12,0.08748952576823958
2024-10-15_consumer_device_26_data_user_12,0.0870390082557629
2024-10-16_consumer_device_26_data_user_12,0.0857635020882713
2024-10-17_consumer_device_26_data_user_12,0.08441982304983732
2024-10-18_consumer_device_26_data_user_12,0.0845422552260608
2024-10-19_consumer_device_26_data_user_12,0.08489720633921664
2024-10-20_consumer_device_26_data_user_12,0.08621610802991246
2024-10-21_consumer_device_26_data_user_12,0.0804453333132718
2024-10-22_consumer_device_26_data_user_12,0.0810188590855194
2024-10-23_consumer_device_26_data_user_12,0.08158654138908109
2024-10-24_consumer_device_26_data_user_12,0.08292315367337956
2024-09-24_consumer_device_26_data_user_13,-0.0023969256651433114
2024-09-25_consumer_device_26_data_user_13,-0.0028966322960338265
2024-09-26_consumer_device_26_data_user_13,-0.0029624287916944093
2024-09-27_consumer_device_26_data_user_13,0.006765126580330827
2024-09-28_consumer_device_26_data_user_13,0.009973983162308613
2024-09-29_consumer_device_26_data_user_13,0.016126375416328283
2024-09-30_consumer_device_26_data_user_13,0.029016609359766837
2024-10-01_consumer_device_26_data_user_13,0.03972109822696951
2024-10-02_consumer_device_26_data_user_13,0.05734464340282179
2024-10-03_consumer_device_26_data_user_13,0.03195900920604091
2024-10-04_consumer_device_26_data_user_13,0.04591737215625223
2024-10-05_consumer_device_26_data_user_13,0.06564413115085209
2024-10-06_consumer_device_26_data_user_13,0.07592957306721564
2024-10-07_consumer_device_26_data_user_13,0.10323043737451637
2024-10-08_consumer_device_26_data_user_13,0.12663705628181937
2024-10-09_consumer_device_26_data_user_13,0.1397441780571392
2024-10-10_consumer_device_26_data_user_13,0.15134017007375444
2024-10-11_consumer_device_26_data_user_13,0.16222666630646304
2024-10-12_consumer_device_26_data_user_13,0.11184676082808348
2024-10-13_consumer_device_26_data_user_13,0.07765831745800156
2024-10-14_consumer_device_26_data_user_13,0.047519884109277016
2024-10-15_consumer_device_26_data_user_13,0.04791529601977458
2024-10-16_consumer_device_26_data_user_13,0.031852440699774234
2024-10-17_consumer_device_26_data_user_13,0.018493942248475663
2024-10-18_consumer_device_26_data_user_13,0.025100287691791297
2024-10-19_consumer_device_26_data_user_13,0.03246929910187113
2024-10-20_consumer_device_26_data_user_13,0.053026161459260965
2024-10-21_consumer_device_26_data_user_13,-0.006641424888092684
2024-10-22_consumer_device_26_data_user_13,0.0038711043831561763
2024-10-23_consumer_device_26_data_user_13,0.013147388376933184
2024-10-24_consumer_device_26_data_user_13,0.0333007199670659
2024-09-24_consumer_device_26_data_user_2,0.15949446704118675
2024-09-25_consumer_device_26_data_user_2,0.1563174752514319
2024-09-26_consumer_device_26_data_user_2,0.15418225157830068
2024-09-27_consumer_device_26_data_user_2,0.15666438271168895
2024-09-28_consumer_device_26_data_user_2,0.15742467369222107
2024-09-29_consumer_device_26_data_user_2,0.1586857749627153
2024-09-30_consumer_device_26_data_user_2,0.1626850935295071
2024-10-01_consumer_device_26_data_user_2,0.1662971549577495
2024-10-02_consumer_device_26_data_user_2,0.17261886867631412
2024-10-03_consumer_device_26_data_user_2,0.1607212733190222
2024-10-04_consumer_device_26_data_user_2,0.16490735281755264
2024-10-05_consumer_device_26_data_user_2,0.17150826661765375
2024-10-06_consumer_device_26_data_user_2,0.17494710082907103
2024-10-07_consumer_device_26_data_user_2,0.18488980188484871
2024-10-08_consumer_device_26_data_user_2,0.193205205745955
2024-10-09_consumer_device_26_data_user_2,0.197798850713989
2024-10-10_consumer_device_26_data_user_2,0.20197028448334847
2024-10-11_consumer_device_26_data_user_2,0.20592988330452364
2024-10-12_consumer_device_26_data_user_2,0.1865123930667158
2024-10-13_consumer_device_26_data_user_2,0.1735765708350935
2024-10-14_consumer_device_26_data_user_2,0.16222824765252591
2024-10-15_consumer_device_26_data_user_2,0.16225824970974892
2024-10-16_consumer_device_26_data_user_2,0.15628318846494166
2024-10-17_consumer_device_26_data_user_2,0.15124535791805754
2024-10-18_consumer_device_26_data_user_2,0.15360508039263618
2024-10-19_consumer_device_26_data_user_2,0.15629027714113977
2024-10-20_consumer_device_26_data_user_2,0.1638608627304468
2024-10-21_consumer_device_26_data_user_2,0.14141480491783354
2024-10-22_consumer_device_26_data_user_2,0.145261785431237
2024-10-23_consumer_device_26_data_user_2,0.14867133768368498
2024-10-24_consumer_device_26_data_user_2,0.15610390576713243
2024-09-24_consumer_device_26_data_user_3,0.23352494609732705
2024-09-25_consumer_device_26_data_user_3,0.2672598928567891
2024-09-26_consumer_device_26_data_user_3,0.29135402264286914
2024-09-27_consumer_device_26_data_user_3,0.3141366957005242
2024-09-28_consumer_device_26_data_user_3,0.3223216522936919
2024-09-29_consumer_device_26_data_user_3,0.3402653354492983
2024-09-30_consumer_device_26_data_user_3,0.3623262802629832
2024-10-01_consumer_device_26_data_user_3,0.3773168126651839
2024-10-02_consumer_device_26_data_user_3,0.3977052609696498
2024-10-03_consumer_device_26_data_user_3,0.4002899187550222
2024-10-04_consumer_device_26_data_user_3,0.42583445928680475
2024-10-05_consumer_device_26_data_user_3,0.4540958300605745
2024-10-06_consumer_device_26_data_user_3,0.4688638249735828
2024-10-07_consumer_device_26_data_user_3,0.49873487971225927
2024-10-08_consumer_device_26_data_user_3,0.5267379441197738
2024-10-09_consumer_device_26_data_user_3,0.543137483825956
2024-10-10_consumer_device_26_data_user_3,0.5564170504267072
2024-10-11_consumer_device_26_data_user_3,0.5683874298395528
2024-10-12_consumer_device_26_data_user_3,0.5255079439769259
2024-10-13_consumer_device_26_data_user_3,0.49364929950755376
2024-10-14_consumer_device_26_data_user_3,0.4649339399835357
2024-10-15_consumer_device_26_data_user_3,0.4666714892370837
2024-10-16_consumer_device_26_data_user_3,0.4505287049056483
2024-10-17_consumer_device_26_data_user_3,0.43789050722536693
2024-10-18_consumer_device_26_data_user_3,0.44564809812668377
2024-10-19_consumer_device_26_data_user_3,0.45369394929666373
2024-10-20_consumer_device_26_data_user_3,0.4752248125439548
2024-10-21_consumer_device_26_data_user_3,0.4181322847581177
2024-10-22_consumer_device_26_data_user_3,0.42942362477138807
2024-10-23_consumer_device_26_data_user_3,0.4392158242889953
2024-10-24_consumer_device_26_data_user_3,0.46020278737855586
2024-09-24_consumer_device_26_data_user_4,5.3739334684834486
2024-09-25_consumer_device_26_data_user_4,5.130451361381322
2024-09-26_consumer_device_26_data_user_4,4.959875670300882
2024-09-27_consumer_device_26_data_user_4,4.910362928467886
2024-09-28_consumer_device_26_data_user_4,4.8893106322678435
2024-09-29_consumer_device_26_data_user_4,4.833084118561915
2024-09-30_consumer_device_26_data_user_4,4.824769470172573
2024-10-01_consumer_device_26_data_user_4,4.841333157833612
2024-10-02_consumer_device_26_data_user_4,4.898851267603203
2024-10-03_consumer_device_26_data_user_4,4.590783519912124
2024-10-04_consumer_device_26_data_user_4,4.5701109548494205
2024-10-05_consumer_device_26_data_user_4,4.596152005696554
2024-10-06_consumer_device_26_data_user_4,4.609499593173375
2024-10-07_consumer_device_26_data_user_4,4.710675211721898
2024-10-08_consumer_device_26_data_user_4,4.780553099617939
2024-10-09_consumer_device_26_data_user_4,4.814618550150334
2024-10-10_consumer_device_26_data_user_4,4.853420840015396
2024-10-11_consumer_device_26_data_user_4,4.89334983324152
2024-10-12_consumer_device_26_data_user_4,4.62034878861877
2024-10-13_consumer_device_26_data_user_4,4.454540897513709
2024-10-14_consumer_device_26_data_user_4,4.312820485519071
2024-10-15_consumer_device_26_data_user_4,4.305088354338795
2024-10-16_consumer_device_26_data_user_4,4.235464986367563
2024-10-17_consumer_device_26_data_user_4,4.172018002407106
2024-10-18_consumer_device_26_data_user_4,4.192770057937509
2024-10-19_consumer_device_26_data_user_4,4.220198375462753
2024-10-20_consumer_device_26_data_user_4,4.30315657984182
2024-10-21_consumer_device_26_data_user_4,4.0242887470432835
2024-10-22_consumer_device_26_data_user_4,4.064733954106829
2024-10-23_consumer_device_26_data_user_4,4.10163036419543
2024-10-24_consumer_device_26_data_user_4,4.183814714538582
2024-09-24_consumer_device_26_data_user_5,0.19473111213101615
2024-09-25_consumer_device_26_data_user_5,0.19913987483102757
2024-09-26_consumer_device_26_data_user_5,0.20236750845095677
2024-09-27_consumer_device_26_data_user_5,0.20806992740551541
2024-09-28_consumer_device_26_data_user_5,0.21004119100777258
2024-09-29_consumer_device_26_data_user_5,0.2141238703661561
2024-09-30_consumer_device_26_data_user_5,0.22058533215001683
2024-10-01_consumer_device_26_data_user_5,0.2255026535652735
2024-10-02_consumer_device_26_data_user_5,0.23302032159410807
2024-10-03_consumer_device_26_data_user_5,0.2264956045464211
2024-10-04_consumer_device_26_data_user_5,0.23371548562539807
2024-10-05_consumer_device_26_data_user_5,0.24286304667711775
2024-10-06_consumer_device_26_data_user_5,0.2476369404703252
2024-10-07_consumer_device_26_data_user_5,0.25905192527418275
2024-10-08_consumer_device_26_data_user_5,0.26916097233608793
2024-10-09_consumer_device_26_data_user_5,0.27491857024948935
2024-10-10_consumer_device_26_data_user_5,0.2798467910176716
2024-10-11_consumer_device_26_data_user_5,0.2844065782294277
2024-10-12_consumer_device_26_data_user_5,0.2649909914242506
2024-10-13_consumer_device_26_data_user_5,0.2514435485101889
2024-10-14_consumer_device_26_data_user_5,0.23941599529840596
2024-10-15_consumer_device_26_data_user_5,0.23975709407766446
2024-10-16_consumer_device_26_data_user_5,0.23323385008126507
2024-10-17_consumer_device_26_data_user_5,0.22791484261058706
2024-10-18_consumer_device_26_data_user_5,0.2307483714584357
2024-10-19_consumer_device_26_data_user_5,0.2338272115759165
2024-10-20_consumer_device_26_data_user_5,0.24229292309879671
2024-10-21_consumer_device_26_data_user_5,0.21844832620066407
2024-10-22_consumer_device_26_data_user_5,0.22281540047577056
2024-10-23_consumer_device_26_data_user_5,0.22664584339986849
2024-10-24_consumer_device_26_data_user_5,0.23492904100369255
2024-09-24_consumer_device_26_data_user_6,0.23879583647699126
2024-09-25_consumer_device_26_data_user_6,0.21772287782845756
2024-09-26_consumer_device_26_data_user_6,0.20288849916330032
2024-09-27_consumer_device_26_data_user_6,0.19613646225808098
2024-09-28_consumer_device_26_data_user_6,0.19349826291359273
2024-09-29_consumer_device_26_data_user_6,0.18705894911363857
2024-09-30_consumer_device_26_data_user_6,0.18310002957177435
2024-10-01_consumer_device_26_data_user_6,0.18185565039583432
2024-10-02_consumer_device_26_data_user_6,0.18244044833317644
2024-10-03_consumer_device_26_data_user_6,0.161989984353965
2024-10-04_consumer_device_26_data_user_6,0.1566870784444766
2024-10-05_consumer_device_26_data_user_6,0.15400354167587732
2024-10-06_consumer_device_26_data_user_6,0.15258432483335274
2024-10-07_consumer_device_26_data_user_6,0.15454140778446326
2024-10-08_consumer_device_26_data_user_6,0.15475093099106915
2024-10-09_consumer_device_26_data_user_6,0.15442733330285324
2024-10-10_consumer_device_26_data_user_6,0.15489538384453058
2024-10-11_consumer_device_26_data_user_6,0.15563958871276168
2024-10-12_consumer_device_26_data_user_6,0.14451487710497293
2024-10-13_consumer_device_26_data_user_6,0.13865924428097917
2024-10-14_consumer_device_26_data_user_6,0.13388433081560452
2024-10-15_consumer_device_26_data_user_6,0.13311191037016962
2024-10-16_consumer_device_26_data_user_6,0.13108150702941668
2024-10-17_consumer_device_26_data_user_6,0.12891013709200708
2024-10-18_consumer_device_26_data_user_6,0.12905890844560972
2024-10-19_consumer_device_26_data_user_6,0.12959753384913722
2024-10-20_consumer_device_26_data_user_6,0.13166106700650995
2024-10-21_consumer_device_26_data_user_6,0.12235647098895473
2024-10-22_consumer_device_26_data_user_6,0.1232394723866737
2024-10-23_consumer_device_26_data_user_6,0.12412375991825261
2024-10-24_consumer_device_26_data_user_6,0.12622119150038208
2024-09-24_consumer_device_26_data_user_7,0.015996619888141574
2024-09-25_consumer_device_26_data_user_7,0.016759112009295817
2024-09-26_consumer_device_26_data_user_7,0.017306078785850394
2024-09-27_consumer_device_26_data_user_7,0.017903334697147055
2024-09-28_consumer_device_26_data_user_7,0.018115568264494016
2024-09-29_consumer_device_26_data_user_7,0.018573627288426407
2024-09-30_consumer_device_26_data_user_7,0.01918034736659346
2024-10-01_consumer_device_26_data_user_7,0.019608527325825572
2024-10-02_consumer_device_26_data_user_7,0.020215951362034298
2024-10-03_consumer_device_26_data_user_7,0.020067080077980384
2024-10-04_consumer_device_26_data_user_7,0.020761695087787115
2024-10-05_consumer_device_26_data_user_7,0.02156522020219107
2024-10-06_consumer_device_26_data_user_7,0.021984916343240138
2024-10-07_consumer_device_26_data_user_7,0.022886960344055268
2024-10-08_consumer_device_26_data_user_7,0.02371470974292213
2024-10-09_consumer_device_26_data_user_7,0.024194556145807723
2024-10-10_consumer_device_26_data_user_7,0.024591147559820174
2024-10-11_consumer_device_26_data_user_7,0.024952187292071475
2024-10-12_consumer_device_26_data_user_7,0.0235658045598072
2024-10-13_consumer_device_26_data_user_7,0.022562268719309043
2024-10-14_consumer_device_26_data_user_7,0.021663280583199572
2024-10-15_consumer_device_26_data_user_7,0.021705997603265515
2024-10-16_consumer_device_26_data_user_7,0.021207813584205155
2024-10-17_consumer_device_26_data_user_7,0.020811382573019805
2024-10-18_consumer_device_26_data_user_7,0.02104168955873395
2024-10-19_consumer_device_26_data_user_7,0.021284783939000615
2024-10-20_consumer_device_26_data_user_7,0.021942156427356727
2024-10-21_consumer_device_26_data_user_7,0.020156847771524287
2024-10-22_consumer_device_26_data_user_7,0.020499398992966135
2024-10-23_consumer_device_26_data_user_7,0.020797774351258905
2024-10-24_consumer_device_26_data_user_7,0.02143948740295299
2024-09-24_consumer_device_26_data_user_8,0.007665106576512194
2024-09-25_consumer_device_26_data_user_8,0.00838932741138692
2024-09-26_consumer_device_26_data_user_8,0.00890656340351801
2024-09-27_consumer_device_26_data_user_8,0.00939510551206921
2024-09-28_consumer_device_26_data_user_8,0.009570636079019266
2024-09-29_consumer_device_26_data_user_8,0.009955496219977615
2024-09-30_consumer_device_26_data_user_8,0.010428370282563318
2024-10-01_consumer_device_26_data_user_8,0.01074958338731491
2024-10-02_consumer_device_26_data_user_8,0.011186292409774302
2024-10-03_consumer_device_26_data_user_8,0.011243179066512739
2024-10-04_consumer_device_26_data_user_8,0.011790777043770186
2024-10-05_consumer_device_26_data_user_8,0.012396379186040578
2024-10-06_consumer_device_26_data_user_8,0.012712838178046023
2024-10-07_consumer_device_26_data_user_8,0.013352577523129641
2024-10-08_consumer_device_26_data_user_8,0.013952431416589278
2024-10-09_consumer_device_26_data_user_8,0.01430375925875637
2024-10-10_consumer_device_26_data_user_8,0.014588193584204188
2024-10-11_consumer_device_26_data_user_8,0.014844562556273753
2024-10-12_consumer_device_26_data_user_8,0.013926843314032296
2024-10-13_consumer_device_26_data_user_8,0.013244816305732553
2024-10-14_consumer_device_26_data_user_8,0.012630043094109452
2024-10-15_consumer_device_26_data_user_8,0.012667321500298277
2024-10-16_consumer_device_26_data_user_8,0.012321668636179674
2024-10-17_consumer_device_26_data_user_8,0.01205109997434769
2024-10-18_consumer_device_26_data_user_8,0.012217268658445172
2024-10-19_consumer_device_26_data_user_8,0.012389583366736836
2024-10-20_consumer_device_26_data_user_8,0.01285065485130287
2024-10-21_consumer_device_26_data_user_8,0.011628334796158253
2024-10-22_consumer_device_26_data_user_8,0.01187014737068862
2024-10-23_consumer_device_26_data_user_8,0.01207984591440648
2024-10-24_consumer_device_26_data_user_8,0.012529263688224063
2024-09-24_consumer_device_26_data_user_9,0.21104558521327238
2024-09-25_consumer_device_26_data_user_9,0.19216518178665482
2024-09-26_consumer_device_26_data_user_9,0.17887388991443215
2024-09-27_consumer_device_26_data_user_9,0.17281159303956525
2024-09-28_consumer_device_26_data_user_9,0.1704436585855742
2024-09-29_consumer_device_26_data_user_9,0.16466617846401438
2024-09-30_consumer_device_26_data_user_9,0.16110238372384542
2024-10-01_consumer_device_26_data_user_9,0.15997360124904816
2024-10-02_consumer_device_26_data_user_9,0.1604747892741412
2024-10-03_consumer_device_26_data_user_9,0.1421843016769251
2024-10-04_consumer_device_26_data_user_9,0.13741493488594483
2024-10-05_consumer_device_26_data_user_9,0.13498502605568338
2024-10-06_consumer_device_26_data_user_9,0.13370013340255857
2024-10-07_consumer_device_26_data_user_9,0.13541835796441856
2024-10-08_consumer_device_26_data_user_9,0.13557582976237179
2024-10-09_consumer_device_26_data_user_9,0.13526894756054833
2024-10-10_consumer_device_26_data_user_9,0.1356733235344493
2024-10-11_consumer_device_26_data_user_9,0.1363260467382017
2024-10-12_consumer_device_26_data_user_9,0.12642360112544723
2024-10-13_consumer_device_26_data_user_9,0.121221238956749
2024-10-14_consumer_device_26_data_user_9,0.11698194938412447
2024-10-15_consumer_device_26_data_user_9,0.1162893613012883
2024-10-16_consumer_device_26_data_user_9,0.1144909153852046
2024-10-17_consumer_device_26_data_user_9,0.11256266962024777
2024-10-18_consumer_device_26_data_user_9,0.11268742644278747
2024-10-19_consumer_device_26_data_user_9,0.11316050064500266
2024-10-20_consumer_device_26_data_user_9,0.11498282095648854
2024-10-21_consumer_device_26_data_user_9,0.10672317734918736
2024-10-22_consumer_device_26_data_user_9,0.10750074355355566
2024-10-23_consumer_device_26_data_user_9,0.10828106021177214
2024-10-24_consumer_device_26_data_user_9,0.11013427463987543
2024-09-24_consumer_device_29_data_user_1,12.466775223914489
2024-09-25_consumer_device_29_data_user_1,10.92992537454326
2024-09-26_consumer_device_29_data_user_1,9.847214393366531
2024-09-27_consumer_device_29_data_user_1,9.325729158396513
2024-09-28_consumer_device_29_data_user_1,9.123710828502325
2024-09-29_consumer_device_29_data_user_1,8.635561549084613
2024-09-30_consumer_device_29_data_user_1,8.308677883453148
2024-10-01_consumer_device_29_data_user_1,8.186378525857158
2024-10-02_consumer_device_29_data_user_1,8.177273579127464
2024-10-03_consumer_device_29_data_user_1,6.759004496255433
2024-10-04_consumer_device_29_data_user_1,6.33087111077082
2024-10-05_consumer_device_29_data_user_1,6.07699762308795
2024-10-06_consumer_device_29_data_user_1,5.94316674259956
2024-10-07_consumer_device_29_data_user_1,6.005796807612889
2024-10-08_consumer_device_29_data_user_1,5.952300686293851
2024-10-09_consumer_device_29_data_user_1,5.890156794344984
2024-10-10_consumer_device_29_data_user_1,5.890244098914617
2024-10-11_consumer_device_29_data_user_1,5.9125757543746715
2024-10-12_consumer_device_29_data_user_1,5.248540566371551
2024-10-13_consumer_device_29_data_user_1,4.921560106142372
2024-10-14_consumer_device_29_data_user_1,4.661568934956471
2024-10-15_consumer_device_29_data_user_1,4.604020415888053
2024-10-16_consumer_device_29_data_user_1,4.503009870131928
2024-10-17_consumer_device_29_data_user_1,4.383760802076881
2024-10-18_consumer_device_29_data_user_1,4.375205237854219
2024-10-19_consumer_device_29_data_user_1,4.39286743150092
2024-10-20_consumer_device_29_data_user_1,4.4830887113284446
2024-10-21_consumer_device_29_data_user_1,3.9792174844006682
2024-10-22_consumer_device_29_data_user_1,4.012780312961256
2024-10-23_consumer_device_29_data_user_1,4.05007031080569
2024-10-24_consumer_device_29_data_user_1,4.143952126478966
2024-09-24_consumer_device_29_data_user_2,-0.0023969256651433114
2024-09-25_consumer_device_29_data_user_2,-0.0028966322960338265
2024-09-26_consumer_device_29_data_user_2,-0.0029624287916944093
2024-09-27_consumer_device_29_data_user_2,0.006765126580330827
2024-09-28_consumer_device_29_data_user_2,0.009973983162308613
2024-09-29_consumer_device_29_data_user_2,0.016126375416328283
2024-09-30_consumer_device_29_data_user_2,0.029016609359766837
2024-10-01_consumer_device_29_data_user_2,0.03972109822696951
2024-10-02_consumer_device_29_data_user_2,0.05734464340282179
2024-10-03_consumer_device_29_data_user_2,0.03195900920604091
2024-10-04_consumer_device_29_data_user_2,0.04591737215625223
2024-10-05_consumer_device_29_data_user_2,0.06564413115085209
2024-10-06_consumer_device_29_data_user_2,0.07592957306721564
2024-10-07_consumer_device_29_data_user_2,0.10323043737451637
2024-10-08_consumer_device_29_data_user_2,0.12663705628181937
2024-10-09_consumer_device_29_data_user_2,0.1397441780571392
2024-10-10_consumer_device_29_data_user_2,0.15134017007375444
2024-10-11_consumer_device_29_data_user_2,0.16222666630646304
2024-10-12_consumer_device_29_data_user_2,0.11184676082808348
2024-10-13_consumer_device_29_data_user_2,0.07765831745800156
2024-10-14_consumer_device_29_data_user_2,0.047519884109277016
2024-10-15_consumer_device_29_data_user_2,0.04791529601977458
2024-10-16_consumer_device_29_data_user_2,0.031852440699774234
2024-10-17_consumer_device_29_data_user_2,0.018493942248475663
2024-10-18_consumer_device_29_data_user_2,0.025100287691791297
2024-10-19_consumer_device_29_data_user_2,0.03246929910187113
2024-10-20_consumer_device_29_data_user_2,0.053026161459260965
2024-10-21_consumer_device_29_data_user_2,-0.006641424888092684
2024-10-22_consumer_device_29_data_user_2,0.0038711043831561763
2024-10-23_consumer_device_29_data_user_2,0.013147388376933184
2024-10-24_consumer_device_29_data_user_2,0.0333007199670659
2024-09-24_consumer_device_29_data_user_3,20.923698889519432
2024-09-25_consumer_device_29_data_user_3,19.7216143458349
2024-09-26_consumer_device_29_data_user_3,18.876795434547816
2024-09-27_consumer_device_29_data_user_3,18.53977771502987
2024-09-28_consumer_device_29_data_user_3,18.40521362519241
2024-09-29_consumer_device_29_data_user_3,18.068590562076242
2024-09-30_consumer_device_29_data_user_3,17.905980472687478
2024-10-01_consumer_device_29_data_user_3,17.887262187910224
2024-10-02_consumer_device_29_data_user_3,18.006366449446624
2024-10-03_consumer_device_29_data_user_3,16.718544960166856
2024-10-04_consumer_device_29_data_user_3,16.48462471454271
2024-10-05_consumer_device_29_data_user_3,16.427908643585944
2024-10-06_consumer_device_29_data_user_3,16.397196692917372
2024-10-07_consumer_device_29_data_user_3,16.641543870739934
2024-10-08_consumer_device_29_data_user_3,16.76744327085884
2024-10-09_consumer_device_29_data_user_3,16.812842576536468
2024-10-10_consumer_device_29_data_user_3,16.895951211032074
2024-10-11_consumer_device_29_data_user_3,16.991326211290176
2024-10-12_consumer_device_29_data_user_3,16.11270340563424
2024-10-13_consumer_device_29_data_user_3,15.612880717976998
2024-10-14_consumer_device_29_data_user_3,15.19430205215234
2024-10-15_consumer_device_29_data_user_3,15.152254675787368
2024-10-16_consumer_device_29_data_user_3,14.958453619858822
2024-10-17_consumer_device_29_data_user_3,14.769795611566709
2024-10-18_consumer_device_29_data_user_3,14.810432570402313
2024-10-19_consumer_device_29_data_user_3,14.876976900160468
2024-10-20_consumer_device_29_data_user_3,15.094546215605762
2024-10-21_consumer_device_29_data_user_3,14.274316214846545
2024-10-22_consumer_device_29_data_user_3,14.375771768867878
2024-10-23_consumer_device_29_data_user_3,14.471281012117295
2024-10-24_consumer_device_29_data_user_3,14.68881524018289
2024-09-24_consumer_device_29_data_user_4,9.85151523654167
2024-09-25_consumer_device_29_data_user_4,9.288000793147775
2024-09-26_consumer_device_29_data_user_4,8.892015543608295
2024-09-27_consumer_device_29_data_user_4,8.735751228592935
2024-09-28_consumer_device_29_data_user_4,8.673240270252792
2024-09-29_consumer_device_29_data_user_4,8.516536598249703
2024-09-30_consumer_device_29_data_user_4,8.442570915612379
2024-10-01_consumer_device_29_data_user_4,8.435666837420419
2024-10-02_consumer_device_29_data_user_4,8.494569635350805
2024-10-03_consumer_device_29_data_user_4,7.886523696764544
2024-10-04_consumer_device_29_data_user_4,7.779320870459724
2024-10-05_consumer_device_29_data_user_4,7.756182480695401
2024-10-06_consumer_device_29_data_user_4,7.743583691236866
2024-10-07_consumer_device_29_data_user_4,7.862878865769242
2024-10-08_consumer_device_29_data_user_4,7.925976508868252
2024-10-09_consumer_device_29_data_user_4,7.949544462058483
2024-10-10_consumer_device_29_data_user_4,7.990523205453421
2024-10-11_consumer_device_29_data_user_4,8.037127397838747
2024-10-12_consumer_device_29_data_user_4,7.616511553687034
2024-10-13_consumer_device_29_data_user_4,7.3762700622010176
2024-10-14_consumer_device_29_data_user_4,7.174815588929002
2024-10-15_consumer_device_29_data_user_4,7.1551766798169885
2024-10-16_consumer_device_29_data_user_4,7.061535408905744
2024-10-17_consumer_device_29_data_user_4,6.9707769935153925
2024-10-18_consumer_device_29_data_user_4,6.990977554778377
2024-10-19_consumer_device_29_data_user_4,7.0234543050501825
2024-10-20_consumer_device_29_data_user_4,7.129020754739306
2024-10-21_consumer_device_29_data_user_4,6.734152190645281
2024-10-22_consumer_device_29_data_user_4,6.7835410835604515
2024-10-23_consumer_device_29_data_user_4,6.829927003135817
2024-10-24_consumer_device_29_data_user_4,6.935406537926805
2024-09-24_consumer_device_29_data_user_5,12.387403208861347
2024-09-25_consumer_device_29_data_user_5,11.71869949274724
2024-09-26_consumer_device_29_data_user_5,11.248812748461663
2024-09-27_consumer_device_29_data_user_5,11.063921558602246
2024-09-28_consumer_device_29_data_user_5,10.98992136845641
2024-09-29_consumer_device_29_data_user_5,10.8043122675434
2024-09-30_consumer_device_29_data_user_5,10.717251979740123
2024-10-01_consumer_device_29_data_user_5,10.709648010144894
2024-10-02_consumer_device_29_data_user_5,10.780512057285419
2024-10-03_consumer_device_29_data_user_5,10.05759825163987
2024-10-04_consumer_device_29_data_user_5,9.931156904789441
2024-10-05_consumer_device_29_data_user_5,9.904785056750903
2024-10-06_consumer_device_29_data_user_5,9.890400602495829
2024-10-07_consumer_device_29_data_user_5,10.033459374244218
2024-10-08_consumer_device_29_data_user_5,10.10961905217495
2024-10-09_consumer_device_29_data_user_5,10.138305832582173
2024-10-10_consumer_device_29_data_user_5,10.187569483907012
2024-10-11_consumer_device_29_data_user_5,10.243469384833807
2024-10-12_consumer_device_29_data_user_5,9.741589273055677
2024-10-13_consumer_device_29_data_user_5,9.454634775839937
2024-10-14_consumer_device_29_data_user_5,9.213928312306566
2024-10-15_consumer_device_29_data_user_5,9.190646173839134
2024-10-16_consumer_device_29_data_user_5,9.078646644601733
2024-10-17_consumer_device_29_data_user_5,8.970216648280385
2024-10-18_consumer_device_29_data_user_5,8.994550209357278
2024-10-19_consumer_device_29_data_user_5,9.03349284557284
2024-10-20_consumer_device_29_data_user_5,9.159890083884298
2024-10-21_consumer_device_29_data_user_5,8.68805151556579
2024-10-22_consumer_device_29_data_user_5,8.747235230895503
2024-10-23_consumer_device_29_data_user_5,8.802787596059481
2024-10-24_consumer_device_29_data_user_5,8.92905951351265
2024-09-24_consumer_device_29_data_user_6,0.32518941195025974
2024-09-25_consumer_device_29_data_user_6,0.4151262359504955
2024-09-26_consumer_device_29_data_user_6,0.47913790088099206
2024-09-27_consumer_device_29_data_user_6,0.5321693926087425
2024-09-28_consumer_device_29_data_user_6,0.551440513781801
2024-09-29_consumer_device_29_data_user_6,0.5943637067461338
2024-09-30_consumer_device_29_data_user_6,0.6430576197824712
2024-10-01_consumer_device_29_data_user_6,0.6746557353939819
2024-10-02_consumer_device_29_data_user_6,0.7152854941914523
2024-10-03_consumer_device_29_data_user_6,0.7415845003642346
2024-10-04_consumer_device_29_data_user_6,0.7987082507637207
2024-10-05_consumer_device_29_data_user_6,0.858627377567853
2024-10-06_consumer_device_29_data_user_6,0.8899555982095587
2024-10-07_consumer_device_29_data_user_6,0.9483484011620832
2024-10-08_consumer_device_29_data_user_6,1.0047641649594974
2024-10-09_consumer_device_29_data_user_6,1.0382630051323596
2024-10-10_consumer_device_29_data_user_6,1.0646364994166293
2024-10-11_consumer_device_29_data_user_6,1.0880778283436339
2024-10-12_consumer_device_29_data_user_6,1.0128238175794493
2024-10-13_consumer_device_29_data_user_6,0.9544284639738629
2024-10-14_consumer_device_29_data_user_6,0.9012763316878186
2024-10-15_consumer_device_29_data_user_6,0.9055861375078824
2024-10-16_consumer_device_29_data_user_6,0.8750320827241084
2024-10-17_consumer_device_29_data_user_6,0.8517107364258881
2024-10-18_consumer_device_29_data_user_6,0.8672459128734806
2024-10-19_consumer_device_29_data_user_6,0.8829623472015041
2024-10-20_consumer_device_29_data_user_6,0.9243787807739325
2024-10-21_consumer_device_29_data_user_6,0.8185057696606333
2024-10-22_consumer_device_29_data_user_6,0.840430837005518
2024-10-23_consumer_device_29_data_user_6,0.8593228107051589
2024-10-24_consumer_device_29_data_user_6,0.8996043658527213
2024-09-24_consumer_device_29_data_user_7,17.582784767751892
2024-09-25_consumer_device_29_data_user_7,16.280161049950696
2024-09-26_consumer_device_29_data_user_7,15.363452400252623
2024-09-27_consumer_device_29_data_user_7,14.955674049472597
2024-09-28_consumer_device_29_data_user_7,14.795769626319808
2024-09-29_consumer_device_29_data_user_7,14.403844460150832
2024-09-30_consumer_device_29_data_user_7,14.171728360583012
2024-10-01_consumer_device_29_data_user_7,14.10522712462873
2024-10-02_consumer_device_29_data_user_7,14.158470909350129
2024-10-03_consumer_device_29_data_user_7,12.870154405386039
2024-10-04_consumer_device_29_data_user_7,12.556027686802425
2024-10-05_consumer_device_29_data_user_7,12.409356473993288
2024-10-06_consumer_device_29_data_user_7,12.331644894095648
2024-10-07_consumer_device_29_data_user_7,12.479079032399492
2024-10-08_consumer_device_29_data_user_7,12.5147477689442
2024-10-09_consumer_device_29_data_user_7,12.507475739021318
2024-10-10_consumer_device_29_data_user_7,12.547654251214475
2024-10-11_consumer_device_29_data_user_7,12.604208129582227
2024-10-12_consumer_device_29_data_user_7,11.867884691274094
2024-10-13_consumer_device_29_data_user_7,11.472865567375562
2024-10-14_consumer_device_29_data_user_7,11.148557703709711
2024-10-15_consumer_device_29_data_user_7,11.101212204099282
2024-10-16_consumer_device_29_data_user_7,10.960156716520066
2024-10-17_consumer_device_29_data_user_7,10.813015877041197
2024-10-18_consumer_device_29_data_user_7,10.82862183211767
2024-10-19_consumer_device_29_data_user_7,10.869057973827593
2024-10-20_consumer_device_29_data_user_7,11.016523158342242
2024-10-21_consumer_device_29_data_user_7,10.383652177416344
2024-10-22_consumer_device_29_data_user_7,10.448419533047
2024-10-23_consumer_device_29_data_user_7,10.512066280511226
2024-10-24_consumer_device_29_data_user_7,10.661234387759835
2024-09-24_consumer_device_29_data_user_8,11.391723995241142
2024-09-25_consumer_device_29_data_user_8,10.782520459027745
2024-09-26_consumer_device_29_data_user_8,10.354474625218034
2024-09-27_consumer_device_29_data_user_8,10.187111593974938
2024-09-28_consumer_device_29_data_user_8,10.12005210244186
2024-09-29_consumer_device_29_data_user_8,9.951644870066737
2024-09-30_consumer_device_29_data_user_8,9.873745129910315
2024-10-01_consumer_device_29_data_user_8,9.86798675892291
2024-10-02_consumer_device_29_data_user_8,9.934463258076235
2024-10-03_consumer_device_29_data_user_8,9.273161294329626
2024-10-04_consumer_device_29_data_user_8,9.15950435618661
2024-10-05_consumer_device_29_data_user_8,9.137634349274313
2024-10-06_consumer_device_29_data_user_8,9.125653624525425
2024-10-07_consumer_device_29_data_user_8,9.258951463763704
2024-10-08_consumer_device_29_data_user_8,9.330883184574535
2024-10-09_consumer_device_29_data_user_8,9.358445757179355
2024-10-10_consumer_device_29_data_user_8,9.404587686480154
2024-10-11_consumer_device_29_data_user_8,9.45669740019674
2024-10-12_consumer_device_29_data_user_8,8.994015767792405
2024-10-13_consumer_device_29_data_user_8,8.728885774178357
2024-10-14_consumer_device_29_data_user_8,8.506327022963085
2024-10-15_consumer_device_29_data_user_8,8.48516154969677
2024-10-16_consumer_device_29_data_user_8,8.381383441106136
2024-10-17_consumer_device_29_data_user_8,8.281152142144789
2024-10-18_consumer_device_29_data_user_8,8.304039636562655
2024-10-19_consumer_device_29_data_user_8,8.340318367145706
2024-10-20_consumer_device_29_data_user_8,8.457702444036054
2024-10-21_consumer_device_29_data_user_8,8.021373111032904
2024-10-22_consumer_device_29_data_user_8,8.076433364490333
2024-10-23_consumer_device_29_data_user_8,8.128050740130726
2024-10-24_consumer_device_29_data_user_8,8.245276612058305
2024-09-24_consumer_device_2_data_user_1,66.7398355489733
2024-09-25_consumer_device_2_data_user_1,61.07463574241751
2024-09-26_consumer_device_2_data_user_1,57.087669753644136
2024-09-27_consumer_device_2_data_user_1,55.30946804484192
2024-09-28_consumer_device_2_data_user_1,54.61246259102482
2024-09-29_consumer_device_2_data_user_1,52.90492697546887
2024-09-30_consumer_device_2_data_user_1,51.88920625327401
2024-10-01_consumer_device_2_data_user_1,51.594835894429764
2024-10-02_consumer_device_2_data_user_1,51.81794475976079
2024-10-03_consumer_device_2_data_user_1,46.226919428605484
2024-10-04_consumer_device_2_data_user_1,44.85400094534349
2024-10-05_consumer_device_2_data_user_1,44.2066191236257
2024-10-06_consumer_device_2_data_user_1,43.86369334815999
2024-10-07_consumer_device_2_data_user_1,44.491813373824996
2024-10-08_consumer_device_2_data_user_1,44.63570721481893
2024-10-09_consumer_device_2_data_user_1,44.597786035191305
2024-10-10_consumer_device_2_data_user_1,44.766964811866856
2024-10-11_consumer_device_2_data_user_1,45.00770485322765
2024-10-12_consumer_device_2_data_user_1,41.82943766689216
2024-10-13_consumer_device_2_data_user_1,40.12781498941823
2024-10-14_consumer_device_2_data_user_1,38.73178887107307
2024-10-15_consumer_device_2_data_user_1,38.5256814745206
2024-10-16_consumer_device_2_data_user_1,37.91990796918685
2024-10-17_consumer_device_2_data_user_1,37.286369254440196
2024-10-18_consumer_device_2_data_user_1,37.35107151089185
2024-10-19_consumer_device_2_data_user_1,37.52340033568741
2024-10-20_consumer_device_2_data_user_1,38.1548934698644
2024-10-21_consumer_device_2_data_user_1,35.43102657289653
2024-10-22_consumer_device_2_data_user_1,35.70766865987662
2024-10-23_consumer_device_2_data_user_1,35.98003051241724
2024-10-24_consumer_device_2_data_user_1,36.619123840108536
2024-09-24_consumer_device_2_data_user_10,0.23783004310146869
2024-09-25_consumer_device_2_data_user_10,0.21948874179024278
2024-09-26_consumer_device_2_data_user_10,0.2065794489098477
2024-09-27_consumer_device_2_data_user_10,0.20077619709386013
2024-09-28_consumer_device_2_data_user_10,0.19850431116847417
2024-09-29_consumer_device_2_data_user_10,0.19294660326723406
2024-09-30_consumer_device_2_data_user_10,0.18959742730357876
2024-10-01_consumer_device_2_data_user_10,0.18859417707295587
2024-10-02_consumer_device_2_data_user_10,0.18923412038993984
2024-10-03_consumer_device_2_data_user_10,0.17124945018298704
2024-10-04_consumer_device_2_data_user_10,0.16673868686200738
2024-10-05_consumer_device_2_data_user_10,0.16455018159395593
2024-10-06_consumer_device_2_data_user_10,0.16339167229915283
2024-10-07_consumer_device_2_data_user_10,0.16529773533261868
2024-10-08_consumer_device_2_data_user_10,0.16565412143420963
2024-10-09_consumer_device_2_data_user_10,0.1654699975825901
2024-10-10_consumer_device_2_data_user_10,0.16596352483561122
2024-10-11_consumer_device_2_data_user_10,0.1666920841640915
2024-10-12_consumer_device_2_data_user_10,0.15663677156623465
2024-10-13_consumer_device_2_data_user_10,0.1512869910302615
2024-10-14_consumer_device_2_data_user_10,0.14690776451305204
2024-10-15_consumer_device_2_data_user_10,0.1462385484531008
2024-10-16_consumer_device_2_data_user_10,0.14435225225158294
2024-10-17_consumer_device_2_data_user_10,0.1423633981787533
2024-10-18_consumer_device_2_data_user_10,0.1425419854414632
2024-10-19_consumer_device_2_data_user_10,0.14306549324564702
2024-10-20_consumer_device_2_data_user_10,0.14501403790338263
2024-10-21_consumer_device_2_data_user_10,0.1364735144352224
2024-10-22_consumer_device_2_data_user_10,0.1373200728704713
2024-10-23_consumer_device_2_data_user_10,0.1381585573287106
2024-10-24_consumer_device_2_data_user_10,0.14013359942961467
2024-09-24_consumer_device_2_data_user_11,0.15447141947022877
2024-09-25_consumer_device_2_data_user_11,0.14301257988159918
2024-09-26_consumer_device_2_data_user_11,0.1349485759009974
2024-09-27_consumer_device_2_data_user_11,0.13136290372004042
2024-09-28_consumer_device_2_data_user_11,0.12995674519984435
2024-09-29_consumer_device_2_data_user_11,0.12651000499051002
2024-09-30_consumer_device_2_data_user_11,0.12447004080457466
2024-10-01_consumer_device_2_data_user_11,0.12388661786350542
2024-10-02_consumer_device_2_data_user_11,0.12435756681206497
2024-10-03_consumer_device_2_data_user_11,0.1130209396122223
2024-10-04_consumer_device_2_data_user_11,0.11025971048970486
2024-10-05_consumer_device_2_data_user_11,0.10897237874403393
2024-10-06_consumer_device_2_data_user_11,0.10829028061992634
2024-10-07_consumer_device_2_data_user_11,0.10959120902685178
2024-10-08_consumer_device_2_data_user_11,0.10990840258428757
2024-10-09_consumer_device_2_data_user_11,0.10984635190166553
2024-10-10_consumer_device_2_data_user_11,0.1102014872931746
2024-10-11_consumer_device_2_data_user_11,0.11070056769191655
2024-10-12_consumer_device_2_data_user_11,0.10421598839552351
2024-10-13_consumer_device_2_data_user_11,0.10073612520761283
2024-10-14_consumer_device_2_data_user_11,0.09787887945320485
2024-10-15_consumer_device_2_data_user_11,0.09746245404914619
2024-10-16_consumer_device_2_data_user_11,0.09621928199225739
2024-10-17_consumer_device_2_data_user_11,0.09492297498331706
2024-10-18_consumer_device_2_data_user_11,0.0950612228590729
2024-10-19_consumer_device_2_data_user_11,0.09541800565119682
2024-10-20_consumer_device_2_data_user_11,0.0967182197532099
2024-10-21_consumer_device_2_data_user_11,0.09114231897592137
2024-10-22_consumer_device_2_data_user_11,0.09171359596751757
2024-10-23_consumer_device_2_data_user_11,0.09227483432339167
2024-10-24_consumer_device_2_data_user_11,0.09358996941283278
2024-09-24_consumer_device_2_data_user_12,0.0003568297813948593
2024-09-25_consumer_device_2_data_user_12,0.0004957335154153336
2024-09-26_consumer_device_2_data_user_12,0.0005951913767947054
2024-09-27_consumer_device_2_data_user_12,0.0006976504663588909
2024-09-28_consumer_device_2_data_user_12,0.000734214425165961
2024-09-29_consumer_device_2_data_user_12,0.0008136143265243169
2024-09-30_consumer_device_2_data_user_12,0.0009158109818140192
2024-10-01_consumer_device_2_data_user_12,0.0009869264207042028
2024-10-02_consumer_device_2_data_user_12,0.001086283779026492
2024-10-03_consumer_device_2_data_user_12,0.00107513886069627
2024-10-04_consumer_device_2_data_user_12,0.001192641692502366
2024-10-05_consumer_device_2_data_user_12,0.0013263238827533124
2024-10-06_consumer_device_2_data_user_12,0.0013961599987092229
2024-10-07_consumer_device_2_data_user_12,0.0015430008663296997
2024-10-08_consumer_device_2_data_user_12,0.0016787792055422061
2024-10-09_consumer_device_2_data_user_12,0.0017577793530944405
2024-10-10_consumer_device_2_data_user_12,0.0018225943906935477
2024-10-11_consumer_device_2_data_user_12,0.0018813923321973555
2024-10-12_consumer_device_2_data_user_12,0.0016609860522827015
2024-10-13_consumer_device_2_data_user_12,0.0015000157697208764
2024-10-14_consumer_device_2_data_user_12,0.0013555091690508724
2024-10-15_consumer_device_2_data_user_12,0.0013630255310598358
2024-10-16_consumer_device_2_data_user_12,0.0012825452497045547
2024-10-17_consumer_device_2_data_user_12,0.0012188642581640622
2024-10-18_consumer_device_2_data_user_12,0.0012565833998262204
2024-10-19_consumer_device_2_data_user_12,0.0012961486718601155
2024-10-20_consumer_device_2_data_user_12,0.0014027457981806843
2024-10-21_consumer_device_2_data_user_12,0.0011156531116999911
2024-10-22_consumer_device_2_data_user_12,0.0011713250185296945
2024-10-23_consumer_device_2_data_user_12,0.001219742511186876
2024-10-24_consumer_device_2_data_user_12,0.0013237463481514807
2024-09-24_consumer_device_2_data_user_13,0.20040902243183872
2024-09-25_consumer_device_2_data_user_13,0.1852899043215236
2024-09-26_consumer_device_2_data_user_13,0.17464964276277045
2024-09-27_consumer_device_2_data_user_13,0.1699052631010968
2024-09-28_consumer_device_2_data_user_13,0.16804552332431916
2024-09-29_consumer_device_2_data_user_13,0.16348928864251663
2024-09-30_consumer_device_2_data_user_13,0.16078018174682354
2024-10-01_consumer_device_2_data_user_13,0.15999591291987397
2024-10-02_consumer_device_2_data_user_13,0.16059353450362887
2024-10-03_consumer_device_2_data_user_13,0.14566926691996634
2024-10-04_consumer_device_2_data_user_13,0.14200701830362866
2024-10-05_consumer_device_2_data_user_13,0.1402817718713593
2024-10-06_consumer_device_2_data_user_13,0.13936786805935727
2024-10-07_consumer_device_2_data_user_13,0.14104757379927044
2024-10-08_consumer_device_2_data_user_13,0.14143451069156865
2024-10-09_consumer_device_2_data_user_13,0.14133494265921048
2024-10-10_consumer_device_2_data_user_13,0.14178788616248902
2024-10-11_consumer_device_2_data_user_13,0.14243172099554802
2024-10-12_consumer_device_2_data_user_13,0.13394340780937675
2024-10-13_consumer_device_2_data_user_13,0.12939792277997475
2024-10-14_consumer_device_2_data_user_13,0.12566850651231956
2024-10-15_consumer_device_2_data_user_13,0.12511850474840697
2024-10-16_consumer_device_2_data_user_13,0.12349983789195418
2024-10-17_consumer_device_2_data_user_13,0.12180740960613842
2024-10-18_consumer_device_2_data_user_13,0.1219809081879312
2024-10-19_consumer_device_2_data_user_13,0.12244173130179972
2024-10-20_consumer_device_2_data_user_13,0.12412959807084523
2024-10-21_consumer_device_2_data_user_13,0.11685281178668791
2024-10-22_consumer_device_2_data_user_13,0.11759241391082834
2024-10-23_consumer_device_2_data_user_13,0.11832043895717773
2024-10-24_consumer_device_2_data_user_13,0.12002853849401957
2024-09-24_consumer_device_2_data_user_2,9.83348837347813
2024-09-25_consumer_device_2_data_user_2,9.162969445516136
2024-09-26_consumer_device_2_data_user_2,8.691432660641883
2024-09-27_consumer_device_2_data_user_2,8.493090310190048
2024-09-28_consumer_device_2_data_user_2,8.414604871930523
2024-09-29_consumer_device_2_data_user_2,8.220234544376527
2024-09-30_consumer_device_2_data_user_2,8.11593343709047
2024-10-01_consumer_device_2_data_user_2,8.094251171618556
2024-10-02_consumer_device_2_data_user_2,8.142245270636682
2024-10-03_consumer_device_2_data_user_2,7.449979996973882
2024-10-04_consumer_device_2_data_user_2,7.30475032866554
2024-10-05_consumer_device_2_data_user_2,7.252388633467836
2024-10-06_consumer_device_2_data_user_2,7.224450847828858
2024-10-07_consumer_device_2_data_user_2,7.33220447420436
2024-10-08_consumer_device_2_data_user_2,7.377923189279401
2024-10-09_consumer_device_2_data_user_2,7.389512201069733
2024-10-10_consumer_device_2_data_user_2,7.423737558906982
2024-10-11_consumer_device_2_data_user_2,7.465554939684287
2024-10-12_consumer_device_2_data_user_2,7.027946436043979
2024-10-13_consumer_device_2_data_user_2,6.784805641822545
2024-10-14_consumer_device_2_data_user_2,6.5827679364722655
2024-10-15_consumer_device_2_data_user_2,6.558880763434446
2024-10-16_consumer_device_2_data_user_2,6.467550685471152
2024-10-17_consumer_device_2_data_user_2,6.376253722585347
2024-10-18_consumer_device_2_data_user_2,6.3920060341924545
2024-10-19_consumer_device_2_data_user_2,6.421420368157709
2024-10-20_consumer_device_2_data_user_2,6.521302742789694
2024-10-21_consumer_device_2_data_user_2,6.126037359526076
2024-10-22_consumer_device_2_data_user_2,6.1716415406108425
2024-10-23_consumer_device_2_data_user_2,6.21522358837557
2024-10-24_consumer_device_2_data_user_2,6.315509834090277
2024-09-24_consumer_device_2_data_user_3,9.8897020201951
2024-09-25_consumer_device_2_data_user_3,9.211341913895502
2024-09-26_consumer_device_2_data_user_3,8.734277358382398
2024-09-27_consumer_device_2_data_user_3,8.533147815268837
2024-09-28_consumer_device_2_data_user_3,8.453589797837374
2024-09-29_consumer_device_2_data_user_3,8.256648202076041
2024-09-30_consumer_device_2_data_user_3,8.150513160501903
2024-10-01_consumer_device_2_data_user_3,8.128069563808657
2024-10-02_consumer_device_2_data_user_3,8.175791884601633
2024-10-03_consumer_device_2_data_user_3,7.476609060376598
2024-10-04_consumer_device_2_data_user_3,7.329014795496733
2024-10-05_consumer_device_2_data_user_3,7.275104582587184
2024-10-06_consumer_device_2_data_user_3,7.246351939464018
2024-10-07_consumer_device_2_data_user_3,7.354076378310568
2024-10-08_consumer_device_2_data_user_3,7.399222715560154
2024-10-09_consumer_device_2_data_user_3,7.410326852596302
2024-10-10_consumer_device_2_data_user_3,7.444404421934175
2024-10-11_consumer_device_2_data_user_3,7.486196669466622
2024-10-12_consumer_device_2_data_user_3,7.0458414428370295
2024-10-13_consumer_device_2_data_user_3,6.801468037899906
2024-10-14_consumer_device_2_data_user_3,6.5984880148203295
2024-10-15_consumer_device_2_data_user_3,6.574301929014966
2024-10-16_consumer_device_2_data_user_3,6.482661399466605
2024-10-17_consumer_device_2_data_user_3,6.390926283793397
2024-10-18_consumer_device_2_data_user_3,6.406550457930935
2024-10-19_consumer_device_2_data_user_3,6.435960779968719
2024-10-20_consumer_device_2_data_user_3,6.536041065357968
2024-10-21_consumer_device_2_data_user_3,6.138965525724134
2024-10-22_consumer_device_2_data_user_3,6.184606703444366
2024-10-23_consumer_device_2_data_user_3,6.228260582982218
2024-10-24_consumer_device_2_data_user_3,6.328768589557791
2024-09-24_consumer_device_2_data_user_4,0.29576718100155625
2024-09-25_consumer_device_2_data_user_4,0.2859509739255339
2024-09-26_consumer_device_2_data_user_4,0.2791567226545519
2024-09-27_consumer_device_2_data_user_4,0.28001878457398127
2024-09-28_consumer_device_2_data_user_4,0.28011570549244746
2024-09-29_consumer_device_2_data_user_4,0.2796714845003528
2024-09-30_consumer_device_2_data_user_4,0.28308957072573127
2024-10-01_consumer_device_2_data_user_4,0.28686021247510757
2024-10-02_consumer_device_2_data_user_4,0.2942695130354466
2024-10-03_consumer_device_2_data_user_4,0.27465146908381305
2024-10-04_consumer_device_2_data_user_4,0.2778893096363009
2024-10-05_consumer_device_2_data_user_4,0.28465995995531246
2024-10-06_consumer_device_2_data_user_4,0.28818100679872344
2024-10-07_consumer_device_2_data_user_4,0.3001384026153399
2024-10-08_consumer_device_2_data_user_4,0.3097202764347601
2024-10-09_consumer_device_2_data_user_4,0.31488473197337813
2024-10-10_consumer_device_2_data_user_4,0.31979791091075
2024-10-11_consumer_device_2_data_user_4,0.3245495280349343
2024-10-12_consumer_device_2_data_user_4,0.2990562466452057
2024-10-13_consumer_device_2_data_user_4,0.2825288815849066
2024-10-14_consumer_device_2_data_user_4,0.2681359482110427
2024-10-15_consumer_device_2_data_user_4,0.26794381606367246
2024-10-16_consumer_device_2_data_user_4,0.26050753642900476
2024-10-17_consumer_device_2_data_user_4,0.2541029743423587
2024-10-18_consumer_device_2_data_user_4,0.256848279843622
2024-10-19_consumer_device_2_data_user_4,0.26008053546716314
2024-10-20_consumer_device_2_data_user_4,0.26935327055418473
2024-10-21_consumer_device_2_data_user_4,0.24092621100467707
2024-10-22_consumer_device_2_data_user_4,0.24558958625613664
2024-10-23_consumer_device_2_data_user_4,0.24975251997822154
2024-10-24_consumer_device_2_data_user_4,0.25887717599011556
2024-09-24_consumer_device_2_data_user_5,0.1943442741260544
2024-09-25_consumer_device_2_data_user_5,0.17925019099445777
2024-09-26_consumer_device_2_data_user_5,0.16862599767841907
2024-09-27_consumer_device_2_data_user_5,0.16383586734080263
2024-09-28_consumer_device_2_data_user_5,0.16196147080773912
2024-09-29_consumer_device_2_data_user_5,0.1573785971014176
2024-09-30_consumer_device_2_data_user_5,0.15460358184136197
2024-10-01_consumer_device_2_data_user_5,0.15376241656032588
2024-10-02_consumer_device_2_data_user_5,0.1542635765237173
2024-10-03_consumer_device_2_data_user_5,0.13949902203073197
2024-10-04_consumer_device_2_data_user_5,0.1357664795895776
2024-10-05_consumer_device_2_data_user_5,0.13393679495575778
2024-10-06_consumer_device_2_data_user_5,0.13296845875922575
2024-10-07_consumer_device_2_data_user_5,0.13449762130031348
2024-10-08_consumer_device_2_data_user_5,0.1347570438659027
2024-10-09_consumer_device_2_data_user_5,0.1345865379607701
2024-10-10_consumer_device_2_data_user_5,0.13497592318317472
2024-10-11_consumer_device_2_data_user_5,0.1355597657301987
2024-10-12_consumer_device_2_data_user_5,0.12735721572579584
2024-10-13_consumer_device_2_data_user_5,0.1230038594578088
2024-10-14_consumer_device_2_data_user_5,0.11944340220384504
2024-10-15_consumer_device_2_data_user_5,0.11889206810335301
2024-10-16_consumer_device_2_data_user_5,0.11736290632876464
2024-10-17_consumer_device_2_data_user_5,0.11574542528742884
2024-10-18_consumer_device_2_data_user_5,0.11588283896321994
2024-10-19_consumer_device_2_data_user_5,0.11630301668093783
2024-10-20_consumer_device_2_data_user_5,0.11787690348216413
2024-10-21_consumer_device_2_data_user_5,0.1109344620574835
2024-10-22_consumer_device_2_data_user_5,0.11161595865040197
2024-10-23_consumer_device_2_data_user_5,0.1122925998874663
2024-10-24_consumer_device_2_data_user_5,0.11388887808126709
2024-09-24_consumer_device_2_data_user_6,0.19451851123786873
2024-09-25_consumer_device_2_data_user_6,0.17955534316659216
2024-09-26_consumer_device_2_data_user_6,0.16902358562820846
2024-09-27_consumer_device_2_data_user_6,0.16428500334201468
2024-09-28_consumer_device_2_data_user_6,0.16243017318668235
2024-09-29_consumer_device_2_data_user_6,0.15789342594997663
2024-09-30_consumer_device_2_data_user_6,0.15515561334000982
2024-10-01_consumer_device_2_data_user_6,0.15433260178176156
2024-10-02_consumer_device_2_data_user_6,0.15484722827378586
2024-10-03_consumer_device_2_data_user_6,0.14018554223944374
2024-10-04_consumer_device_2_data_user_6,0.13649962005411873
2024-10-05_consumer_device_2_data_user_6,0.1347058239165876
2024-10-06_consumer_device_2_data_user_6,0.13375632473379562
2024-10-07_consumer_device_2_data_user_6,0.1352997939193586
2024-10-08_consumer_device_2_data_user_6,0.1355806385882258
2024-10-09_consumer_device_2_data_user_6,0.13542487791336436
2024-10-10_consumer_device_2_data_user_6,0.13582260469297985
2024-10-11_consumer_device_2_data_user_6,0.13641237789542487
2024-10-12_consumer_device_2_data_user_6,0.12823027543799742
2024-10-13_consumer_device_2_data_user_6,0.12388023384500811
2024-10-14_consumer_device_2_data_user_6,0.12032028513845497
2024-10-15_consumer_device_2_data_user_6,0.11977415141819507
2024-10-16_consumer_device_2_data_user_6,0.11824205265803864
2024-10-17_consumer_device_2_data_user_6,0.11662513964536395
2024-10-18_consumer_device_2_data_user_6,0.11676804063342645
2024-10-19_consumer_device_2_data_user_6,0.11719201530442995
2024-10-20_consumer_device_2_data_user_6,0.11877299633662473
2024-10-21_consumer_device_2_data_user_6,0.11183063450198029
2024-10-22_consumer_device_2_data_user_6,0.11251683315148372
2024-10-23_consumer_device_2_data_user_6,0.11319696799131515
2024-10-24_consumer_device_2_data_user_6,0.11479973720126202
2024-09-24_consumer_device_2_data_user_7,0.16525491697894656
2024-09-25_consumer_device_2_data_user_7,0.1525498594173569
2024-09-26_consumer_device_2_data_user_7,0.1436081323949816
2024-09-27_consumer_device_2_data_user_7,0.13960781216288684
2024-09-28_consumer_device_2_data_user_7,0.13804055832557655
2024-09-29_consumer_device_2_data_user_7,0.1342032236619512
2024-09-30_consumer_device_2_data_user_7,0.1319089862261871
2024-10-01_consumer_device_2_data_user_7,0.13123531509979441
2024-10-02_consumer_device_2_data_user_7,0.13171352003655165
2024-10-03_consumer_device_2_data_user_7,0.11920613075744357
2024-10-04_consumer_device_2_data_user_7,0.11610944032208446
2024-10-05_consumer_device_2_data_user_7,0.1146326967683011
2024-10-06_consumer_device_2_data_user_7,0.11385065473724373
2024-10-07_consumer_device_2_data_user_7,0.11522502622463093
2024-10-08_consumer_device_2_data_user_7,0.11551829428615587
2024-10-09_consumer_device_2_data_user_7,0.11541675413661848
2024-10-10_consumer_device_2_data_user_7,0.11578159096526534
2024-10-11_consumer_device_2_data_user_7,0.11630781529378209
2024-10-12_consumer_device_2_data_user_7,0.10924311368637145
2024-10-13_consumer_device_2_data_user_7,0.1054697991523473
2024-10-14_consumer_device_2_data_user_7,0.10237676858623507
2024-10-15_consumer_device_2_data_user_7,0.10191402153297956
2024-10-16_consumer_device_2_data_user_7,0.10057562772233081
2024-10-17_consumer_device_2_data_user_7,0.09917156044193344
2024-10-18_consumer_device_2_data_user_7,0.09930835967746231
2024-10-19_consumer_device_2_data_user_7,0.09968557990471251
2024-10-20_consumer_device_2_data_user_7,0.10107600210192419
2024-10-21_consumer_device_2_data_user_7,0.09504209772936706
2024-10-22_consumer_device_2_data_user_7,0.09564931229109871
2024-10-23_consumer_device_2_data_user_7,0.09624848281680205
2024-10-24_consumer_device_2_data_user_7,0.09765645817005507
2024-09-24_consumer_device_2_data_user_8,0.16530101047800855
2024-09-25_consumer_device_2_data_user_8,0.1526145756248426
2024-09-26_consumer_device_2_data_user_8,0.1436854713490012
2024-09-27_consumer_device_2_data_user_8,0.13967428775636395
2024-09-28_consumer_device_2_data_user_8,0.13810379691643127
2024-09-29_consumer_device_2_data_user_8,0.1342614206223012
2024-09-30_consumer_device_2_data_user_8,0.1319485808593327
2024-10-01_consumer_device_2_data_user_8,0.13125773853458755
2024-10-02_consumer_device_2_data_user_8,0.13170545233335906
2024-10-03_consumer_device_2_data_user_8,0.11925852039014484
2024-10-04_consumer_device_2_data_user_8,0.11614254297732637
2024-10-05_consumer_device_2_data_user_8,0.11463448468648879
2024-10-06_consumer_device_2_data_user_8,0.11383613218986265
2024-10-07_consumer_device_2_data_user_8,0.11516238294420135
2024-10-08_consumer_device_2_data_user_8,0.11541563269328045
2024-10-09_consumer_device_2_data_user_8,0.11529205514838715
2024-10-10_consumer_device_2_data_user_8,0.11563675910725627
2024-10-11_consumer_device_2_data_user_8,0.1161438253371597
2024-10-12_consumer_device_2_data_user_8,0.10917426011388401
2024-10-13_consumer_device_2_data_user_8,0.10546407790380882
2024-10-14_consumer_device_2_data_user_8,0.10242637449390563
2024-10-15_consumer_device_2_data_user_8,0.10196360581975823
2024-10-16_consumer_device_2_data_user_8,0.10065426578534521
2024-10-17_consumer_device_2_data_user_8,0.09927476794229086
2024-10-18_consumer_device_2_data_user_8,0.09940019670974146
2024-10-19_consumer_device_2_data_user_8,0.09976441950790717
2024-10-20_consumer_device_2_data_user_8,0.10111811050820084
2024-10-21_consumer_device_2_data_user_8,0.09519361654224846
2024-10-22_consumer_device_2_data_user_8,0.09578219249802848
2024-10-23_consumer_device_2_data_user_8,0.09636482760970176
2024-10-24_consumer_device_2_data_user_8,0.09773673004784424
2024-09-24_consumer_device_2_data_user_9,0.1973267501901571
2024-09-25_consumer_device_2_data_user_9,0.18226727001170695
2024-09-26_consumer_device_2_data_user_9,0.17166807814936735
2024-09-27_consumer_device_2_data_user_9,0.16691125289477288
2024-09-28_consumer_device_2_data_user_9,0.16504853939526135
2024-09-29_consumer_device_2_data_user_9,0.16049040710777351
2024-09-30_consumer_device_2_data_user_9,0.15775106827811092
2024-10-01_consumer_device_2_data_user_9,0.15693606593046217
2024-10-02_consumer_device_2_data_user_9,0.15747583506697393
2024-10-03_consumer_device_2_data_user_9,0.14268890880542334
2024-10-04_consumer_device_2_data_user_9,0.13899672142318115
2024-10-05_consumer_device_2_data_user_9,0.13721591287854779
2024-10-06_consumer_device_2_data_user_9,0.13627309441417698
2024-10-07_consumer_device_2_data_user_9,0.13786028484958107
2024-10-08_consumer_device_2_data_user_9,0.13817194753620665
2024-10-09_consumer_device_2_data_user_9,0.13803144231173617
2024-10-10_consumer_device_2_data_user_9,0.13844609055145085
2024-10-11_consumer_device_2_data_user_9,0.13905313368352384
2024-10-12_consumer_device_2_data_user_9,0.13075623876548426
2024-10-13_consumer_device_2_data_user_9,0.12633598738199642
2024-10-14_consumer_device_2_data_user_9,0.12271590331381088
2024-10-15_consumer_device_2_data_user_9,0.12216676722953594
2024-10-16_consumer_device_2_data_user_9,0.1206049539872002
2024-10-17_consumer_device_2_data_user_9,0.11896113723056104
2024-10-18_consumer_device_2_data_user_9,0.119113143333311
2024-10-19_consumer_device_2_data_user_9,0.11954896627519507
2024-10-20_consumer_device_2_data_user_9,0.12116554653866289
2024-10-21_consumer_device_2_data_user_9,0.11410480480617241
2024-10-22_consumer_device_2_data_user_9,0.11480842636264764
2024-10-23_consumer_device_2_data_user_9,0.11550441250477492
2024-10-24_consumer_device_2_data_user_9,0.11714241994646334
2024-09-24_consumer_device_31_data_user_1,2.603535415952101
2024-09-25_consumer_device_31_data_user_1,2.7946575197512105
2024-09-26_consumer_device_31_data_user_1,2.930676252705206
2024-09-27_consumer_device_31_data_user_1,3.043006229013884
2024-09-28_consumer_device_31_data_user_1,3.0838377313292806
2024-09-29_consumer_device_31_data_user_1,3.1748193583181292
2024-09-30_consumer_device_31_data_user_1,3.277817153327291
2024-10-01_consumer_device_31_data_user_1,3.3445683904190653
2024-10-02_consumer_device_31_data_user_1,3.4302582142428557
2024-10-03_consumer_device_31_data_user_1,3.487066397326336
2024-10-04_consumer_device_31_data_user_1,3.6079375093626584
2024-10-05_consumer_device_31_data_user_1,3.7345379502183493
2024-10-06_consumer_device_31_data_user_1,3.8007309863037317
2024-10-07_consumer_device_31_data_user_1,3.9238118272447986
2024-10-08_consumer_device_31_data_user_1,4.042833814061121
2024-10-09_consumer_device_31_data_user_1,4.1135361726852055
2024-10-10_consumer_device_31_data_user_1,4.1691532505214015
2024-10-11_consumer_device_31_data_user_1,4.218565752331924
2024-10-12_consumer_device_31_data_user_1,4.060499178343658
2024-10-13_consumer_device_31_data_user_1,3.9376642310403995
2024-10-14_consumer_device_31_data_user_1,3.8258226599786482
2024-10-15_consumer_device_31_data_user_1,3.8349660002719492
2024-10-16_consumer_device_31_data_user_1,3.770628770171158
2024-10-17_consumer_device_31_data_user_1,3.721561413818273
2024-10-18_consumer_device_31_data_user_1,3.7543305597980257
2024-10-19_consumer_device_31_data_user_1,3.787457026734613
2024-10-20_consumer_device_31_data_user_1,3.87471139989248
2024-10-21_consumer_device_31_data_user_1,3.6519223830281717
2024-10-22_consumer_device_31_data_user_1,3.698126674548353
2024-10-23_consumer_device_31_data_user_1,3.7379311507570576
2024-10-24_consumer_device_31_data_user_1,3.8227887811756704
2024-09-24_consumer_device_31_data_user_10,0.11482671014362719
2024-09-25_consumer_device_31_data_user_10,0.15351493818341705
2024-09-26_consumer_device_31_data_user_10,0.1811776993472792
2024-09-27_consumer_device_31_data_user_10,0.20837410166860995
2024-09-28_consumer_device_31_data_user_10,0.21811439344219888
2024-09-29_consumer_device_31_data_user_10,0.2393741294976553
2024-09-30_consumer_device_31_data_user_10,0.26607746649818526
2024-10-01_consumer_device_31_data_user_10,0.2844290760997641
2024-10-02_consumer_device_31_data_user_10,0.3097142313498846
2024-10-03_consumer_device_31_data_user_10,0.3099873670866707
2024-10-04_consumer_device_31_data_user_10,0.34080467127920594
2024-10-05_consumer_device_31_data_user_10,0.375354396062221
2024-10-06_consumer_device_31_data_user_10,0.3934059546444188
2024-10-07_consumer_device_31_data_user_10,0.43060835590415175
2024-10-08_consumer_device_31_data_user_10,0.4652521170285181
2024-10-09_consumer_device_31_data_user_10,0.48547691126284886
2024-10-10_consumer_device_31_data_user_10,0.5019582916327987
2024-10-11_consumer_device_31_data_user_10,0.516860874529411
2024-10-12_consumer_device_31_data_user_10,0.4622693564040212
2024-10-13_consumer_device_31_data_user_10,0.4220531766584726
2024-10-14_consumer_device_31_data_user_10,0.38587672481839486
2024-10-15_consumer_device_31_data_user_10,0.38791410912081903
2024-10-16_consumer_device_31_data_user_10,0.3676703749593926
2024-10-17_consumer_device_31_data_user_10,0.351738425732149
2024-10-18_consumer_device_31_data_user_10,0.36134862758603725
2024-10-19_consumer_device_31_data_user_10,0.3713708372748725
2024-10-20_consumer_device_31_data_user_10,0.3982793625695546
2024-10-21_consumer_device_31_data_user_10,0.32637952324422187
2024-10-22_consumer_device_31_data_user_10,0.34046259338132767
2024-10-23_consumer_device_31_data_user_10,0.3526928004198265
2024-10-24_consumer_device_31_data_user_10,0.3789338684587818
2024-09-24_consumer_device_31_data_user_11,0.11955502656014547
2024-09-25_consumer_device_31_data_user_11,0.15300628806631397
2024-09-26_consumer_device_31_data_user_11,0.17693151089571438
2024-09-27_consumer_device_31_data_user_11,0.2006880114755022
2024-09-28_consumer_device_31_data_user_11,0.2091897251715848
2024-09-29_consumer_device_31_data_user_11,0.2277256665066249
2024-09-30_consumer_device_31_data_user_11,0.25113147130365665
2024-10-01_consumer_device_31_data_user_11,0.26726111004788855
2024-10-02_consumer_device_31_data_user_11,0.28955367620257255
2024-10-03_consumer_device_31_data_user_11,0.2891816728807423
2024-10-04_consumer_device_31_data_user_11,0.3161714306910885
2024-10-05_consumer_device_31_data_user_11,0.3465277447214165
2024-10-06_consumer_device_31_data_user_11,0.3623878149349693
2024-10-07_consumer_device_31_data_user_11,0.395220030241939
2024-10-08_consumer_device_31_data_user_11,0.42574585171791296
2024-10-09_consumer_device_31_data_user_11,0.4435532624853784
2024-10-10_consumer_device_31_data_user_11,0.4580866144272408
2024-10-11_consumer_device_31_data_user_11,0.4712373917070469
2024-10-12_consumer_device_31_data_user_11,0.42281154231181756
2024-10-13_consumer_device_31_data_user_11,0.3872075414009837
2024-10-14_consumer_device_31_data_user_11,0.3551947277057944
2024-10-15_consumer_device_31_data_user_11,0.3569664297010248
2024-10-16_consumer_device_31_data_user_11,0.3390718162321536
2024-10-17_consumer_device_31_data_user_11,0.3249714622190049
2024-10-18_consumer_device_31_data_user_11,0.33344206047408687
2024-10-19_consumer_device_31_data_user_11,0.3422872971424803
2024-10-20_consumer_device_31_data_user_11,0.36605427457901274
2024-10-21_consumer_device_31_data_user_11,0.30243512209433226
2024-10-22_consumer_device_31_data_user_11,0.31486810453695707
2024-10-23_consumer_device_31_data_user_11,0.32566883915338535
2024-10-24_consumer_device_31_data_user_11,0.34884883321660815
2024-09-24_consumer_device_31_data_user_2,0.043254358452582194
2024-09-25_consumer_device_31_data_user_2,0.048894208405382146
2024-09-26_consumer_device_31_data_user_2,0.05292529007504816
2024-09-27_consumer_device_31_data_user_2,0.05683769181874032
2024-09-28_consumer_device_31_data_user_2,0.05824032874421075
2024-09-29_consumer_device_31_data_user_2,0.061306217189774276
2024-09-30_consumer_device_31_data_user_2,0.06513039261035253
2024-10-01_consumer_device_31_data_user_2,0.0677489593902324
2024-10-02_consumer_device_31_data_user_2,0.07134197434403794
2024-10-03_consumer_device_31_data_user_2,0.07151326332406932
2024-10-04_consumer_device_31_data_user_2,0.0759313522895046
2024-10-05_consumer_device_31_data_user_2,0.08086341359760997
2024-10-06_consumer_device_31_data_user_2,0.08344043048832327
2024-10-07_consumer_device_31_data_user_2,0.08871978156591963
2024-10-08_consumer_device_31_data_user_2,0.09364648428028374
2024-10-09_consumer_device_31_data_user_2,0.09652554783266765
2024-10-10_consumer_device_31_data_user_2,0.09886698578269762
2024-10-11_consumer_device_31_data_user_2,0.10098205214326902
2024-10-12_consumer_device_31_data_user_2,0.0932884757650564
2024-10-13_consumer_device_31_data_user_2,0.08760566273417747
2024-10-14_consumer_device_31_data_user_2,0.08249050054546066
2024-10-15_consumer_device_31_data_user_2,0.0827853196859058
2024-10-16_consumer_device_31_data_user_2,0.07991880625675832
2024-10-17_consumer_device_31_data_user_2,0.07766655519976988
2024-10-18_consumer_device_31_data_user_2,0.07903263869635918
2024-10-19_consumer_device_31_data_user_2,0.08045480546056909
2024-10-20_consumer_device_31_data_user_2,0.08426916791007917
2024-10-21_consumer_device_31_data_user_2,0.0741017036395922
2024-10-22_consumer_device_31_data_user_2,0.07609929584055865
2024-10-23_consumer_device_31_data_user_2,0.0778333107631838
2024-10-24_consumer_device_31_data_user_2,0.08155250819229244
2024-09-24_consumer_device_31_data_user_3,0.04443430751141318
2024-09-25_consumer_device_31_data_user_3,0.04786851786880411
2024-09-26_consumer_device_31_data_user_3,0.050312113936465605
2024-09-27_consumer_device_31_data_user_3,0.0523139415238087
2024-09-28_consumer_device_31_data_user_3,0.05304213949295455
2024-09-29_consumer_device_31_data_user_3,0.05466637766662043
2024-09-30_consumer_device_31_data_user_3,0.0564953220829035
2024-10-01_consumer_device_31_data_user_3,0.05767674000472558
2024-10-02_consumer_device_31_data_user_3,0.059186920821026216
2024-10-03_consumer_device_31_data_user_3,0.060249475260846466
2024-10-04_consumer_device_31_data_user_3,0.062397733492175485
2024-10-05_consumer_device_31_data_user_3,0.06463936421173723
2024-10-06_consumer_device_31_data_user_3,0.0658114482648365
2024-10-07_consumer_device_31_data_user_3,0.0679773107083965
2024-10-08_consumer_device_31_data_user_3,0.07007670648088406
2024-10-09_consumer_device_31_data_user_3,0.07132512549595561
2024-10-10_consumer_device_31_data_user_3,0.07230504944167097
2024-10-11_consumer_device_31_data_user_3,0.07317468701965849
2024-10-12_consumer_device_31_data_user_3,0.07041854246679663
2024-10-13_consumer_device_31_data_user_3,0.0682685015883451
2024-10-14_consumer_device_31_data_user_3,0.06630924360188871
2024-10-15_consumer_device_31_data_user_3,0.06647284298853841
2024-10-16_consumer_device_31_data_user_3,0.06534366333844395
2024-10-17_consumer_device_31_data_user_3,0.06448431913910384
2024-10-18_consumer_device_31_data_user_3,0.06506205671606952
2024-10-19_consumer_device_31_data_user_3,0.06564495052962288
2024-10-20_consumer_device_31_data_user_3,0.06717838054731867
2024-10-21_consumer_device_31_data_user_3,0.06327491811872947
2024-10-22_consumer_device_31_data_user_3,0.06408754151112797
2024-10-23_consumer_device_31_data_user_3,0.06478724336643957
2024-10-24_consumer_device_31_data_user_3,0.0662782856305386
2024-09-24_consumer_device_31_data_user_4,0.056979175623739296
2024-09-25_consumer_device_31_data_user_4,0.06541692345816172
2024-09-26_consumer_device_31_data_user_4,0.07140220029280742
2024-09-27_consumer_device_31_data_user_4,0.07567881944940835
2024-09-28_consumer_device_31_data_user_4,0.07725563139940547
2024-09-29_consumer_device_31_data_user_4,0.0808370704458295
2024-09-30_consumer_device_31_data_user_4,0.08448793069146299
2024-10-01_consumer_device_31_data_user_4,0.08669389358890445
2024-10-02_consumer_device_31_data_user_4,0.08926131599802045
2024-10-03_consumer_device_31_data_user_4,0.0934882837302741
2024-10-04_consumer_device_31_data_user_4,0.09785228708400687
2024-10-05_consumer_device_31_data_user_4,0.10207530873561395
2024-10-06_consumer_device_31_data_user_4,0.10428526984655495
2024-10-07_consumer_device_31_data_user_4,0.10783763871198138
2024-10-08_consumer_device_31_data_user_4,0.11147678675895537
2024-10-09_consumer_device_31_data_user_4,0.11369283155654254
2024-10-10_consumer_device_31_data_user_4,0.1153484983435176
2024-10-11_consumer_device_31_data_user_4,0.11677967342068941
2024-10-12_consumer_device_31_data_user_4,0.1132609501522191
2024-10-13_consumer_device_31_data_user_4,0.11018852664019249
2024-10-14_consumer_device_31_data_user_4,0.10732362792478169
2024-10-15_consumer_device_31_data_user_4,0.10769873139191924
2024-10-16_consumer_device_31_data_user_4,0.1059638874342502
2024-10-17_consumer_device_31_data_user_4,0.10471626389309806
2024-10-18_consumer_device_31_data_user_4,0.10570715799592459
2024-10-19_consumer_device_31_data_user_4,0.10666181620905252
2024-10-20_consumer_device_31_data_user_4,0.10909823556370288
2024-10-21_consumer_device_31_data_user_4,0.10336625327840065
2024-10-22_consumer_device_31_data_user_4,0.1046818341254713
2024-10-23_consumer_device_31_data_user_4,0.10580021697839075
2024-10-24_consumer_device_31_data_user_4,0.10815873631669809
2024-09-24_consumer_device_31_data_user_5,0.09863026149169857
2024-09-25_consumer_device_31_data_user_5,0.12756646891020784
2024-09-26_consumer_device_31_data_user_5,0.1481154172775353
2024-09-27_consumer_device_31_data_user_5,0.16358319712660274
2024-09-28_consumer_device_31_data_user_5,0.16925590893760512
2024-09-29_consumer_device_31_data_user_5,0.18204919621152604
2024-09-30_consumer_device_31_data_user_5,0.19562205898139134
2024-10-01_consumer_device_31_data_user_5,0.20405739701512748
2024-10-02_consumer_device_31_data_user_5,0.2142897636748513
2024-10-03_consumer_device_31_data_user_5,0.22676679227575597
2024-10-04_consumer_device_31_data_user_5,0.242874473502664
2024-10-05_consumer_device_31_data_user_5,0.2589613143048579
2024-10-06_consumer_device_31_data_user_5,0.26737672547514857
2024-10-07_consumer_device_31_data_user_5,0.28176879723859705
2024-10-08_consumer_device_31_data_user_5,0.2961460999220545
2024-10-09_consumer_device_31_data_user_5,0.3048090366099061
2024-10-10_consumer_device_31_data_user_5,0.31142618921692633
2024-10-11_consumer_device_31_data_user_5,0.3172154218746601
2024-10-12_consumer_device_31_data_user_5,0.30108521762700496
2024-10-13_consumer_device_31_data_user_5,0.28778814114674606
2024-10-14_consumer_device_31_data_user_5,0.27552902336467905
2024-10-15_consumer_device_31_data_user_5,0.2768489372562098
2024-10-16_consumer_device_31_data_user_5,0.2696011076249638
2024-10-17_consumer_device_31_data_user_5,0.2642436675234627
2024-10-18_consumer_device_31_data_user_5,0.2681771413730647
2024-10-19_consumer_device_31_data_user_5,0.2720474326310242
2024-10-20_consumer_device_31_data_user_5,0.2820655173419672
2024-10-21_consumer_device_31_data_user_5,0.25758871523357607
2024-10-22_consumer_device_31_data_user_5,0.26295094550447745
2024-10-23_consumer_device_31_data_user_5,0.26753667828538125
2024-10-24_consumer_device_31_data_user_5,0.27725483300688897
2024-09-24_consumer_device_31_data_user_6,0.004270322163630623
2024-09-25_consumer_device_31_data_user_6,0.005919521228840265
2024-09-26_consumer_device_31_data_user_6,0.007091542574774392
2024-09-27_consumer_device_31_data_user_6,0.008002448002426077
2024-09-28_consumer_device_31_data_user_6,0.008335464365054633
2024-09-29_consumer_device_31_data_user_6,0.00908331184683769
2024-09-30_consumer_device_31_data_user_6,0.00989540285585942
2024-10-01_consumer_device_31_data_user_6,0.010408009630790775
2024-10-02_consumer_device_31_data_user_6,0.011043432317103797
2024-10-03_consumer_device_31_data_user_6,0.011680688340266318
2024-10-04_consumer_device_31_data_user_6,0.012640512524894268
2024-10-05_consumer_device_31_data_user_6,0.013616075619091412
2024-10-06_consumer_device_31_data_user_6,0.014126315944584949
2024-10-07_consumer_device_31_data_user_6,0.015027427694288052
2024-10-08_consumer_device_31_data_user_6,0.015916269013571394
2024-10-09_consumer_device_31_data_user_6,0.016448909840067936
2024-10-10_consumer_device_31_data_user_6,0.016860414433216925
2024-10-11_consumer_device_31_data_user_6,0.017222608282405214
2024-10-12_consumer_device_31_data_user_6,0.01615461777402997
2024-10-13_consumer_device_31_data_user_6,0.015295757942610759
2024-10-14_consumer_device_31_data_user_6,0.014507993478876335
2024-10-15_consumer_device_31_data_user_6,0.014584448308857304
2024-10-16_consumer_device_31_data_user_6,0.01412385844022522
2024-10-17_consumer_device_31_data_user_6,0.01377904193152809
2024-10-18_consumer_device_31_data_user_6,0.014022813655102556
2024-10-19_consumer_device_31_data_user_6,0.01426521922399867
2024-10-20_consumer_device_31_data_user_6,0.014897026219129878
2024-10-21_consumer_device_31_data_user_6,0.013325648837184746
2024-10-22_consumer_device_31_data_user_6,0.013662386910529322
2024-10-23_consumer_device_31_data_user_6,0.013951201850996391
2024-10-24_consumer_device_31_data_user_6,0.014564715156153903
2024-09-24_consumer_device_31_data_user_7,0.022526531948238268
2024-09-25_consumer_device_31_data_user_7,0.024725242794402677
2024-09-26_consumer_device_31_data_user_7,0.026286883571688215
2024-09-27_consumer_device_31_data_user_7,0.027470283495094096
2024-09-28_consumer_device_31_data_user_7,0.02790399792725251
2024-09-29_consumer_device_31_data_user_7,0.02888124798272168
2024-09-30_consumer_device_31_data_user_7,0.029923194794699595
2024-10-01_consumer_device_31_data_user_7,0.030572928272688808
2024-10-02_consumer_device_31_data_user_7,0.031364830232114144
2024-10-03_consumer_device_31_data_user_7,0.03229253500606468
2024-10-04_consumer_device_31_data_user_7,0.033527988776686
2024-10-05_consumer_device_31_data_user_7,0.03476652455842837
2024-10-06_consumer_device_31_data_user_7,0.03541440466743385
2024-10-07_consumer_device_31_data_user_7,0.036530266586023735
2024-10-08_consumer_device_31_data_user_7,0.03764185615225426
2024-10-09_consumer_device_31_data_user_7,0.038310830246152415
2024-10-10_consumer_device_31_data_user_7,0.03882310504532351
2024-10-11_consumer_device_31_data_user_7,0.03927188509232825
2024-10-12_consumer_device_31_data_user_7,0.03800525946897594
2024-10-13_consumer_device_31_data_user_7,0.03696704467671894
2024-10-14_consumer_device_31_data_user_7,0.03601098934194161
2024-10-15_consumer_device_31_data_user_7,0.03611162095771128
2024-10-16_consumer_device_31_data_user_7,0.0355478024131445
2024-10-17_consumer_device_31_data_user_7,0.03512983853495502
2024-10-18_consumer_device_31_data_user_7,0.035434121201029144
2024-10-19_consumer_device_31_data_user_7,0.03573421896456326
2024-10-20_consumer_device_31_data_user_7,0.03651220842709308
2024-10-21_consumer_device_31_data_user_7,0.03460373947349014
2024-10-22_consumer_device_31_data_user_7,0.03501976539199349
2024-10-23_consumer_device_31_data_user_7,0.035375778530448515
2024-10-24_consumer_device_31_data_user_7,0.0361306472922704
2024-09-24_consumer_device_31_data_user_8,0.0251247401239944
2024-09-25_consumer_device_31_data_user_8,0.02792432158875731
2024-09-26_consumer_device_31_data_user_8,0.029911832741744197
2024-09-27_consumer_device_31_data_user_8,0.03138752735422608
2024-09-28_consumer_device_31_data_user_8,0.031929476104707616
2024-09-29_consumer_device_31_data_user_8,0.03315395506894246
2024-09-30_consumer_device_31_data_user_8,0.03443979778800824
2024-10-01_consumer_device_31_data_user_8,0.035233321189008626
2024-10-02_consumer_device_31_data_user_8,0.03618623306442517
2024-10-03_consumer_device_31_data_user_8,0.03744580643037247
2024-10-04_consumer_device_31_data_user_8,0.038974577482761716
2024-10-05_consumer_device_31_data_user_8,0.040489319710021725
2024-10-06_consumer_device_31_data_user_8,0.041281788608457395
2024-10-07_consumer_device_31_data_user_8,0.04261684885343997
2024-10-08_consumer_device_31_data_user_8,0.04395859087451069
2024-10-09_consumer_device_31_data_user_8,0.04476912256335193
2024-10-10_consumer_device_31_data_user_8,0.045384945057415554
2024-10-11_consumer_device_31_data_user_8,0.04592217357114223
2024-10-12_consumer_device_31_data_user_8,0.044467075725292196
2024-10-13_consumer_device_31_data_user_8,0.04325226109264278
2024-10-14_consumer_device_31_data_user_8,0.04212939720524409
2024-10-15_consumer_device_31_data_user_8,0.04225622807376705
2024-10-16_consumer_device_31_data_user_8,0.04158871287497129
2024-10-17_consumer_device_31_data_user_8,0.041098393003969745
2024-10-18_consumer_device_31_data_user_8,0.04146505721907848
2024-10-19_consumer_device_31_data_user_8,0.04182402245530837
2024-10-20_consumer_device_31_data_user_8,0.042750101307546716
2024-10-21_consumer_device_31_data_user_8,0.04050711184709904
2024-10-22_consumer_device_31_data_user_8,0.04100382201044892
2024-10-23_consumer_device_31_data_user_8,0.04142800848148012
2024-10-24_consumer_device_31_data_user_8,0.04232592025213597
2024-09-24_consumer_device_31_data_user_9,0.10324992279589248
2024-09-25_consumer_device_31_data_user_9,0.1434348239562919
2024-09-26_consumer_device_31_data_user_9,0.1722030526655642
2024-09-27_consumer_device_31_data_user_9,0.2016727672060879
2024-09-28_consumer_device_31_data_user_9,0.21219391307615548
2024-09-29_consumer_device_31_data_user_9,0.23505482136583794
2024-09-30_consumer_device_31_data_user_9,0.26439483182264734
2024-10-01_consumer_device_31_data_user_9,0.2847821169482852
2024-10-02_consumer_device_31_data_user_9,0.3132203769053047
2024-10-03_consumer_device_31_data_user_9,0.31042864479901766
2024-10-04_consumer_device_31_data_user_9,0.34417763198791596
2024-10-05_consumer_device_31_data_user_9,0.3825082018204186
2024-10-06_consumer_device_31_data_user_9,0.40253258471414033
2024-10-07_consumer_device_31_data_user_9,0.44454032241130587
2024-10-08_consumer_device_31_data_user_9,0.4834145854622015
2024-10-09_consumer_device_31_data_user_9,0.5060415679158217
2024-10-10_consumer_device_31_data_user_9,0.5245913655358119
2024-10-11_consumer_device_31_data_user_9,0.5414128519308085
2024-10-12_consumer_device_31_data_user_9,0.4785196945022606
2024-10-13_consumer_device_31_data_user_9,0.4325423356563365
2024-10-14_consumer_device_31_data_user_9,0.3912580270312837
2024-10-15_consumer_device_31_data_user_9,0.39342532731923024
2024-10-16_consumer_device_31_data_user_9,0.3704205098236566
2024-10-17_consumer_device_31_data_user_9,0.3522287033430071
2024-10-18_consumer_device_31_data_user_9,0.3630261813632517
2024-10-19_consumer_device_31_data_user_9,0.3743446594994773
2024-10-20_consumer_device_31_data_user_9,0.40482704763237765
2024-10-21_consumer_device_31_data_user_9,0.32280355452667725
2024-10-22_consumer_device_31_data_user_9,0.3387272304949083
2024-10-23_consumer_device_31_data_user_9,0.35257367449866217
2024-10-24_consumer_device_31_data_user_9,0.38231284590602904
2024-09-24_consumer_device_32_data_user_1,0.12282742696951501
2024-09-25_consumer_device_32_data_user_1,0.11400994075608148
2024-09-26_consumer_device_32_data_user_1,0.10781299807769962
2024-09-27_consumer_device_32_data_user_1,0.10533890735366497
2024-09-28_consumer_device_32_data_user_1,0.10435119252235862
2024-09-29_consumer_device_32_data_user_1,0.10188072522807319
2024-09-30_consumer_device_32_data_user_1,0.10068531322115112
2024-10-01_consumer_device_32_data_user_1,0.10054582866101297
2024-10-02_consumer_device_32_data_user_1,0.10141589670714662
2024-10-03_consumer_device_32_data_user_1,0.09197457986810091
2024-10-04_consumer_device_32_data_user_1,0.09025587253487204
2024-10-05_consumer_device_32_data_user_1,0.08983582628712189
2024-10-06_consumer_device_32_data_user_1,0.08960845060637819
2024-10-07_consumer_device_32_data_user_1,0.09139523449116915
2024-10-08_consumer_device_32_data_user_1,0.09231396811963391
2024-10-09_consumer_device_32_data_user_1,0.0926443123803399
2024-10-10_consumer_device_32_data_user_1,0.09325157184321849
2024-10-11_consumer_device_32_data_user_1,0.09394895271612219
2024-10-12_consumer_device_32_data_user_1,0.08751430282953328
2024-10-13_consumer_device_32_data_user_1,0.08385494627881063
2024-10-14_consumer_device_32_data_user_1,0.0807907094740164
2024-10-15_consumer_device_32_data_user_1,0.08048220097288276
2024-10-16_consumer_device_32_data_user_1,0.07906389539888835
2024-10-17_consumer_device_32_data_user_1,0.07768276427482237
2024-10-18_consumer_device_32_data_user_1,0.07797950023392136
2024-10-19_consumer_device_32_data_user_1,0.07846611776745967
2024-10-20_consumer_device_32_data_user_1,0.08005785365126972
2024-10-21_consumer_device_32_data_user_1,0.0740534220530404
2024-10-22_consumer_device_32_data_user_1,0.07479548149969009
2024-10-23_consumer_device_32_data_user_1,0.07549417519846945
2024-10-24_consumer_device_32_data_user_1,0.0770857359369518
2024-09-24_consumer_device_32_data_user_10,0.13737198501738507
2024-09-25_consumer_device_32_data_user_10,0.12411774070315947
2024-09-26_consumer_device_32_data_user_10,0.11478713131302651
2024-09-27_consumer_device_32_data_user_10,0.11053199400720512
2024-09-28_consumer_device_32_data_user_10,0.10886989705660602
2024-09-29_consumer_device_32_data_user_10,0.104814465126958
2024-09-30_consumer_device_32_data_user_10,0.10231350951814255
2024-10-01_consumer_device_32_data_user_10,0.10152180833602821
2024-10-02_consumer_device_32_data_user_10,0.10187482253070844
2024-10-03_consumer_device_32_data_user_10,0.08903304411636018
2024-10-04_consumer_device_32_data_user_10,0.08568583747496177
2024-10-05_consumer_device_32_data_user_10,0.08398133594653315
2024-10-06_consumer_device_32_data_user_10,0.08308001607549613
2024-10-07_consumer_device_32_data_user_10,0.08428804635189396
2024-10-08_consumer_device_32_data_user_10,0.08440015451623209
2024-10-09_consumer_device_32_data_user_10,0.08418559491979949
2024-10-10_consumer_device_32_data_user_10,0.08447024406856057
2024-10-11_consumer_device_32_data_user_10,0.08492918784577035
2024-10-12_consumer_device_32_data_user_10,0.07797422195809313
2024-10-13_consumer_device_32_data_user_10,0.07431983661970987
2024-10-14_consumer_device_32_data_user_10,0.07134180699636149
2024-10-15_consumer_device_32_data_user_10,0.07085563038762357
2024-10-16_consumer_device_32_data_user_10,0.06959203374682826
2024-10-17_consumer_device_32_data_user_10,0.06823749687877227
2024-10-18_consumer_device_32_data_user_10,0.06832551801638177
2024-10-19_consumer_device_32_data_user_10,0.06865811193061115
2024-10-20_consumer_device_32_data_user_10,0.06993876842494391
2024-10-21_consumer_device_32_data_user_10,0.06413644451923103
2024-10-22_consumer_device_32_data_user_10,0.06468300424317555
2024-10-23_consumer_device_32_data_user_10,0.06523141233457051
2024-10-24_consumer_device_32_data_user_10,0.06653372985190548
2024-09-24_consumer_device_32_data_user_11,0.10848633492451867
2024-09-25_consumer_device_32_data_user_11,0.09804680623721759
2024-09-26_consumer_device_32_data_user_11,0.0906970891081985
2024-09-27_consumer_device_32_data_user_11,0.08732528642334902
2024-09-28_consumer_device_32_data_user_11,0.08600944132845445
2024-09-29_consumer_device_32_data_user_11,0.0828022893800407
2024-09-30_consumer_device_32_data_user_11,0.08080578713271175
2024-10-01_consumer_device_32_data_user_11,0.08016017608391862
2024-10-02_consumer_device_32_data_user_11,0.08040206823557729
2024-10-03_consumer_device_32_data_user_11,0.07033853689494589
2024-10-04_consumer_device_32_data_user_11,0.06767323788352636
2024-10-05_consumer_device_32_data_user_11,0.06629007795776687
2024-10-06_consumer_device_32_data_user_11,0.06555897905247464
2024-10-07_consumer_device_32_data_user_11,0.06645451133340842
2024-10-08_consumer_device_32_data_user_11,0.06649476545390337
2024-10-09_consumer_device_32_data_user_11,0.06629884421170035
2024-10-10_consumer_device_32_data_user_11,0.0664992591486536
2024-10-11_consumer_device_32_data_user_11,0.06683842504845224
2024-10-12_consumer_device_32_data_user_11,0.06146333330183294
2024-10-13_consumer_device_32_data_user_11,0.05865491331378714
2024-10-14_consumer_device_32_data_user_11,0.05637095334258114
2024-10-15_consumer_device_32_data_user_11,0.05598717338975063
2024-10-16_consumer_device_32_data_user_11,0.05502479846089633
2024-10-17_consumer_device_32_data_user_11,0.0539852364451478
2024-10-18_consumer_device_32_data_user_11,0.05404100874773812
2024-10-19_consumer_device_32_data_user_11,0.05428786867081567
2024-10-20_consumer_device_32_data_user_11,0.05525445544622469
2024-10-21_consumer_device_32_data_user_11,0.05080638410798112
2024-10-22_consumer_device_32_data_user_11,0.05121533409541134
2024-10-23_consumer_device_32_data_user_11,0.051628278146411646
2024-10-24_consumer_device_32_data_user_11,0.05261275608474185
2024-09-24_consumer_device_32_data_user_12,0.28398480832265793
2024-09-25_consumer_device_32_data_user_12,0.2558985536791857
2024-09-26_consumer_device_32_data_user_12,0.2361243106623674
2024-09-27_consumer_device_32_data_user_12,0.22702722541441273
2024-09-28_consumer_device_32_data_user_12,0.22347861485923065
2024-09-29_consumer_device_32_data_user_12,0.21483380260085383
2024-09-30_consumer_device_32_data_user_12,0.20942875367168942
2024-10-01_consumer_device_32_data_user_12,0.2076639511097252
2024-10-02_consumer_device_32_data_user_12,0.20826901583702528
2024-10-03_consumer_device_32_data_user_12,0.18125897939125601
2024-10-04_consumer_device_32_data_user_12,0.17405176019713975
2024-10-05_consumer_device_32_data_user_12,0.17027916294690007
2024-10-06_consumer_device_32_data_user_12,0.16828544304453136
2024-10-07_consumer_device_32_data_user_12,0.17062400674508732
2024-10-08_consumer_device_32_data_user_12,0.17067155300993525
2024-10-09_consumer_device_32_data_user_12,0.17011040425967142
2024-10-10_consumer_device_32_data_user_12,0.1706195204891524
2024-10-11_consumer_device_32_data_user_12,0.17150378784677628
2024-10-12_consumer_device_32_data_user_12,0.15717287662175083
2024-10-13_consumer_device_32_data_user_12,0.14970556692799142
2024-10-14_consumer_device_32_data_user_12,0.14363880413624758
2024-10-15_consumer_device_32_data_user_12,0.14260521779421387
2024-10-16_consumer_device_32_data_user_12,0.14005764302578705
2024-10-17_consumer_device_32_data_user_12,0.13729537660005056
2024-10-18_consumer_device_32_data_user_12,0.13742828363855997
2024-10-19_consumer_device_32_data_user_12,0.13807333223576873
2024-10-20_consumer_device_32_data_user_12,0.14062057371330386
2024-10-21_consumer_device_32_data_user_12,0.12880791926519825
2024-10-22_consumer_device_32_data_user_12,0.1298809114295567
2024-10-23_consumer_device_32_data_user_12,0.13096785859048665
2024-10-24_consumer_device_32_data_user_12,0.1335642837016178
2024-09-24_consumer_device_32_data_user_13,0.24747520910179543
2024-09-25_consumer_device_32_data_user_13,0.22329233080658561
2024-09-26_consumer_device_32_data_user_13,0.20626862931938605
2024-09-27_consumer_device_32_data_user_13,0.19851720914089244
2024-09-28_consumer_device_32_data_user_13,0.19548869953219328
2024-09-29_consumer_device_32_data_user_13,0.1880972140808812
2024-09-30_consumer_device_32_data_user_13,0.18355019939743705
2024-10-01_consumer_device_32_data_user_13,0.18211899937199616
2024-10-02_consumer_device_32_data_user_13,0.18278488899035542
2024-10-03_consumer_device_32_data_user_13,0.15932374230619087
2024-10-04_consumer_device_32_data_user_13,0.1532340719338695
2024-10-05_consumer_device_32_data_user_13,0.15014864485100163
2024-10-06_consumer_device_32_data_user_13,0.14851692764557847
2024-10-07_consumer_device_32_data_user_13,0.15075476768550394
2024-10-08_consumer_device_32_data_user_13,0.15098828573778922
2024-10-09_consumer_device_32_data_user_13,0.15061305026853983
2024-10-10_consumer_device_32_data_user_13,0.15114674625201044
2024-10-11_consumer_device_32_data_user_13,0.1519975629875327
2024-10-12_consumer_device_32_data_user_13,0.13924591414411974
2024-10-13_consumer_device_32_data_user_13,0.1325361925379257
2024-10-14_consumer_device_32_data_user_13,0.1270654903196871
2024-10-15_consumer_device_32_data_user_13,0.126178954622762
2024-10-16_consumer_device_32_data_user_13,0.12385364697633584
2024-10-17_consumer_device_32_data_user_13,0.12136576765477468
2024-10-18_consumer_device_32_data_user_13,0.12153454021781908
2024-10-19_consumer_device_32_data_user_13,0.12215047798681142
2024-10-20_consumer_device_32_data_user_13,0.12451247482143042
2024-10-21_consumer_device_32_data_user_13,0.11385231354434795
2024-10-22_consumer_device_32_data_user_13,0.11486252187865287
2024-10-23_consumer_device_32_data_user_13,0.11587457206009029
2024-10-24_consumer_device_32_data_user_13,0.1182755896777396
2024-09-24_consumer_device_32_data_user_19,70.29084653481306
2024-09-25_consumer_device_32_data_user_19,63.4712893571287
2024-09-26_consumer_device_32_data_user_19,58.67076118764018
2024-09-27_consumer_device_32_data_user_19,56.489894048571735
2024-09-28_consumer_device_32_data_user_19,55.63751994301998
2024-09-29_consumer_device_32_data_user_19,53.556332141285694
2024-09-30_consumer_device_32_data_user_19,52.28068023056376
2024-10-01_consumer_device_32_data_user_19,51.8825418137322
2024-10-02_consumer_device_32_data_user_19,52.07927827559803
2024-10-03_consumer_device_32_data_user_19,45.450584903819646
2024-10-04_consumer_device_32_data_user_19,43.740464455169445
2024-10-05_consumer_device_32_data_user_19,42.88044093284737
2024-10-06_consumer_device_32_data_user_19,42.425545779767766
2024-10-07_consumer_device_32_data_user_19,43.070476491271215
2024-10-08_consumer_device_32_data_user_19,43.14823013161543
2024-10-09_consumer_device_32_data_user_19,43.04908392074769
2024-10-10_consumer_device_32_data_user_19,43.205477751694666
2024-10-11_consumer_device_32_data_user_19,43.45093527636162
2024-10-12_consumer_device_32_data_user_19,39.829489733811826
2024-10-13_consumer_device_32_data_user_19,37.92003521124107
2024-10-14_consumer_device_32_data_user_19,36.36203014711061
2024-10-15_consumer_device_32_data_user_19,36.112238027596916
2024-10-16_consumer_device_32_data_user_19,35.44835785195094
2024-10-17_consumer_device_32_data_user_19,34.740009652338195
2024-10-18_consumer_device_32_data_user_19,34.7909614969642
2024-10-19_consumer_device_32_data_user_19,34.96839683903908
2024-10-20_consumer_device_32_data_user_19,35.644908521330116
2024-10-21_consumer_device_32_data_user_19,32.60851570769027
2024-10-22_consumer_device_32_data_user_19,32.8987297003619
2024-10-23_consumer_device_32_data_user_19,33.18883434355269
2024-10-24_consumer_device_32_data_user_19,33.87614422541293
2024-09-24_consumer_device_32_data_user_2,3.0839350754326444
2024-09-25_consumer_device_32_data_user_2,2.8588803377983143
2024-09-26_consumer_device_32_data_user_2,2.7006251278754236
2024-09-27_consumer_device_32_data_user_2,2.6344899276786737
2024-09-28_consumer_device_32_data_user_2,2.608291436587169
2024-09-29_consumer_device_32_data_user_2,2.5433310980071164
2024-09-30_consumer_device_32_data_user_2,2.508896983904976
2024-10-01_consumer_device_32_data_user_2,2.5020938399099135
2024-10-02_consumer_device_32_data_user_2,2.518980899128839
2024-10-03_consumer_device_32_data_user_2,2.2855267684470197
2024-10-04_consumer_device_32_data_user_2,2.2374038947377484
2024-10-05_consumer_device_32_data_user_2,2.220703639636227
2024-10-06_consumer_device_32_data_user_2,2.211782541399271
2024-10-07_consumer_device_32_data_user_2,2.2491536603592124
2024-10-08_consumer_device_32_data_user_2,2.265532958184275
2024-10-09_consumer_device_32_data_user_2,2.270002283681795
2024-10-10_consumer_device_32_data_user_2,2.2820017236612236
2024-10-11_consumer_device_32_data_user_2,2.296517727315428
2024-10-12_consumer_device_32_data_user_2,2.147422964665493
2024-10-13_consumer_device_32_data_user_2,2.0643098550613272
2024-10-14_consumer_device_32_data_user_2,1.9951705368476298
2024-10-15_consumer_device_32_data_user_2,1.987171266397152
2024-10-16_consumer_device_32_data_user_2,1.9558092888469456
2024-10-17_consumer_device_32_data_user_2,1.924578082735704
2024-10-18_consumer_device_32_data_user_2,1.9301570167643474
2024-10-19_consumer_device_32_data_user_2,1.9403548025545323
2024-10-20_consumer_device_32_data_user_2,1.974785856497395
2024-10-21_consumer_device_32_data_user_2,1.8394909087387445
2024-10-22_consumer_device_32_data_user_2,1.8552612525031236
2024-10-23_consumer_device_32_data_user_2,1.8702982495573528
2024-10-24_consumer_device_32_data_user_2,1.904846991805262
2024-09-24_consumer_device_32_data_user_3,0.8809663975363216
2024-09-25_consumer_device_32_data_user_3,0.8004192999952303
2024-09-26_consumer_device_32_data_user_3,0.7437165780818096
2024-09-27_consumer_device_32_data_user_3,0.7178624007228549
2024-09-28_consumer_device_32_data_user_3,0.7077632373793032
2024-09-29_consumer_device_32_data_user_3,0.683121007654509
2024-09-30_consumer_device_32_data_user_3,0.6679285822346149
2024-10-01_consumer_device_32_data_user_3,0.663122378199972
2024-10-02_consumer_device_32_data_user_3,0.6652759207028125
2024-10-03_consumer_device_32_data_user_3,0.5872237495125175
2024-10-04_consumer_device_32_data_user_3,0.5668891043814718
2024-10-05_consumer_device_32_data_user_3,0.5565399813826197
2024-10-06_consumer_device_32_data_user_3,0.5510674215406136
2024-10-07_consumer_device_32_data_user_3,0.5584214817612636
2024-10-08_consumer_device_32_data_user_3,0.559113731701874
2024-10-09_consumer_device_32_data_user_3,0.5578159780155738
2024-10-10_consumer_device_32_data_user_3,0.5595512391038184
2024-10-11_consumer_device_32_data_user_3,0.5623453671751568
2024-10-12_consumer_device_32_data_user_3,0.5200560150688924
2024-10-13_consumer_device_32_data_user_3,0.49783207807578816
2024-10-14_consumer_device_32_data_user_3,0.4797202933316338
2024-10-15_consumer_device_32_data_user_3,0.4767659531494021
2024-10-16_consumer_device_32_data_user_3,0.4690794756252856
2024-10-17_consumer_device_32_data_user_3,0.46084161520058536
2024-10-18_consumer_device_32_data_user_3,0.4613796189590833
2024-10-19_consumer_device_32_data_user_3,0.4634042637955851
2024-10-20_consumer_device_32_data_user_3,0.47119651971944354
2024-10-21_consumer_device_32_data_user_3,0.43590749475443313
2024-10-22_consumer_device_32_data_user_3,0.4392338952255173
2024-10-23_consumer_device_32_data_user_3,0.4425709493872014
2024-10-24_consumer_device_32_data_user_3,0.45049465170956576
2024-09-24_consumer_device_32_data_user_4,1.0184053557863089
2024-09-25_consumer_device_32_data_user_4,0.977381937704748
2024-09-26_consumer_device_32_data_user_4,0.948672112996966
2024-09-27_consumer_device_32_data_user_4,0.9413621572459308
2024-09-28_consumer_device_32_data_user_4,0.9381566661248918
2024-09-29_consumer_device_32_data_user_4,0.9293415121381265
2024-09-30_consumer_device_32_data_user_4,0.929296140933884
2024-10-01_consumer_device_32_data_user_4,0.9332075196954466
2024-10-02_consumer_device_32_data_user_4,0.9447369777210418
2024-10-03_consumer_device_32_data_user_4,0.8902321416378445
2024-10-04_consumer_device_32_data_user_4,0.8882194691003759
2024-10-05_consumer_device_32_data_user_4,0.8946731370316384
2024-10-06_consumer_device_32_data_user_4,0.8979993313029392
2024-10-07_consumer_device_32_data_user_4,0.9178913940050853
2024-10-08_consumer_device_32_data_user_4,0.9321079848416645
2024-10-09_consumer_device_32_data_user_4,0.9392167261715331
2024-10-10_consumer_device_32_data_user_4,0.9469638394954333
2024-10-11_consumer_device_32_data_user_4,0.9548260323810223
2024-10-12_consumer_device_32_data_user_4,0.9035969834724026
2024-10-13_consumer_device_32_data_user_4,0.872105855500167
2024-10-14_consumer_device_32_data_user_4,0.8450932828273251
2024-10-15_consumer_device_32_data_user_4,0.8438337170674131
2024-10-16_consumer_device_32_data_user_4,0.8304312018570761
2024-10-17_consumer_device_32_data_user_4,0.8183520054759185
2024-10-18_consumer_device_32_data_user_4,0.8225377744383437
2024-10-19_consumer_device_32_data_user_4,0.827927059339934
2024-10-20_consumer_device_32_data_user_4,0.8440454025233992
2024-10-21_consumer_device_32_data_user_4,0.7908537453052619
2024-10-22_consumer_device_32_data_user_4,0.7987635276467381
2024-10-23_consumer_device_32_data_user_4,0.8059463195724774
2024-10-24_consumer_device_32_data_user_4,0.8218920665957608
2024-09-24_consumer_device_32_data_user_5,16.561220655955413
2024-09-25_consumer_device_32_data_user_5,15.223711065305178
2024-09-26_consumer_device_32_data_user_5,14.283714163326373
2024-09-27_consumer_device_32_data_user_5,13.908660916523695
2024-09-28_consumer_device_32_data_user_5,13.758914666578963
2024-09-29_consumer_device_32_data_user_5,13.38432503639139
2024-09-30_consumer_device_32_data_user_5,13.20330674802514
2024-10-01_consumer_device_32_data_user_5,13.182406286791842
2024-10-02_consumer_device_32_data_user_5,13.314808235733302
2024-10-03_consumer_device_32_data_user_5,11.882072982249058
2024-10-04_consumer_device_32_data_user_5,11.621703319946452
2024-10-05_consumer_device_32_data_user_5,11.558462368244202
2024-10-06_consumer_device_32_data_user_5,11.52421988988187
2024-10-07_consumer_device_32_data_user_5,11.795908480697225
2024-10-08_consumer_device_32_data_user_5,11.935831491020016
2024-10-09_consumer_device_32_data_user_5,11.986255731438074
2024-10-10_consumer_device_32_data_user_5,12.07864803922243
2024-10-11_consumer_device_32_data_user_5,12.1846935197302
2024-10-12_consumer_device_32_data_user_5,11.207429092632493
2024-10-13_consumer_device_32_data_user_5,10.651529970384725
2024-10-14_consumer_device_32_data_user_5,10.186000179958825
2024-10-15_consumer_device_32_data_user_5,10.139212979847986
2024-10-16_consumer_device_32_data_user_5,9.923688100457264
2024-10-17_consumer_device_32_data_user_5,9.71386716064679
2024-10-18_consumer_device_32_data_user_5,9.759037066324762
2024-10-19_consumer_device_32_data_user_5,9.833027876454302
2024-10-20_consumer_device_32_data_user_5,10.07496798585589
2024-10-21_consumer_device_32_data_user_5,9.16273861699067
2024-10-22_consumer_device_32_data_user_5,9.275552257167167
2024-10-23_consumer_device_32_data_user_5,9.38175813813996
2024-10-24_consumer_device_32_data_user_5,9.623661972238786
2024-09-24_consumer_device_32_data_user_6,0.1323516180206775
2024-09-25_consumer_device_32_data_user_6,0.1197298915698965
2024-09-26_consumer_device_32_data_user_6,0.11084415533281085
2024-09-27_consumer_device_32_data_user_6,0.10677820428027279
2024-09-28_consumer_device_32_data_user_6,0.10519083444194502
2024-09-29_consumer_device_32_data_user_6,0.10132008647963617
2024-09-30_consumer_device_32_data_user_6,0.09892025845917224
2024-10-01_consumer_device_32_data_user_6,0.09815127394426498
2024-10-02_consumer_device_32_data_user_6,0.09846272700039294
2024-10-03_consumer_device_32_data_user_6,0.08626873011921726
2024-10-04_consumer_device_32_data_user_6,0.08306149196825144
2024-10-05_consumer_device_32_data_user_6,0.08141055731625876
2024-10-06_consumer_device_32_data_user_6,0.08053776762615784
2024-10-07_consumer_device_32_data_user_6,0.08164989762167522
2024-10-08_consumer_device_32_data_user_6,0.08172381229275613
2024-10-09_consumer_device_32_data_user_6,0.08150108568914147
2024-10-10_consumer_device_32_data_user_6,0.08175589180506003
2024-10-11_consumer_device_32_data_user_6,0.08217767982226834
2024-10-12_consumer_device_32_data_user_6,0.07562495456402742
2024-10-13_consumer_device_32_data_user_6,0.07219275099763149
2024-10-14_consumer_device_32_data_user_6,0.06939897806514346
2024-10-15_consumer_device_32_data_user_6,0.06893542207829674
2024-10-16_consumer_device_32_data_user_6,0.06775460282055688
2024-10-17_consumer_device_32_data_user_6,0.06648338300602531
2024-10-18_consumer_device_32_data_user_6,0.06655793676075787
2024-10-19_consumer_device_32_data_user_6,0.0668643344089147
2024-10-20_consumer_device_32_data_user_6,0.06805509329699815
2024-10-21_consumer_device_32_data_user_6,0.0626130992845138
2024-10-22_consumer_device_32_data_user_6,0.06311885151813676
2024-10-23_consumer_device_32_data_user_6,0.06362809898559722
2024-10-24_consumer_device_32_data_user_6,0.06484005266213003
2024-09-24_consumer_device_32_data_user_7,6.9124622915258165
2024-09-25_consumer_device_32_data_user_7,6.192701559526339
2024-09-26_consumer_device_32_data_user_7,5.685761873775928
2024-09-27_consumer_device_32_data_user_7,5.446091593829596
2024-09-28_consumer_device_32_data_user_7,5.352987887089121
2024-09-29_consumer_device_32_data_user_7,5.127277948667197
2024-09-30_consumer_device_32_data_user_7,4.9801742974117476
2024-10-01_consumer_device_32_data_user_7,4.927847049461617
2024-10-02_consumer_device_32_data_user_7,4.931703342597011
2024-10-03_consumer_device_32_data_user_7,4.255995537834803
2024-10-04_consumer_device_32_data_user_7,4.061980338042489
2024-10-05_consumer_device_32_data_user_7,3.9522085386165307
2024-10-06_consumer_device_32_data_user_7,3.8942893478539773
2024-10-07_consumer_device_32_data_user_7,3.936189220989016
2024-10-08_consumer_device_32_data_user_7,3.92192645689545
2024-10-09_consumer_device_32_data_user_7,3.8988699973088212
2024-10-10_consumer_device_32_data_user_7,3.904253098275915
2024-10-11_consumer_device_32_data_user_7,3.9197238156877336
2024-10-12_consumer_device_32_data_user_7,3.5856224799751533
2024-10-13_consumer_device_32_data_user_7,3.416784556191836
2024-10-14_consumer_device_32_data_user_7,3.2811758564000697
2024-10-15_consumer_device_32_data_user_7,3.254414649963499
2024-10-16_consumer_device_32_data_user_7,3.199722904580884
2024-10-17_consumer_device_32_data_user_7,3.1377380372137402
2024-10-18_consumer_device_32_data_user_7,3.1367759641625566
2024-10-19_consumer_device_32_data_user_7,3.148440017241233
2024-10-20_consumer_device_32_data_user_7,3.2001507575602366
2024-10-21_consumer_device_32_data_user_7,2.9367570384873236
2024-10-22_consumer_device_32_data_user_7,2.9573137410752954
2024-10-23_consumer_device_32_data_user_7,2.9790459164005387
2024-10-24_consumer_device_32_data_user_7,3.032284560840362
2024-09-24_consumer_device_32_data_user_8,0.1161770471736561
2024-09-25_consumer_device_32_data_user_8,0.10504203240311691
2024-09-26_consumer_device_32_data_user_8,0.09720280868288889
2024-09-27_consumer_device_32_data_user_8,0.0936110378449094
2024-09-28_consumer_device_32_data_user_8,0.09220907330347126
2024-09-29_consumer_device_32_data_user_8,0.08879123282529738
2024-09-30_consumer_device_32_data_user_8,0.0866678457869689
2024-10-01_consumer_device_32_data_user_8,0.08598428580895265
2024-10-02_consumer_device_32_data_user_8,0.08625059734542523
2024-10-03_consumer_device_32_data_user_8,0.0755048862967862
2024-10-04_consumer_device_32_data_user_8,0.07266866569468736
2024-10-05_consumer_device_32_data_user_8,0.07120269184386098
2024-10-06_consumer_device_32_data_user_8,0.07042775310983053
2024-10-07_consumer_device_32_data_user_8,0.07139579888553516
2024-10-08_consumer_device_32_data_user_8,0.07144977056948187
2024-10-09_consumer_device_32_data_user_8,0.07124698167817
2024-10-10_consumer_device_32_data_user_8,0.0714662115844366
2024-10-11_consumer_device_32_data_user_8,0.07183309843075558
2024-10-12_consumer_device_32_data_user_8,0.06607628176884096
2024-10-13_consumer_device_32_data_user_8,0.06306470638162195
2024-10-14_consumer_device_32_data_user_8,0.06061442860247224
2024-10-15_consumer_device_32_data_user_8,0.06020527616428063
2024-10-16_consumer_device_32_data_user_8,0.05917123512516148
2024-10-17_consumer_device_32_data_user_8,0.0580561416653813
2024-10-18_consumer_device_32_data_user_8,0.058118743319010444
2024-10-19_consumer_device_32_data_user_8,0.058385518236629665
2024-10-20_consumer_device_32_data_user_8,0.05942617064335951
2024-10-21_consumer_device_32_data_user_8,0.05465373264077529
2024-10-22_consumer_device_32_data_user_8,0.05509487471343112
2024-10-23_consumer_device_32_data_user_8,0.055539693929568965
2024-10-24_consumer_device_32_data_user_8,0.056599238739271314
2024-09-24_consumer_device_32_data_user_9,0.1367169255449561
2024-09-25_consumer_device_32_data_user_9,0.12356200004224237
2024-09-26_consumer_device_32_data_user_9,0.1143006024440758
2024-09-27_consumer_device_32_data_user_9,0.11005294656162512
2024-09-28_consumer_device_32_data_user_9,0.10839523008507322
2024-09-29_consumer_device_32_data_user_9,0.10435462531213895
2024-09-30_consumer_device_32_data_user_9,0.10184036404769195
2024-10-01_consumer_device_32_data_user_9,0.10102810268455355
2024-10-02_consumer_device_32_data_user_9,0.10133500900058855
2024-10-03_consumer_device_32_data_user_9,0.08865091627449899
2024-10-04_consumer_device_32_data_user_9,0.08529403032164307
2024-10-05_consumer_device_32_data_user_9,0.08355345637133774
2024-10-06_consumer_device_32_data_user_9,0.08263342175264358
2024-10-07_consumer_device_32_data_user_9,0.08376513283798645
2024-10-08_consumer_device_32_data_user_9,0.08381864309508434
2024-10-09_consumer_device_32_data_user_9,0.08357332251722008
2024-10-10_consumer_device_32_data_user_9,0.08382724590076245
2024-10-11_consumer_device_32_data_user_9,0.08425592513635288
2024-10-12_consumer_device_32_data_user_9,0.07747676734602289
2024-10-13_consumer_device_32_data_user_9,0.07393380374696366
2024-10-14_consumer_device_32_data_user_9,0.07105219506863839
2024-10-15_consumer_device_32_data_user_9,0.07056864042859459
2024-10-16_consumer_device_32_data_user_9,0.06935403842736049
2024-10-17_consumer_device_32_data_user_9,0.06804249474690485
2024-10-18_consumer_device_32_data_user_9,0.06811355983234028
2024-10-19_consumer_device_32_data_user_9,0.06842550549636796
2024-10-20_consumer_device_32_data_user_9,0.06964594975214093
2024-10-21_consumer_device_32_data_user_9,0.06403382632417985
2024-10-22_consumer_device_32_data_user_9,0.06455039608354712
2024-10-23_consumer_device_32_data_user_9,0.06507185162412038
2024-10-24_consumer_device_32_data_user_9,0.06631479253123768
2024-09-24_consumer_device_35_data_user_1,0.10963234349102303
2024-09-25_consumer_device_35_data_user_1,0.0982272081299358
2024-09-26_consumer_device_35_data_user_1,0.0901970014027238
2024-09-27_consumer_device_35_data_user_1,0.08648995780878448
2024-09-28_consumer_device_35_data_user_1,0.08504467273347334
2024-09-29_consumer_device_35_data_user_1,0.08152597515906773
2024-09-30_consumer_device_35_data_user_1,0.07931412363440693
2024-10-01_consumer_device_35_data_user_1,0.07858343148295326
2024-10-02_consumer_device_35_data_user_1,0.07880608465484523
2024-10-03_consumer_device_35_data_user_1,0.06787056660448029
2024-10-04_consumer_device_35_data_user_1,0.06492545842897088
2024-10-05_consumer_device_35_data_user_1,0.06336759676806128
2024-10-06_consumer_device_35_data_user_1,0.06254448997953722
2024-10-07_consumer_device_35_data_user_1,0.0634584506208846
2024-10-08_consumer_device_35_data_user_1,0.06344712838371441
2024-10-09_consumer_device_35_data_user_1,0.06320209421759071
2024-10-10_consumer_device_35_data_user_1,0.06339367070098988
2024-10-11_consumer_device_35_data_user_1,0.06373852401107366
2024-10-12_consumer_device_35_data_user_1,0.05798468960146791
2024-10-13_consumer_device_35_data_user_1,0.05499696560594686
2024-10-14_consumer_device_35_data_user_1,0.052572701793742155
2024-10-15_consumer_device_35_data_user_1,0.05215244635533741
2024-10-16_consumer_device_35_data_user_1,0.051138900160811136
2024-10-17_consumer_device_35_data_user_1,0.05003462896541335
2024-10-18_consumer_device_35_data_user_1,0.050079957038764056
2024-10-19_consumer_device_35_data_user_1,0.050332267042106284
2024-10-20_consumer_device_35_data_user_1,0.05133979687486393
2024-10-21_consumer_device_35_data_user_1,0.046620777250913605
2024-10-22_consumer_device_35_data_user_1,0.047042760830939064
2024-10-23_consumer_device_35_data_user_1,0.04747202930909588
2024-10-24_consumer_device_35_data_user_1,0.04850006062195516
2024-09-24_consumer_device_35_data_user_10,0.22364622204189571
2024-09-25_consumer_device_35_data_user_10,0.1994333510983158
2024-09-26_consumer_device_35_data_user_10,0.18238352045691897
2024-09-27_consumer_device_35_data_user_10,0.17444906911226998
2024-09-28_consumer_device_35_data_user_10,0.17135942679338237
2024-09-29_consumer_device_35_data_user_10,0.16384819060520445
2024-09-30_consumer_device_35_data_user_10,0.15906781116449606
2024-10-01_consumer_device_35_data_user_10,0.1574465750049836
2024-10-02_consumer_device_35_data_user_10,0.15780443841209008
2024-10-03_consumer_device_35_data_user_10,0.13475092164076893
2024-10-04_consumer_device_35_data_user_10,0.12840668061115362
2024-10-05_consumer_device_35_data_user_10,0.12497032769053615
2024-10-06_consumer_device_35_data_user_10,0.12315560251384725
2024-10-07_consumer_device_35_data_user_10,0.12491820840829829
2024-10-08_consumer_device_35_data_user_10,0.12474157993059135
2024-10-09_consumer_device_35_data_user_10,0.12413586170852214
2024-10-10_consumer_device_35_data_user_10,0.12446703483775928
2024-10-11_consumer_device_35_data_user_10,0.12512828056130257
2024-10-12_consumer_device_35_data_user_10,0.11323979134886762
2024-10-13_consumer_device_35_data_user_10,0.10711893592211595
2024-10-14_consumer_device_35_data_user_10,0.10216805384800703
2024-10-15_consumer_device_35_data_user_10,0.10127316234348634
2024-10-16_consumer_device_35_data_user_10,0.09922584902014579
2024-10-17_consumer_device_35_data_user_10,0.09696827267398328
2024-10-18_consumer_device_35_data_user_10,0.0970214492611696
2024-10-19_consumer_device_35_data_user_10,0.0975091315656283
2024-10-20_consumer_device_35_data_user_10,0.09951437400656302
2024-10-21_consumer_device_35_data_user_10,0.08988361779160337
2024-10-22_consumer_device_35_data_user_10,0.0907110694439859
2024-10-23_consumer_device_35_data_user_10,0.09156204798349885
2024-10-24_consumer_device_35_data_user_10,0.09361345113411408
2024-09-24_consumer_device_35_data_user_11,0.15355341788050175
2024-09-25_consumer_device_35_data_user_11,0.13708762193159024
2024-09-26_consumer_device_35_data_user_11,0.12549380975132673
2024-09-27_consumer_device_35_data_user_11,0.12012596384690086
2024-09-28_consumer_device_35_data_user_11,0.11803411245455271
2024-09-29_consumer_device_35_data_user_11,0.1129439538045593
2024-09-30_consumer_device_35_data_user_11,0.10972975719285737
2024-10-01_consumer_device_35_data_user_11,0.10865755980472627
2024-10-02_consumer_device_35_data_user_11,0.10895065253161593
2024-10-03_consumer_device_35_data_user_11,0.09320294720670588
2024-10-04_consumer_device_35_data_user_11,0.08892836372961499
2024-10-05_consumer_device_35_data_user_11,0.08664738420149491
2024-10-06_consumer_device_35_data_user_11,0.08544243425013529
2024-10-07_consumer_device_35_data_user_11,0.08671804952206744
2024-10-08_consumer_device_35_data_user_11,0.08666402140800333
2024-10-09_consumer_device_35_data_user_11,0.08628914342740936
2024-10-10_consumer_device_35_data_user_11,0.08654707146744525
2024-10-11_consumer_device_35_data_user_11,0.08702744097203557
2024-10-12_consumer_device_35_data_user_11,0.07880122668029345
2024-10-13_consumer_device_35_data_user_11,0.07454262423370431
2024-10-14_consumer_device_35_data_user_11,0.07109101905982244
2024-10-15_consumer_device_35_data_user_11,0.07048362264183126
2024-10-16_consumer_device_35_data_user_11,0.06904613538304898
2024-10-17_consumer_device_35_data_user_11,0.06747330681886118
2024-10-18_consumer_device_35_data_user_11,0.06752811571755797
2024-10-19_consumer_device_35_data_user_11,0.06788053491473474
2024-10-20_consumer_device_35_data_user_11,0.06930210113318566
2024-10-21_consumer_device_35_data_user_11,0.06258489206310515
2024-10-22_consumer_device_35_data_user_11,0.06317722337661533
2024-10-23_consumer_device_35_data_user_11,0.0637820627128355
2024-10-24_consumer_device_35_data_user_11,0.06523387835229172
2024-09-24_consumer_device_35_data_user_12,0.1844872724437127
2024-09-25_consumer_device_35_data_user_12,0.1648354230302993
2024-09-26_consumer_device_35_data_user_12,0.1509984884983389
2024-09-27_consumer_device_35_data_user_12,0.14459978136100987
2024-09-28_consumer_device_35_data_user_12,0.1421057445239407
2024-09-29_consumer_device_35_data_user_12,0.13603563272815805
2024-09-30_consumer_device_35_data_user_12,0.13220973581862067
2024-10-01_consumer_device_35_data_user_12,0.1309385317327148
2024-10-02_consumer_device_35_data_user_12,0.13130221297953268
2024-10-03_consumer_device_35_data_user_12,0.11248777952180758
2024-10-04_consumer_device_35_data_user_12,0.10739718271679034
2024-10-05_consumer_device_35_data_user_12,0.10469043933847652
2024-10-06_consumer_device_35_data_user_12,0.1032604687546953
2024-10-07_consumer_device_35_data_user_12,0.10480438610882513
2024-10-08_consumer_device_35_data_user_12,0.10475834436520032
2024-10-09_consumer_device_35_data_user_12,0.10432126376124602
2024-10-10_consumer_device_35_data_user_12,0.10463822857677799
2024-10-11_consumer_device_35_data_user_12,0.10522011198129363
2024-10-12_consumer_device_35_data_user_12,0.09536267261348652
2024-10-13_consumer_device_35_data_user_12,0.09025321962671588
2024-10-14_consumer_device_35_data_user_12,0.08611008528243148
2024-10-15_consumer_device_35_data_user_12,0.0853854865557244
2024-10-16_consumer_device_35_data_user_12,0.08365723269960904
2024-10-17_consumer_device_35_data_user_12,0.08176958331058286
2024-10-18_consumer_device_35_data_user_12,0.08184020050683652
2024-10-19_consumer_device_35_data_user_12,0.08226660788129732
2024-10-20_consumer_device_35_data_user_12,0.08397940072006883
2024-10-21_consumer_device_35_data_user_12,0.07591559920665199
2024-10-22_consumer_device_35_data_user_12,0.07663081121900651
2024-10-23_consumer_device_35_data_user_12,0.0773599773090183
2024-10-24_consumer_device_35_data_user_12,0.07910855407177025
2024-09-24_consumer_device_35_data_user_13,0.18019843458875065
2024-09-25_consumer_device_35_data_user_13,0.16116173838858833
2024-09-26_consumer_device_35_data_user_13,0.1477580409889504
2024-09-27_consumer_device_35_data_user_13,0.14156328254120604
2024-09-28_consumer_device_35_data_user_13,0.13914852399321942
2024-09-29_consumer_device_35_data_user_13,0.13327075151061177
2024-09-30_consumer_device_35_data_user_13,0.12956941165161806
2024-10-01_consumer_device_35_data_user_13,0.12834196493553
2024-10-02_consumer_device_35_data_user_13,0.12870076751538476
2024-10-03_consumer_device_35_data_user_13,0.11046607502441383
2024-10-04_consumer_device_35_data_user_13,0.10554002998466104
2024-10-05_consumer_device_35_data_user_13,0.1029253257083727
2024-10-06_consumer_device_35_data_user_13,0.10154392901682022
2024-10-07_consumer_device_35_data_user_13,0.1030495863310685
2024-10-08_consumer_device_35_data_user_13,0.10301363100944794
2024-10-09_consumer_device_35_data_user_13,0.10259507710496368
2024-10-10_consumer_device_35_data_user_13,0.10290639988035766
2024-10-11_consumer_device_35_data_user_13,0.1034740840885004
2024-10-12_consumer_device_35_data_user_13,0.09390669358378582
2024-10-13_consumer_device_35_data_user_13,0.08894460072911173
2024-10-14_consumer_device_35_data_user_13,0.0849200649837141
2024-10-15_consumer_device_35_data_user_13,0.08421830089517314
2024-10-16_consumer_device_35_data_user_13,0.08253822954785303
2024-10-17_consumer_device_35_data_user_13,0.08070475245288944
2024-10-18_consumer_device_35_data_user_13,0.08077559840802613
2024-10-19_consumer_device_35_data_user_13,0.08119137573168433
2024-10-20_consumer_device_35_data_user_13,0.08285812994764086
2024-10-21_consumer_device_35_data_user_13,0.07502478477591303
2024-10-22_consumer_device_35_data_user_13,0.07572148469570145
2024-10-23_consumer_device_35_data_user_13,0.0764312451813416
2024-10-24_consumer_device_35_data_user_13,0.0781325138207671
2024-09-24_consumer_device_35_data_user_2,1.030535622894048
2024-09-25_consumer_device_35_data_user_2,1.2977971111761206
2024-09-26_consumer_device_35_data_user_2,1.487799111324133
2024-09-27_consumer_device_35_data_user_2,1.6378261496492985
2024-09-28_consumer_device_35_data_user_2,1.6925905807545072
2024-09-29_consumer_device_35_data_user_2,1.8153200133055745
2024-09-30_consumer_device_35_data_user_2,1.9500883590880886
2024-10-01_consumer_device_35_data_user_2,2.035775259917906
2024-10-02_consumer_device_35_data_user_2,2.1430409727288358
2024-10-03_consumer_device_35_data_user_2,2.240242550083067
2024-10-04_consumer_device_35_data_user_2,2.399219951061143
2024-10-05_consumer_device_35_data_user_2,2.5621387432964373
2024-10-06_consumer_device_35_data_user_2,2.6473410227637135
2024-10-07_consumer_device_35_data_user_2,2.800013826604382
2024-10-08_consumer_device_35_data_user_2,2.949759080817158
2024-10-09_consumer_device_35_data_user_2,3.039272888722791
2024-10-10_consumer_device_35_data_user_2,3.1087830353660593
2024-10-11_consumer_device_35_data_user_2,3.1701275888358222
2024-10-12_consumer_device_35_data_user_2,2.984839024451901
2024-10-13_consumer_device_35_data_user_2,2.8373571616614996
2024-10-14_consumer_device_35_data_user_2,2.7023775620852484
2024-10-15_consumer_device_35_data_user_2,2.714868314145301
2024-10-16_consumer_device_35_data_user_2,2.6363239391347095
2024-10-17_consumer_device_35_data_user_2,2.577201212904387
2024-10-18_consumer_device_35_data_user_2,2.6183150520575658
2024-10-19_consumer_device_35_data_user_2,2.659391133236417
2024-10-20_consumer_device_35_data_user_2,2.7667773075920756
2024-10-21_consumer_device_35_data_user_2,2.4976379736910177
2024-10-22_consumer_device_35_data_user_2,2.554765332361358
2024-10-23_consumer_device_35_data_user_2,2.6038251693248187
2024-10-24_consumer_device_35_data_user_2,2.7081482035902416
2024-09-24_consumer_device_35_data_user_3,0.8074330193721031
2024-09-25_consumer_device_35_data_user_3,0.983842029930894
2024-09-26_consumer_device_35_data_user_3,1.1092965712354221
2024-09-27_consumer_device_35_data_user_3,1.2097599711472902
2024-09-28_consumer_device_35_data_user_3,1.2463830845217205
2024-09-29_consumer_device_35_data_user_3,1.3283079631513137
2024-09-30_consumer_device_35_data_user_3,1.4191494932993152
2024-10-01_consumer_device_35_data_user_3,1.477267389642164
2024-10-02_consumer_device_35_data_user_3,1.5506274244827392
2024-10-03_consumer_device_35_data_user_3,1.6111692403905853
2024-10-04_consumer_device_35_data_user_3,1.7181500265193732
2024-10-05_consumer_device_35_data_user_3,1.828561296612692
2024-10-06_consumer_device_35_data_user_3,1.886299042449662
2024-10-07_consumer_device_35_data_user_3,1.9910315977244426
2024-10-08_consumer_device_35_data_user_3,2.093272112315519
2024-10-09_consumer_device_35_data_user_3,2.1542618493632095
2024-10-10_consumer_device_35_data_user_3,2.2018256990335328
2024-10-11_consumer_device_35_data_user_3,2.243895739064647
2024-10-12_consumer_device_35_data_user_3,2.114313778390948
2024-10-13_consumer_device_35_data_user_3,2.0120204680304536
2024-10-14_consumer_device_35_data_user_3,1.9185640220870344
2024-10-15_consumer_device_35_data_user_3,1.9268687865276082
2024-10-16_consumer_device_35_data_user_3,1.8726982934795455
2024-10-17_consumer_device_35_data_user_3,1.8317406166012118
2024-10-18_consumer_device_35_data_user_3,1.8598374363537913
2024-10-19_consumer_device_35_data_user_3,1.8880187793104073
2024-10-20_consumer_device_35_data_user_3,1.9618793408755217
2024-10-21_consumer_device_35_data_user_3,1.7755952728509583
2024-10-22_consumer_device_35_data_user_3,1.8148269026435309
2024-10-23_consumer_device_35_data_user_3,1.8485538845342726
2024-10-24_consumer_device_35_data_user_3,1.9203338496614673
2024-09-24_consumer_device_35_data_user_4,0.10923943792539498
2024-09-25_consumer_device_35_data_user_4,0.0989387147962777
2024-09-26_consumer_device_35_data_user_4,0.09168941527330005
2024-09-27_consumer_device_35_data_user_4,0.0884556133776054
2024-09-28_consumer_device_35_data_user_4,0.08718808962373026
2024-09-29_consumer_device_35_data_user_4,0.08408299158274685
2024-09-30_consumer_device_35_data_user_4,0.08223538087517045
2024-10-01_consumer_device_35_data_user_4,0.08169949748901693
2024-10-02_consumer_device_35_data_user_4,0.08210410458611299
2024-10-03_consumer_device_35_data_user_4,0.07193974710073772
2024-10-04_consumer_device_35_data_user_4,0.0694425970440011
2024-10-05_consumer_device_35_data_user_4,0.0682643072972839
2024-10-06_consumer_device_35_data_user_4,0.06764016321547361
2024-10-07_consumer_device_35_data_user_4,0.06878059964939381
2024-10-08_consumer_device_35_data_user_4,0.06904082590064982
2024-10-09_consumer_device_35_data_user_4,0.06897108678840927
2024-10-10_consumer_device_35_data_user_4,0.06927799825862554
2024-10-11_consumer_device_35_data_user_4,0.06971506874831014
2024-10-12_consumer_device_35_data_user_4,0.06393921469454612
2024-10-13_consumer_device_35_data_user_4,0.060847295926515735
2024-10-14_consumer_device_35_data_user_4,0.058310784533881325
2024-10-15_consumer_device_35_data_user_4,0.05793600582763293
2024-10-16_consumer_device_35_data_user_4,0.056835524565626995
2024-10-17_consumer_device_35_data_user_4,0.055684396421485455
2024-10-18_consumer_device_35_data_user_4,0.055801643712559704
2024-10-19_consumer_device_35_data_user_4,0.05611453717700659
2024-10-20_consumer_device_35_data_user_4,0.057261512681539305
2024-10-21_consumer_device_35_data_user_4,0.05231243126234522
2024-10-22_consumer_device_35_data_user_4,0.05281480317830686
2024-10-23_consumer_device_35_data_user_4,0.05330946696344657
2024-10-24_consumer_device_35_data_user_4,0.05447028581280607
2024-09-24_consumer_device_35_data_user_5,0.25499608709958177
2024-09-25_consumer_device_35_data_user_5,0.23440073822586682
2024-09-26_consumer_device_35_data_user_5,0.21992985552978256
2024-09-27_consumer_device_35_data_user_5,0.21427410342373646
2024-09-28_consumer_device_35_data_user_5,0.21200778072845708
2024-09-29_consumer_device_35_data_user_5,0.2063158971243823
2024-09-30_consumer_device_35_data_user_5,0.20368534875469171
2024-10-01_consumer_device_35_data_user_5,0.20349316282214952
2024-10-02_consumer_device_35_data_user_5,0.20574461501251984
2024-10-03_consumer_device_35_data_user_5,0.18338220400436744
2024-10-04_consumer_device_35_data_user_5,0.17954306665330216
2024-10-05_consumer_device_35_data_user_5,0.17880829313079066
2024-10-06_consumer_device_35_data_user_5,0.17840565189037283
2024-10-07_consumer_device_35_data_user_5,0.1829183686251811
2024-10-08_consumer_device_35_data_user_5,0.18535558769740662
2024-10-09_consumer_device_35_data_user_5,0.1862904348706198
2024-10-10_consumer_device_35_data_user_5,0.1878530399854763
2024-10-11_consumer_device_35_data_user_5,0.18961723210919315
2024-10-12_consumer_device_35_data_user_5,0.1739637371442255
2024-10-13_consumer_device_35_data_user_5,0.16499259508190256
2024-10-14_consumer_device_35_data_user_5,0.15746159191554343
2024-10-15_consumer_device_35_data_user_5,0.15674614646196877
2024-10-16_consumer_device_35_data_user_5,0.15323400805809953
2024-10-17_consumer_device_35_data_user_5,0.1498424041244273
2024-10-18_consumer_device_35_data_user_5,0.15061769188746046
2024-10-19_consumer_device_35_data_user_5,0.15184587186819806
2024-10-20_consumer_device_35_data_user_5,0.15581902855520413
2024-10-21_consumer_device_35_data_user_5,0.14105426377681574
2024-10-22_consumer_device_35_data_user_5,0.14291811740030017
2024-10-23_consumer_device_35_data_user_5,0.14466529114653293
2024-10-24_consumer_device_35_data_user_5,0.1486330057016482
2024-09-24_consumer_device_35_data_user_6,6.079151339392679
2024-09-25_consumer_device_35_data_user_6,5.41875975525291
2024-09-26_consumer_device_35_data_user_6,4.953900264153088
2024-09-27_consumer_device_35_data_user_6,4.7431787717494736
2024-09-28_consumer_device_35_data_user_6,4.660791859702627
2024-09-29_consumer_device_35_data_user_6,4.45955313758778
2024-09-30_consumer_device_35_data_user_6,4.336637689100118
2024-10-01_consumer_device_35_data_user_6,4.298592051484933
2024-10-02_consumer_device_35_data_user_6,4.318479047761955
2024-10-03_consumer_device_35_data_user_6,3.6753889573292007
2024-10-04_consumer_device_35_data_user_6,3.510452675709141
2024-10-05_consumer_device_35_data_user_6,3.428108715244757
2024-10-06_consumer_device_35_data_user_6,3.384547190552542
2024-10-07_consumer_device_35_data_user_6,3.4482939503573022
2024-10-08_consumer_device_35_data_user_6,3.456933687137822
2024-10-09_consumer_device_35_data_user_6,3.447954777860385
2024-10-10_consumer_device_35_data_user_6,3.463649246447652
2024-10-11_consumer_device_35_data_user_6,3.487934484866326
2024-10-12_consumer_device_35_data_user_6,3.134863666215882
2024-10-13_consumer_device_35_data_user_6,2.948340698782471
2024-10-14_consumer_device_35_data_user_6,2.7960422858634795
2024-10-15_consumer_device_35_data_user_6,2.7718725704061526
2024-10-16_consumer_device_35_data_user_6,2.7068240283856615
2024-10-17_consumer_device_35_data_user_6,2.637597756987438
2024-10-18_consumer_device_35_data_user_6,2.6428450820805667
2024-10-19_consumer_device_35_data_user_6,2.6603765475773176
2024-10-20_consumer_device_35_data_user_6,2.726861468744927
2024-10-21_consumer_device_35_data_user_6,2.4300032463405965
2024-10-22_consumer_device_35_data_user_6,2.4586047089005287
2024-10-23_consumer_device_35_data_user_6,2.487136930015991
2024-10-24_consumer_device_35_data_user_6,2.5546483434062157
2024-09-24_consumer_device_35_data_user_7,6.660427056975158
2024-09-25_consumer_device_35_data_user_7,5.926408465882697
2024-09-26_consumer_device_35_data_user_7,5.409694048470733
2024-09-27_consumer_device_35_data_user_7,5.174518817535574
2024-09-28_consumer_device_35_data_user_7,5.082628833566857
2024-09-29_consumer_device_35_data_user_7,4.858341591689424
2024-09-30_consumer_device_35_data_user_7,4.720461127798522
2024-10-01_consumer_device_35_data_user_7,4.677131163187956
2024-10-02_consumer_device_35_data_user_7,4.697524884148953
2024-10-03_consumer_device_35_data_user_7,3.9851553993397606
2024-10-04_consumer_device_35_data_user_7,3.8004623570040232
2024-10-05_consumer_device_35_data_user_7,3.7070155809112038
2024-10-06_consumer_device_35_data_user_7,3.657595063838488
2024-10-07_consumer_device_35_data_user_7,3.725801646971216
2024-10-08_consumer_device_35_data_user_7,3.733131562573084
2024-10-09_consumer_device_35_data_user_7,3.7218777203187727
2024-10-10_consumer_device_35_data_user_7,3.7381966924193426
2024-10-11_consumer_device_35_data_user_7,3.7641337699113593
2024-10-12_consumer_device_35_data_user_7,3.3765670237064676
2024-10-13_consumer_device_35_data_user_7,3.1725559523106486
2024-10-14_consumer_device_35_data_user_7,3.0061942293444224
2024-10-15_consumer_device_35_data_user_7,2.97928964762031
2024-10-16_consumer_device_35_data_user_7,2.908544399984374
2024-10-17_consumer_device_35_data_user_7,2.832892642151136
2024-10-18_consumer_device_35_data_user_7,2.838083641818512
2024-10-19_consumer_device_35_data_user_7,2.8568551579378627
2024-10-20_consumer_device_35_data_user_7,2.928760487932029
2024-10-21_consumer_device_35_data_user_7,2.604579805554692
2024-10-22_consumer_device_35_data_user_7,2.6353509667880943
2024-10-23_consumer_device_35_data_user_7,2.666165249619488
2024-10-24_consumer_device_35_data_user_7,2.739250789474767
2024-09-24_consumer_device_35_data_user_8,5.879921123451744
2024-09-25_consumer_device_35_data_user_8,5.224089960812222
2024-09-26_consumer_device_35_data_user_8,4.762384313597169
2024-09-27_consumer_device_35_data_user_8,4.551171220229229
2024-09-28_consumer_device_35_data_user_8,4.4687091382247655
2024-09-29_consumer_device_35_data_user_8,4.267618698488281
2024-09-30_consumer_device_35_data_user_8,4.142995638982809
2024-10-01_consumer_device_35_data_user_8,4.103099332053523
2024-10-02_consumer_device_35_data_user_8,4.119381856410186
2024-10-03_consumer_device_35_data_user_8,3.4856353641915723
2024-10-04_consumer_device_35_data_user_8,3.3190650750028166
2024-10-05_consumer_device_35_data_user_8,3.233393254464465
2024-10-06_consumer_device_35_data_user_8,3.188100840300957
2024-10-07_consumer_device_35_data_user_8,3.2460413047930974
2024-10-08_consumer_device_35_data_user_8,3.2500138673986045
2024-10-09_consumer_device_35_data_user_8,3.2385148133289303
2024-10-10_consumer_device_35_data_user_8,3.251819971709823
2024-10-11_consumer_device_35_data_user_8,3.2737975559692867
2024-10-12_consumer_device_35_data_user_8,2.93303218930877
2024-10-13_consumer_device_35_data_user_8,2.754501246592264
2024-10-14_consumer_device_35_data_user_8,2.6091661622956748
2024-10-15_consumer_device_35_data_user_8,2.5850818957144277
2024-10-16_consumer_device_35_data_user_8,2.523635663754994
2024-10-17_consumer_device_35_data_user_8,2.4575074378853654
2024-10-18_consumer_device_35_data_user_8,2.461418509303633
2024-10-19_consumer_device_35_data_user_8,2.477380551525601
2024-10-20_consumer_device_35_data_user_8,2.539368580768253
2024-10-21_consumer_device_35_data_user_8,2.25626476042726
2024-10-22_consumer_device_35_data_user_8,2.2826030403121926
2024-10-23_consumer_device_35_data_user_8,2.309115965152635
2024-10-24_consumer_device_35_data_user_8,2.372203006795935
2024-09-24_consumer_device_35_data_user_9,0.008414293689348705
2024-09-25_consumer_device_35_data_user_9,0.009005719054803463
2024-09-26_consumer_device_35_data_user_9,0.009428396732530604
2024-09-27_consumer_device_35_data_user_9,0.009837168839589398
2024-09-28_consumer_device_35_data_user_9,0.009983759492099205
2024-09-29_consumer_device_35_data_user_9,0.010304306416368298
2024-09-30_consumer_device_35_data_user_9,0.010703355748753304
2024-10-01_consumer_device_35_data_user_9,0.010976320575860668
2024-10-02_consumer_device_35_data_user_9,0.011350425745026883
2024-10-03_consumer_device_35_data_user_9,0.011372174734352387
2024-10-04_consumer_device_35_data_user_9,0.011833337794961037
2024-10-05_consumer_device_35_data_user_9,0.012347531028036946
2024-10-06_consumer_device_35_data_user_9,0.012616201802370977
2024-10-07_consumer_device_35_data_user_9,0.013165678657233122
2024-10-08_consumer_device_35_data_user_9,0.013678760788477557
2024-10-09_consumer_device_35_data_user_9,0.013978680672651476
2024-10-10_consumer_device_35_data_user_9,0.014222454864810854
2024-10-11_consumer_device_35_data_user_9,0.014442599390088288
2024-10-12_consumer_device_35_data_user_9,0.013643430342519329
2024-10-13_consumer_device_35_data_user_9,0.013052677619563502
2024-10-14_consumer_device_35_data_user_9,0.012520839858373732
2024-10-15_consumer_device_35_data_user_9,0.012551693281768713
2024-10-16_consumer_device_35_data_user_9,0.012253530467002475
2024-10-17_consumer_device_35_data_user_9,0.012019370783230112
2024-10-18_consumer_device_35_data_user_9,0.01216162163181943
2024-10-19_consumer_device_35_data_user_9,0.012309639102939448
2024-10-20_consumer_device_35_data_user_9,0.012706515232792434
2024-10-21_consumer_device_35_data_user_9,0.01164933979331598
2024-10-22_consumer_device_35_data_user_9,0.011857222709142804
2024-10-23_consumer_device_35_data_user_9,0.012037653479610064
2024-10-24_consumer_device_35_data_user_9,0.012424611575334438
2024-09-24_consumer_device_36_data_user_1,4.2428925761209815
2024-09-25_consumer_device_36_data_user_1,3.723758861240384
2024-09-26_consumer_device_36_data_user_1,3.3580888788143772
2024-09-27_consumer_device_36_data_user_1,3.1840038719339714
2024-09-28_consumer_device_36_data_user_1,3.116448123568135
2024-09-29_consumer_device_36_data_user_1,2.9528744374366225
2024-09-30_consumer_device_36_data_user_1,2.845171635282977
2024-10-01_consumer_device_36_data_user_1,2.806104939421881
2024-10-02_consumer_device_36_data_user_1,2.8067122469401884
2024-10-03_consumer_device_36_data_user_1,2.3224263109666143
2024-10-04_consumer_device_36_data_user_1,2.1807523395975292
2024-10-05_consumer_device_36_data_user_1,2.0991351632358746
2024-10-06_consumer_device_36_data_user_1,2.056086453142407
2024-10-07_consumer_device_36_data_user_1,2.08294228800085
2024-10-08_consumer_device_36_data_user_1,2.0697659946303877
2024-10-09_consumer_device_36_data_user_1,2.051517178984328
2024-10-10_consumer_device_36_data_user_1,2.0539695253821746
2024-10-11_consumer_device_36_data_user_1,2.0637860555422574
2024-10-12_consumer_device_36_data_user_1,1.8289998453403664
2024-10-13_consumer_device_36_data_user_1,1.711427754584235
2024-10-14_consumer_device_36_data_user_1,1.6173256846105215
2024-10-15_consumer_device_36_data_user_1,1.597972852112538
2024-10-16_consumer_device_36_data_user_1,1.5605031168600463
2024-10-17_consumer_device_36_data_user_1,1.5174388631097777
2024-10-18_consumer_device_36_data_user_1,1.5159297806165233
2024-10-19_consumer_device_36_data_user_1,1.5234343850536576
2024-10-20_consumer_device_36_data_user_1,1.5581993146236832
2024-10-21_consumer_device_36_data_user_1,1.3755635692285062
2024-10-22_consumer_device_36_data_user_1,1.389094986643943
2024-10-23_consumer_device_36_data_user_1,1.4036268537172514
2024-10-24_consumer_device_36_data_user_1,1.4395437163270557
2024-09-24_consumer_device_36_data_user_10,0.1989918172487501
2024-09-25_consumer_device_36_data_user_10,0.17487074418052678
2024-09-26_consumer_device_36_data_user_10,0.15788118756732367
2024-09-27_consumer_device_36_data_user_10,0.14982583647426467
2024-09-28_consumer_device_36_data_user_10,0.14669795438582828
2024-09-29_consumer_device_36_data_user_10,0.13911891874771903
2024-09-30_consumer_device_36_data_user_10,0.1341583998561992
2024-10-01_consumer_device_36_data_user_10,0.13237940557588684
2024-10-02_consumer_device_36_data_user_10,0.13246701809657324
2024-10-03_consumer_device_36_data_user_10,0.10988112928250318
2024-10-04_consumer_device_36_data_user_10,0.10334588121154718
2024-10-05_consumer_device_36_data_user_10,0.09962036351794831
2024-10-06_consumer_device_36_data_user_10,0.09765494919728471
2024-10-07_consumer_device_36_data_user_10,0.09899470576587491
2024-10-08_consumer_device_36_data_user_10,0.09846141124944849
2024-10-09_consumer_device_36_data_user_10,0.09765773076454395
2024-10-10_consumer_device_36_data_user_10,0.09781075072557782
2024-10-11_consumer_device_36_data_user_10,0.09830352564808909
2024-10-12_consumer_device_36_data_user_10,0.08722536588113214
2024-10-13_consumer_device_36_data_user_10,0.08164764262782274
2024-10-14_consumer_device_36_data_user_10,0.07717400599353859
2024-10-15_consumer_device_36_data_user_10,0.07627618977652269
2024-10-16_consumer_device_36_data_user_10,0.0744811778486357
2024-10-17_consumer_device_36_data_user_10,0.07243535436091417
2024-10-18_consumer_device_36_data_user_10,0.07238750643607855
2024-10-19_consumer_device_36_data_user_10,0.07276101239266636
2024-10-20_consumer_device_36_data_user_10,0.0744455028925559
2024-10-21_consumer_device_36_data_user_10,0.06575899537012499
2024-10-22_consumer_device_36_data_user_10,0.06642310670015174
2024-10-23_consumer_device_36_data_user_10,0.0671295332542898
2024-10-24_consumer_device_36_data_user_10,0.06886618351508661
2024-09-24_consumer_device_36_data_user_11,0.19703801395365608
2024-09-25_consumer_device_36_data_user_11,0.17303037593440743
2024-09-26_consumer_device_36_data_user_11,0.1561204227683287
2024-09-27_consumer_device_36_data_user_11,0.1480927900810075
2024-09-28_consumer_device_36_data_user_11,0.1449762548244656
2024-09-29_consumer_device_36_data_user_11,0.13742638023073014
2024-09-30_consumer_device_36_data_user_11,0.13247584264962126
2024-10-01_consumer_device_36_data_user_11,0.13069418075944322
2024-10-02_consumer_device_36_data_user_11,0.13076327982177138
2024-10-03_consumer_device_36_data_user_11,0.1083092025470022
2024-10-04_consumer_device_36_data_user_11,0.10179021060533791
2024-10-05_consumer_device_36_data_user_11,0.09806186998538759
2024-10-06_consumer_device_36_data_user_11,0.09609509122655563
2024-10-07_consumer_device_36_data_user_11,0.09740053171859796
2024-10-08_consumer_device_36_data_user_11,0.09684568998856775
2024-10-09_consumer_device_36_data_user_11,0.09603230796644303
2024-10-10_consumer_device_36_data_user_11,0.09617269990600807
2024-10-11_consumer_device_36_data_user_11,0.09665198506930939
2024-10-12_consumer_device_36_data_user_11,0.08567743859677007
2024-10-13_consumer_device_36_data_user_11,0.0801609463510014
2024-10-14_consumer_device_36_data_user_11,0.07573921172958227
2024-10-15_consumer_device_36_data_user_11,0.07484519242350476
2024-10-16_consumer_device_36_data_user_11,0.0730750838930281
2024-10-17_consumer_device_36_data_user_11,0.0710525599894231
2024-10-18_consumer_device_36_data_user_11,0.07099814987507595
2024-10-19_consumer_device_36_data_user_11,0.07136233766482135
2024-10-20_consumer_device_36_data_user_11,0.07301782582281498
2024-10-21_consumer_device_36_data_user_11,0.06443327569622588
2024-10-22_consumer_device_36_data_user_11,0.06508347931053364
2024-10-23_consumer_device_36_data_user_11,0.06577706995120866
2024-10-24_consumer_device_36_data_user_11,0.06748488820242193
2024-09-24_consumer_device_36_data_user_12,0.18049169201631135
2024-09-25_consumer_device_36_data_user_12,0.15862293916391662
2024-09-26_consumer_device_36_data_user_12,0.14321992780791631
2024-09-27_consumer_device_36_data_user_12,0.1359214119651419
2024-09-28_consumer_device_36_data_user_12,0.13308714021808862
2024-09-29_consumer_device_36_data_user_12,0.1262187744678056
2024-09-30_consumer_device_36_data_user_12,0.12172756885130287
2024-10-01_consumer_device_36_data_user_12,0.1201197501226351
2024-10-02_consumer_device_36_data_user_12,0.12020748436112022
2024-10-03_consumer_device_36_data_user_12,0.0997188268279656
2024-10-04_consumer_device_36_data_user_12,0.09380045197600517
2024-10-05_consumer_device_36_data_user_12,0.09043213756982818
2024-10-06_consumer_device_36_data_user_12,0.0886551102710802
2024-10-07_consumer_device_36_data_user_12,0.08988261613665374
2024-10-08_consumer_device_36_data_user_12,0.08941015171209968
2024-10-09_consumer_device_36_data_user_12,0.08868769874209145
2024-10-10_consumer_device_36_data_user_12,0.0888318924016029
2024-10-11_consumer_device_36_data_user_12,0.0892837785917609
2024-10-12_consumer_device_36_data_user_12,0.07921642020528263
2024-10-13_consumer_device_36_data_user_12,0.07414346667139686
2024-10-14_consumer_device_36_data_user_12,0.07007340239260637
2024-10-15_consumer_device_36_data_user_12,0.0692596153880783
2024-10-16_consumer_device_36_data_user_12,0.06762466321966422
2024-10-17_consumer_device_36_data_user_12,0.06576359580021293
2024-10-18_consumer_device_36_data_user_12,0.06572332879431689
2024-10-19_consumer_device_36_data_user_12,0.06606542671106654
2024-10-20_consumer_device_36_data_user_12,0.06760229591772023
2024-10-21_consumer_device_36_data_user_12,0.059698868463457976
2024-10-22_consumer_device_36_data_user_12,0.06030591454809149
2024-10-23_consumer_device_36_data_user_12,0.060950741768498524
2024-10-24_consumer_device_36_data_user_12,0.06253470965067481
2024-09-24_consumer_device_36_data_user_13,0.2340123170765236
2024-09-25_consumer_device_36_data_user_13,0.20572313092252859
2024-09-26_consumer_device_36_data_user_13,0.18579806908002
2024-09-27_consumer_device_36_data_user_13,0.1763605851756601
2024-09-28_consumer_device_36_data_user_13,0.17269545817378557
2024-09-29_consumer_device_36_data_user_13,0.1638130355222404
2024-09-30_consumer_device_36_data_user_13,0.15800824784880063
2024-10-01_consumer_device_36_data_user_13,0.15593251435827793
2024-10-02_consumer_device_36_data_user_13,0.1560527716132942
2024-10-03_consumer_device_36_data_user_13,0.1295392958968339
2024-10-04_consumer_device_36_data_user_13,0.12188875986672765
2024-10-05_consumer_device_36_data_user_13,0.11753914711815625
2024-10-06_consumer_device_36_data_user_13,0.11524436782651783
2024-10-07_consumer_device_36_data_user_13,0.11684272680994301
2024-10-08_consumer_device_36_data_user_13,0.11624054215540061
2024-10-09_consumer_device_36_data_user_13,0.11531102303630708
2024-10-10_consumer_device_36_data_user_13,0.11550200103351584
2024-10-11_consumer_device_36_data_user_13,0.11609073173113915
2024-10-12_consumer_device_36_data_user_13,0.10304845067671776
2024-10-13_consumer_device_36_data_user_13,0.09647305096737141
2024-10-14_consumer_device_36_data_user_13,0.09119652419689975
2024-10-15_consumer_device_36_data_user_13,0.09014397692467505
2024-10-16_consumer_device_36_data_user_13,0.0880228677530574
2024-10-17_consumer_device_36_data_user_13,0.08561029852432388
2024-10-18_consumer_device_36_data_user_13,0.08556074618326578
2024-10-19_consumer_device_36_data_user_13,0.08600610648509001
2024-10-20_consumer_device_36_data_user_13,0.08800206275831184
2024-10-21_consumer_device_36_data_user_13,0.07775543508322577
2024-10-22_consumer_device_36_data_user_13,0.07854473403774297
2024-10-23_consumer_device_36_data_user_13,0.07938243132298474
2024-10-24_consumer_device_36_data_user_13,0.0814391586072842
2024-09-24_consumer_device_36_data_user_2,4.203431231789957
2024-09-25_consumer_device_36_data_user_2,3.6977625387351987
2024-09-26_consumer_device_36_data_user_2,3.341588852882543
2024-09-27_consumer_device_36_data_user_2,3.1724250083301593
2024-09-28_consumer_device_36_data_user_2,3.1067557600457083
2024-09-29_consumer_device_36_data_user_2,2.9476835534960437
2024-09-30_consumer_device_36_data_user_2,2.843307218743983
2024-10-01_consumer_device_36_data_user_2,2.8056943873469358
2024-10-02_consumer_device_36_data_user_2,2.8070087251731017
2024-10-03_consumer_device_36_data_user_2,2.3342619083215883
2024-10-04_consumer_device_36_data_user_2,2.196840680009177
2024-10-05_consumer_device_36_data_user_2,2.118152736747132
2024-10-06_consumer_device_36_data_user_2,2.0766441450944786
2024-10-07_consumer_device_36_data_user_2,2.103922055669878
2024-10-08_consumer_device_36_data_user_2,2.0920480337723655
2024-10-09_consumer_device_36_data_user_2,2.074810838112765
2024-10-10_consumer_device_36_data_user_2,2.0776750742222667
2024-10-11_consumer_device_36_data_user_2,2.0876830959466455
2024-10-12_consumer_device_36_data_user_2,1.8569296531862525
2024-10-13_consumer_device_36_data_user_2,1.7410095345056944
2024-10-14_consumer_device_36_data_user_2,1.6481158625615975
2024-10-15_consumer_device_36_data_user_2,1.6292819751468932
2024-10-16_consumer_device_36_data_user_2,1.5921267930828475
2024-10-17_consumer_device_36_data_user_2,1.5496333367210098
2024-10-18_consumer_device_36_data_user_2,1.5484344060950246
2024-10-19_consumer_device_36_data_user_2,1.5560462939315065
2024-10-20_consumer_device_36_data_user_2,1.5907512486800341
2024-10-21_consumer_device_36_data_user_2,1.4104126381968651
2024-10-22_consumer_device_36_data_user_2,1.4240237079341134
2024-10-23_consumer_device_36_data_user_2,1.4385585357277137
2024-10-24_consumer_device_36_data_user_2,1.4743689495167867
2024-09-24_consumer_device_36_data_user_3,0.22709147761178272
2024-09-25_consumer_device_36_data_user_3,0.19960662101670087
2024-09-26_consumer_device_36_data_user_3,0.1802478692090132
2024-09-27_consumer_device_36_data_user_3,0.17107154589310425
2024-09-28_consumer_device_36_data_user_3,0.16750825508601355
2024-09-29_consumer_device_36_data_user_3,0.15887380910324256
2024-09-30_consumer_device_36_data_user_3,0.1532246504331301
2024-10-01_consumer_device_36_data_user_3,0.15120015157997932
2024-10-02_consumer_device_36_data_user_3,0.15130422047128927
2024-10-03_consumer_device_36_data_user_3,0.12556264262972386
2024-10-04_consumer_device_36_data_user_3,0.11811941703184341
2024-10-05_consumer_device_36_data_user_3,0.11387912378269975
2024-10-06_consumer_device_36_data_user_3,0.11164210798081128
2024-10-07_consumer_device_36_data_user_3,0.11317525897706487
2024-10-08_consumer_device_36_data_user_3,0.112573226833238
2024-10-09_consumer_device_36_data_user_3,0.11166062635319479
2024-10-10_consumer_device_36_data_user_3,0.11183777392862532
2024-10-11_consumer_device_36_data_user_3,0.1124018843584517
2024-10-12_consumer_device_36_data_user_3,0.09976676698120415
2024-10-13_consumer_device_36_data_user_3,0.0934030117880797
2024-10-14_consumer_device_36_data_user_3,0.08829828128659811
2024-10-15_consumer_device_36_data_user_3,0.08727536045974202
2024-10-16_consumer_device_36_data_user_3,0.08522617213381602
2024-10-17_consumer_device_36_data_user_3,0.0828918472487791
2024-10-18_consumer_device_36_data_user_3,0.08283891595302616
2024-10-19_consumer_device_36_data_user_3,0.08326627942194617
2024-10-20_consumer_device_36_data_user_3,0.08519061511447897
2024-10-21_consumer_device_36_data_user_3,0.0752784299677517
2024-10-22_consumer_device_36_data_user_3,0.07603767957502416
2024-10-23_consumer_device_36_data_user_3,0.07684484788263898
2024-10-24_consumer_device_36_data_user_3,0.0788285199121635
2024-09-24_consumer_device_36_data_user_4,0.21556699884057923
2024-09-25_consumer_device_36_data_user_4,0.18942510557211306
2024-09-26_consumer_device_36_data_user_4,0.1710122224992447
2024-09-27_consumer_device_36_data_user_4,0.16228297992393398
2024-09-28_consumer_device_36_data_user_4,0.15889337087554165
2024-09-29_consumer_device_36_data_user_4,0.1506799966538024
2024-09-30_consumer_device_36_data_user_4,0.14530516996311235
2024-10-01_consumer_device_36_data_user_4,0.14337818925121545
2024-10-02_consumer_device_36_data_user_4,0.14347487177907098
2024-10-03_consumer_device_36_data_user_4,0.11899433148398973
2024-10-04_consumer_device_36_data_user_4,0.11191295569483037
2024-10-05_consumer_device_36_data_user_4,0.10787726503941636
2024-10-06_consumer_device_36_data_user_4,0.10574820559066961
2024-10-07_consumer_device_36_data_user_4,0.1072028820569007
2024-10-08_consumer_device_36_data_user_4,0.1066272080782883
2024-10-09_consumer_device_36_data_user_4,0.10575748509206614
2024-10-10_consumer_device_36_data_user_4,0.10592446289900173
2024-10-11_consumer_device_36_data_user_4,0.1064595893834624
2024-10-12_consumer_device_36_data_user_4,0.09444839783620855
2024-10-13_consumer_device_36_data_user_4,0.08840003788559507
2024-10-14_consumer_device_36_data_user_4,0.08354865830719402
2024-10-15_consumer_device_36_data_user_4,0.08257566530423029
2024-10-16_consumer_device_36_data_user_4,0.08062869720288975
2024-10-17_consumer_device_36_data_user_4,0.0784101710058491
2024-10-18_consumer_device_36_data_user_4,0.07835896313333732
2024-10-19_consumer_device_36_data_user_4,0.07876448343068501
2024-10-20_consumer_device_36_data_user_4,0.08059211223451397
2024-10-21_consumer_device_36_data_user_4,0.07117202459479405
2024-10-22_consumer_device_36_data_user_4,0.07189280468128925
2024-10-23_consumer_device_36_data_user_4,0.0726593236327835
2024-10-24_consumer_device_36_data_user_4,0.07454344232652908
2024-09-24_consumer_device_36_data_user_5,0.1406283225955379
2024-09-25_consumer_device_36_data_user_5,0.12329646289852333
2024-09-26_consumer_device_36_data_user_5,0.11108825809721537
2024-09-27_consumer_device_36_data_user_5,0.10527957355899598
2024-09-28_consumer_device_36_data_user_5,0.1030252537873088
2024-09-29_consumer_device_36_data_user_5,0.09756629195361133
2024-09-30_consumer_device_36_data_user_5,0.09397489693950015
2024-10-01_consumer_device_36_data_user_5,0.09267423545077783
2024-10-02_consumer_device_36_data_user_5,0.09270045619976369
2024-10-03_consumer_device_36_data_user_5,0.0765236219899521
2024-10-04_consumer_device_36_data_user_5,0.07179843286127426
2024-10-05_consumer_device_36_data_user_5,0.0690802334717435
2024-10-06_consumer_device_36_data_user_5,0.06764648791169955
2024-10-07_consumer_device_36_data_user_5,0.06855230122503357
2024-10-08_consumer_device_36_data_user_5,0.06812029643869283
2024-10-09_consumer_device_36_data_user_5,0.06751546693318067
2024-10-10_consumer_device_36_data_user_5,0.06760125237370546
2024-10-11_consumer_device_36_data_user_5,0.0679326575857695
2024-10-12_consumer_device_36_data_user_5,0.06007713793417542
2024-10-13_consumer_device_36_data_user_5,0.056140366888130525
2024-10-14_consumer_device_36_data_user_5,0.0529885273861108
2024-10-15_consumer_device_36_data_user_5,0.05234255110459441
2024-10-16_consumer_device_36_data_user_5,0.05108617544600012
2024-10-17_consumer_device_36_data_user_5,0.049643934662017275
2024-10-18_consumer_device_36_data_user_5,0.04959578139675031
2024-10-19_consumer_device_36_data_user_5,0.04984881450951828
2024-10-20_consumer_device_36_data_user_5,0.05101640413743859
2024-10-21_consumer_device_36_data_user_5,0.04489883594611435
2024-10-22_consumer_device_36_data_user_5,0.0453541394599916
2024-10-23_consumer_device_36_data_user_5,0.04584242673226042
2024-10-24_consumer_device_36_data_user_5,0.04704833842787099
2024-09-24_consumer_device_36_data_user_6,0.17401049206095143
2024-09-25_consumer_device_36_data_user_6,0.15288037821230174
2024-09-26_consumer_device_36_data_user_6,0.13799737034647777
2024-09-27_consumer_device_36_data_user_6,0.13093677280034094
2024-09-28_consumer_device_36_data_user_6,0.1281953872343175
2024-09-29_consumer_device_36_data_user_6,0.12155352573903151
2024-09-30_consumer_device_36_data_user_6,0.1172027266466737
2024-10-01_consumer_device_36_data_user_6,0.11563988142482695
2024-10-02_consumer_device_36_data_user_6,0.11570934242876896
2024-10-03_consumer_device_36_data_user_6,0.09593435855591431
2024-10-04_consumer_device_36_data_user_6,0.0902036379530775
2024-10-05_consumer_device_36_data_user_6,0.08693188588917003
2024-10-06_consumer_device_36_data_user_6,0.08520590800251536
2024-10-07_consumer_device_36_data_user_6,0.08636825849896715
2024-10-08_consumer_device_36_data_user_6,0.085891406546347
2024-10-09_consumer_device_36_data_user_6,0.08518195309365514
2024-10-10_consumer_device_36_data_user_6,0.08531120451664144
2024-10-11_consumer_device_36_data_user_6,0.0857383783789572
2024-10-12_consumer_device_36_data_user_6,0.07605462622941331
2024-10-13_consumer_device_36_data_user_6,0.07118261962087112
2024-10-14_consumer_device_36_data_user_6,0.06727612986547518
2024-10-15_consumer_device_36_data_user_6,0.06648946963395388
2024-10-16_consumer_device_36_data_user_6,0.06492366286046294
2024-10-17_consumer_device_36_data_user_6,0.06313702402005536
2024-10-18_consumer_device_36_data_user_6,0.06309237655705816
2024-10-19_consumer_device_36_data_user_6,0.06341652423152558
2024-10-20_consumer_device_36_data_user_6,0.06488365446908673
2024-10-21_consumer_device_36_data_user_6,0.057298856590102656
2024-10-22_consumer_device_36_data_user_6,0.05787627765606173
2024-10-23_consumer_device_36_data_user_6,0.05849127858514509
2024-10-24_consumer_device_36_data_user_6,0.06000426822344012
2024-09-24_consumer_device_36_data_user_7,0.005694682488135318
2024-09-25_consumer_device_36_data_user_7,0.005102480345577434
2024-09-26_consumer_device_36_data_user_7,0.004686536173263516
2024-09-27_consumer_device_36_data_user_7,0.004529235537491573
2024-09-28_consumer_device_36_data_user_7,0.004465831402032995
2024-09-29_consumer_device_36_data_user_7,0.004305562142739763
2024-09-30_consumer_device_36_data_user_7,0.00423691657148682
2024-10-01_consumer_device_36_data_user_7,0.0042371721012399825
2024-10-02_consumer_device_36_data_user_7,0.0043113958777032235
2024-10-03_consumer_device_36_data_user_7,0.0036549710187927307
2024-10-04_consumer_device_36_data_user_7,0.003552165970682644
2024-10-05_consumer_device_36_data_user_7,0.0035416979123514994
2024-10-06_consumer_device_36_data_user_7,0.003535678495570719
2024-10-07_consumer_device_36_data_user_7,0.003680118042976792
2024-10-08_consumer_device_36_data_user_7,0.003762803134802734
2024-10-09_consumer_device_36_data_user_7,0.0037967479395981307
2024-10-10_consumer_device_36_data_user_7,0.0038479193477243753
2024-10-11_consumer_device_36_data_user_7,0.003904501538264298
2024-10-12_consumer_device_36_data_user_7,0.003427404150826185
2024-10-13_consumer_device_36_data_user_7,0.003151106210975472
2024-10-14_consumer_device_36_data_user_7,0.002918385930519413
2024-10-15_consumer_device_36_data_user_7,0.0028980367384896554
2024-10-16_consumer_device_36_data_user_7,0.002788422079636697
2024-10-17_consumer_device_36_data_user_7,0.002683731743548329
2024-10-18_consumer_device_36_data_user_7,0.0027095809891595803
2024-10-19_consumer_device_36_data_user_7,0.0027488585911218544
2024-10-20_consumer_device_36_data_user_7,0.002874149641392595
2024-10-21_consumer_device_36_data_user_7,0.0024175810601395997
2024-10-22_consumer_device_36_data_user_7,0.0024768257308348594
2024-10-23_consumer_device_36_data_user_7,0.002532049470665868
2024-10-24_consumer_device_36_data_user_7,0.0026569662493140774
2024-09-24_consumer_device_36_data_user_8,0.16886237127308665
2024-09-25_consumer_device_36_data_user_8,0.14819328930151143
2024-09-26_consumer_device_36_data_user_8,0.13363460052959988
2024-09-27_consumer_device_36_data_user_8,0.12671391565672155
2024-09-28_consumer_device_36_data_user_8,0.12402766510109378
2024-09-29_consumer_device_36_data_user_8,0.11752170348720162
2024-09-30_consumer_device_36_data_user_8,0.11324726449134444
2024-10-01_consumer_device_36_data_user_8,0.11170316771983113
2024-10-02_consumer_device_36_data_user_8,0.11174592935915148
2024-10-03_consumer_device_36_data_user_8,0.09243802095105227
2024-10-04_consumer_device_36_data_user_8,0.08681219543304206
2024-10-05_consumer_device_36_data_user_8,0.08358352630240198
2024-10-06_consumer_device_36_data_user_8,0.08188044956575194
2024-10-07_consumer_device_36_data_user_8,0.0829784621415399
2024-10-08_consumer_device_36_data_user_8,0.08247854749879802
2024-10-09_consumer_device_36_data_user_8,0.08176581777823108
2024-10-10_consumer_device_36_data_user_8,0.08187568140473372
2024-10-11_consumer_device_36_data_user_8,0.08227799121019984
2024-10-12_consumer_device_36_data_user_8,0.0728771977143822
2024-10-13_consumer_device_36_data_user_8,0.06816018674760446
2024-10-14_consumer_device_36_data_user_8,0.06438187098059309
2024-10-15_consumer_device_36_data_user_8,0.06361178298432263
2024-10-16_consumer_device_36_data_user_8,0.06210304292777176
2024-10-17_consumer_device_36_data_user_8,0.06037441676138994
2024-10-18_consumer_device_36_data_user_8,0.060321300678559106
2024-10-19_consumer_device_36_data_user_8,0.06062785562117471
2024-10-20_consumer_device_36_data_user_8,0.06203364632599142
2024-10-21_consumer_device_36_data_user_8,0.054699354771508175
2024-10-22_consumer_device_36_data_user_8,0.05524917310174125
2024-10-23_consumer_device_36_data_user_8,0.055837519363938735
2024-10-24_consumer_device_36_data_user_8,0.05728874712026596
2024-09-24_consumer_device_36_data_user_9,0.18697224495142112
2024-09-25_consumer_device_36_data_user_9,0.1643192358846087
2024-09-26_consumer_device_36_data_user_9,0.14836390399626842
2024-09-27_consumer_device_36_data_user_9,0.14080577744929662
2024-09-28_consumer_device_36_data_user_9,0.137870567356444
2024-09-29_consumer_device_36_data_user_9,0.13075724576879114
2024-09-30_consumer_device_36_data_user_9,0.12610777159398576
2024-10-01_consumer_device_36_data_user_9,0.12444460385455325
2024-10-02_consumer_device_36_data_user_9,0.12453927492707029
2024-10-03_consumer_device_36_data_user_9,0.1033104941795012
2024-10-04_consumer_device_36_data_user_9,0.09718290646807724
2024-10-05_consumer_device_36_data_user_9,0.09369805764040712
2024-10-06_consumer_device_36_data_user_9,0.09185952387275673
2024-10-07_consumer_device_36_data_user_9,0.09313691706499573
2024-10-08_consumer_device_36_data_user_9,0.0926525463875169
2024-10-09_consumer_device_36_data_user_9,0.09190700782391414
2024-10-10_consumer_device_36_data_user_9,0.09205886621758035
2024-10-11_consumer_device_36_data_user_9,0.09252929746761557
2024-10-12_consumer_device_36_data_user_9,0.08209011635959867
2024-10-13_consumer_device_36_data_user_9,0.0768279075670523
2024-10-14_consumer_device_36_data_user_9,0.07260541985335076
2024-10-15_consumer_device_36_data_user_9,0.07176253791223733
2024-10-16_consumer_device_36_data_user_9,0.07006550597108685
2024-10-17_consumer_device_36_data_user_9,0.06813483268101454
2024-10-18_consumer_device_36_data_user_9,0.06809454288920004
2024-10-19_consumer_device_36_data_user_9,0.0684504925485975
2024-10-20_consumer_device_36_data_user_9,0.07004689125477571
2024-10-21_consumer_device_36_data_user_9,0.061847235391719865
2024-10-22_consumer_device_36_data_user_9,0.06247830966779147
2024-10-23_consumer_device_36_data_user_9,0.0631482538745574
2024-10-24_consumer_device_36_data_user_9,0.06479335327310057
2024-09-24_consumer_device_37_data_user_1,0.05348186959047904
2024-09-25_consumer_device_37_data_user_1,0.07446800205074024
2024-09-26_consumer_device_37_data_user_1,0.08960712779206931
2024-09-27_consumer_device_37_data_user_1,0.1089814186242189
2024-09-28_consumer_device_37_data_user_1,0.11579412960506644
2024-09-29_consumer_device_37_data_user_1,0.13027350983158142
2024-09-30_consumer_device_37_data_user_1,0.15082771823472366
2024-10-01_consumer_device_37_data_user_1,0.16579982049885414
2024-10-02_consumer_device_37_data_user_1,0.1877468837832834
2024-10-03_consumer_device_37_data_user_1,0.17625566829289552
2024-10-04_consumer_device_37_data_user_1,0.19955564132286696
2024-10-05_consumer_device_37_data_user_1,0.22754753563470256
2024-10-06_consumer_device_37_data_user_1,0.24216293957219345
2024-10-07_consumer_device_37_data_user_1,0.27508269820778264
2024-10-08_consumer_device_37_data_user_1,0.30481361813743063
2024-10-09_consumer_device_37_data_user_1,0.32191467604571494
2024-10-10_consumer_device_37_data_user_1,0.3362700227381096
2024-10-11_consumer_device_37_data_user_1,0.3494342609299165
2024-10-12_consumer_device_37_data_user_1,0.2963956462821751
2024-10-13_consumer_device_37_data_user_1,0.25866482524748247
2024-10-14_consumer_device_37_data_user_1,0.22500644841900216
2024-10-15_consumer_device_37_data_user_1,0.2263050017685409
2024-10-16_consumer_device_37_data_user_1,0.20783815838098377
2024-10-17_consumer_device_37_data_user_1,0.1929758747844499
2024-10-18_consumer_device_37_data_user_1,0.20127522250485808
2024-10-19_consumer_device_37_data_user_1,0.21015023384667336
2024-10-20_consumer_device_37_data_user_1,0.23433261699574423
2024-10-21_consumer_device_37_data_user_1,0.16754370347184963
2024-10-22_consumer_device_37_data_user_1,0.18008706071322902
2024-10-23_consumer_device_37_data_user_1,0.19104747187025914
2024-10-24_consumer_device_37_data_user_1,0.21467879906601867
2024-09-24_consumer_device_37_data_user_10,0.1663348668161317
2024-09-25_consumer_device_37_data_user_10,0.23046579096286424
2024-09-26_consumer_device_37_data_user_10,0.27596803450591517
2024-09-27_consumer_device_37_data_user_10,0.30886217148353745
2024-09-28_consumer_device_37_data_user_10,0.3209756604699595
2024-09-29_consumer_device_37_data_user_10,0.3484448662577251
2024-09-30_consumer_device_37_data_user_10,0.37670500133696916
2024-10-01_consumer_device_37_data_user_10,0.39389452246358375
2024-10-02_consumer_device_37_data_user_10,0.41410235635634796
2024-10-03_consumer_device_37_data_user_10,0.4452477209892468
2024-10-04_consumer_device_37_data_user_10,0.4789714484503523
2024-10-05_consumer_device_37_data_user_10,0.5118485958003944
2024-10-06_consumer_device_37_data_user_10,0.5290521493812064
2024-10-07_consumer_device_37_data_user_10,0.5571262564431881
2024-10-08_consumer_device_37_data_user_10,0.5857080447482815
2024-10-09_consumer_device_37_data_user_10,0.6030680469989357
2024-10-10_consumer_device_37_data_user_10,0.6161085974814869
2024-10-11_consumer_device_37_data_user_10,0.6274146761628161
2024-10-12_consumer_device_37_data_user_10,0.5986950588322002
2024-10-13_consumer_device_37_data_user_10,0.5740008942256389
2024-10-14_consumer_device_37_data_user_10,0.5510426633308143
2024-10-15_consumer_device_37_data_user_10,0.5539099389675777
2024-10-16_consumer_device_37_data_user_10,0.5400929755793611
2024-10-17_consumer_device_37_data_user_10,0.5300858613629532
2024-10-18_consumer_device_37_data_user_10,0.5378774218571042
2024-10-19_consumer_device_37_data_user_10,0.5454232729866345
2024-10-20_consumer_device_37_data_user_10,0.5647496734064521
2024-10-21_consumer_device_37_data_user_10,0.5188403949791797
2024-10-22_consumer_device_37_data_user_10,0.52925303019425
2024-10-23_consumer_device_37_data_user_10,0.5381181307825168
2024-10-24_consumer_device_37_data_user_10,0.5568365144303612
2024-09-24_consumer_device_37_data_user_11,0.0013000010780505988
2024-09-25_consumer_device_37_data_user_11,0.0018024907742563564
2024-09-26_consumer_device_37_data_user_11,0.00215988199931174
2024-09-27_consumer_device_37_data_user_11,0.002447499425743021
2024-09-28_consumer_device_37_data_user_11,0.002552299040862784
2024-09-29_consumer_device_37_data_user_11,0.00278658389306485
2024-09-30_consumer_device_37_data_user_11,0.003047249352570056
2024-10-01_consumer_device_37_data_user_11,0.0032143727878279783
2024-10-02_consumer_device_37_data_user_11,0.0034259234892810297
2024-10-03_consumer_device_37_data_user_11,0.003594711490775293
2024-10-04_consumer_device_37_data_user_11,0.0039015103272948297
2024-10-05_consumer_device_37_data_user_11,0.004218919742178433
2024-10-06_consumer_device_37_data_user_11,0.004384899335153553
2024-10-07_consumer_device_37_data_user_11,0.004687230830973581
2024-10-08_consumer_device_37_data_user_11,0.004981897383514568
2024-10-09_consumer_device_37_data_user_11,0.005157551150385493
2024-10-10_consumer_device_37_data_user_11,0.005294737181809309
2024-10-11_consumer_device_37_data_user_11,0.005416169161654293
2024-10-12_consumer_device_37_data_user_11,0.005039694102963635
2024-10-13_consumer_device_37_data_user_11,0.004743311466021421
2024-10-14_consumer_device_37_data_user_11,0.004472691822992927
2024-10-15_consumer_device_37_data_user_11,0.004496408244876496
2024-10-16_consumer_device_37_data_user_11,0.004339752244663472
2024-10-17_consumer_device_37_data_user_11,0.0042211302465386714
2024-10-18_consumer_device_37_data_user_11,0.0043021331212766
2024-10-19_consumer_device_37_data_user_11,0.004383487539844718
2024-10-20_consumer_device_37_data_user_11,0.004596890125511817
2024-10-21_consumer_device_37_data_user_11,0.004057530738704822
2024-10-22_consumer_device_37_data_user_11,0.004170822216944629
2024-10-23_consumer_device_37_data_user_11,0.004268252275386159
2024-10-24_consumer_device_37_data_user_11,0.004475668961842631
2024-09-24_consumer_device_37_data_user_12,0.010954194557908609
2024-09-25_consumer_device_37_data_user_12,0.015176187069341936
2024-09-26_consumer_device_37_data_user_12,0.018170806134211043
2024-09-27_consumer_device_37_data_user_12,0.02030269169844017
2024-09-28_consumer_device_37_data_user_12,0.021089032057651787
2024-09-29_consumer_device_37_data_user_12,0.022875970938192554
2024-09-30_consumer_device_37_data_user_12,0.024692239010287845
2024-10-01_consumer_device_37_data_user_12,0.025787345975789744
2024-10-02_consumer_device_37_data_user_12,0.027057750020980827
2024-10-03_consumer_device_37_data_user_12,0.029192954761492924
2024-10-04_consumer_device_37_data_user_12,0.0313651674509162
2024-10-05_consumer_device_37_data_user_12,0.03346221760797727
2024-10-06_consumer_device_37_data_user_12,0.03455966104495507
2024-10-07_consumer_device_37_data_user_12,0.036315094334574756
2024-10-08_consumer_device_37_data_user_12,0.03811706836311504
2024-10-09_consumer_device_37_data_user_12,0.039215292607443046
2024-10-10_consumer_device_37_data_user_12,0.04003435927726442
2024-10-11_consumer_device_37_data_user_12,0.0407416768003271
2024-10-12_consumer_device_37_data_user_12,0.03902158660547833
2024-10-13_consumer_device_37_data_user_12,0.03751180444330724
2024-10-14_consumer_device_37_data_user_12,0.03610260340395134
2024-10-15_consumer_device_37_data_user_12,0.036289958838140665
2024-10-16_consumer_device_37_data_user_12,0.035434860517242144
2024-10-17_consumer_device_37_data_user_12,0.03482136043783293
2024-10-18_consumer_device_37_data_user_12,0.035311828351211424
2024-10-19_consumer_device_37_data_user_12,0.03578355498768458
2024-10-20_consumer_device_37_data_user_12,0.03698606278009087
2024-10-21_consumer_device_37_data_user_12,0.03416607892575595
2024-10-22_consumer_device_37_data_user_12,0.03481586202306647
2024-10-23_consumer_device_37_data_user_12,0.035367974077489206
2024-10-24_consumer_device_37_data_user_12,0.03653183040271949
2024-09-24_consumer_device_37_data_user_13,0.011386636923877872
2024-09-25_consumer_device_37_data_user_13,0.01577673458422929
2024-09-26_consumer_device_37_data_user_13,0.01889156369521536
2024-09-27_consumer_device_37_data_user_13,0.02114203307565456
2024-09-28_consumer_device_37_data_user_13,0.02197083254911194
2024-09-29_consumer_device_37_data_user_13,0.023850410388278412
2024-09-30_consumer_device_37_data_user_13,0.02578324889305518
2024-10-01_consumer_device_37_data_user_13,0.026958543224829684
2024-10-02_consumer_device_37_data_user_13,0.028339548300683012
2024-10-03_consumer_device_37_data_user_13,0.030474902096761684
2024-10-04_consumer_device_37_data_user_13,0.03278160675973822
2024-10-05_consumer_device_37_data_user_13,0.03502960453390042
2024-10-06_consumer_device_37_data_user_13,0.036205914286979356
2024-10-07_consumer_device_37_data_user_13,0.03812413247179619
2024-10-08_consumer_device_37_data_user_13,0.04007761321855633
2024-10-09_consumer_device_37_data_user_13,0.041264263270078136
2024-10-10_consumer_device_37_data_user_13,0.04215542638988427
2024-10-11_consumer_device_37_data_user_13,0.04292795045047823
2024-10-12_consumer_device_37_data_user_13,0.040968564716407516
2024-10-13_consumer_device_37_data_user_13,0.0392826192260171
2024-10-14_consumer_device_37_data_user_13,0.037714975696073114
2024-10-15_consumer_device_37_data_user_13,0.037911201060144756
2024-10-16_consumer_device_37_data_user_13,0.03696747377989248
2024-10-17_consumer_device_37_data_user_13,0.03628419282663004
2024-10-18_consumer_device_37_data_user_13,0.0368166934358119
2024-10-19_consumer_device_37_data_user_13,0.037332274392571065
2024-10-20_consumer_device_37_data_user_13,0.03865255774641532
2024-10-21_consumer_device_37_data_user_13,0.03551768268153362
2024-10-22_consumer_device_37_data_user_13,0.03622909570930608
2024-10-23_consumer_device_37_data_user_13,0.036834735251605855
2024-10-24_consumer_device_37_data_user_13,0.038113450102801705
2024-09-24_consumer_device_37_data_user_2,0.012646713238671885
2024-09-25_consumer_device_37_data_user_2,0.0175884158712064
2024-09-26_consumer_device_37_data_user_2,0.021139371480286415
2024-09-27_consumer_device_37_data_user_2,0.025220061648555357
2024-09-28_consumer_device_37_data_user_2,0.026664985980439933
2024-09-29_consumer_device_37_data_user_2,0.029767496784366958
2024-09-30_consumer_device_37_data_user_2,0.0339752510873509
2024-10-01_consumer_device_37_data_user_2,0.03697812665472932
2024-10-02_consumer_device_37_data_user_2,0.041288628297559075
2024-10-03_consumer_device_37_data_user_2,0.039795238414345444
2024-10-04_consumer_device_37_data_user_2,0.04459598799026222
2024-10-05_consumer_device_37_data_user_2,0.05022370763767346
2024-10-06_consumer_device_37_data_user_2,0.053162792742436626
2024-10-07_consumer_device_37_data_user_2,0.05958744875747686
2024-10-08_consumer_device_37_data_user_2,0.06544882038348047
2024-10-09_consumer_device_37_data_user_2,0.06883708181336742
2024-10-10_consumer_device_37_data_user_2,0.07165329400805998
2024-10-11_consumer_device_37_data_user_2,0.07422389698269045
2024-10-12_consumer_device_37_data_user_2,0.06417497233198
2024-10-13_consumer_device_37_data_user_2,0.05694831136666367
2024-10-14_consumer_device_37_data_user_2,0.05048464680430022
2024-10-15_consumer_device_37_data_user_2,0.050770277363807355
2024-10-16_consumer_device_37_data_user_2,0.04720161478564201
2024-10-17_consumer_device_37_data_user_2,0.04434988751701465
2024-10-18_consumer_device_37_data_user_2,0.04598265975973758
2024-10-19_consumer_device_37_data_user_2,0.04771429952667655
2024-10-20_consumer_device_37_data_user_2,0.05241003652254703
2024-10-21_consumer_device_37_data_user_2,0.039577615582961696
2024-10-22_consumer_device_37_data_user_2,0.04202038682450545
2024-10-23_consumer_device_37_data_user_2,0.04415061288327392
2024-10-24_consumer_device_37_data_user_2,0.048736278604481015
2024-09-24_consumer_device_37_data_user_3,0.04841483897225017
2024-09-25_consumer_device_37_data_user_3,0.06713940845494137
2024-09-26_consumer_device_37_data_user_3,0.08046439770443448
2024-09-27_consumer_device_37_data_user_3,0.09143478626774823
2024-09-28_consumer_device_37_data_user_3,0.0954236141938902
2024-09-29_consumer_device_37_data_user_3,0.10431506811228394
2024-09-30_consumer_device_37_data_user_3,0.1143602754898414
2024-10-01_consumer_device_37_data_user_3,0.12086225786956384
2024-10-02_consumer_device_37_data_user_3,0.12919550358539017
2024-10-03_consumer_device_37_data_user_3,0.13484868306169218
2024-10-04_consumer_device_37_data_user_3,0.1466411018638124
2024-10-05_consumer_device_37_data_user_3,0.15897476276512706
2024-10-06_consumer_device_37_data_user_3,0.1654235165131215
2024-10-07_consumer_device_37_data_user_3,0.17738610313345418
2024-10-08_consumer_device_37_data_user_3,0.18896458788719273
2024-10-09_consumer_device_37_data_user_3,0.19584529477852824
2024-10-10_consumer_device_37_data_user_3,0.20125345114221632
2024-10-11_consumer_device_37_data_user_3,0.2060562527504679
2024-10-12_consumer_device_37_data_user_3,0.19074646200742557
2024-10-13_consumer_device_37_data_user_3,0.17883186610897903
2024-10-14_consumer_device_37_data_user_3,0.1679801559566155
2024-10-15_consumer_device_37_data_user_3,0.16887448994514667
2024-10-16_consumer_device_37_data_user_3,0.16262758559753543
2024-10-17_consumer_device_37_data_user_3,0.15786717408301626
2024-10-18_consumer_device_37_data_user_3,0.16105440141792726
2024-10-19_consumer_device_37_data_user_3,0.16427398615589034
2024-10-20_consumer_device_37_data_user_3,0.1727503196910082
2024-10-21_consumer_device_37_data_user_3,0.15113237588455952
2024-10-22_consumer_device_37_data_user_3,0.155622190380828
2024-10-23_consumer_device_37_data_user_3,0.15948935196196515
2024-10-24_consumer_device_37_data_user_3,0.1677322945257013
2024-09-24_consumer_device_37_data_user_4,0.8607470941977866
2024-09-25_consumer_device_37_data_user_4,1.1929069807250359
2024-09-26_consumer_device_37_data_user_4,1.428782922325046
2024-09-27_consumer_device_37_data_user_4,1.60612169069898
2024-09-28_consumer_device_37_data_user_4,1.6711673473281003
2024-09-29_consumer_device_37_data_user_4,1.8178839511504954
2024-09-30_consumer_device_37_data_user_4,1.973403091468965
2024-10-01_consumer_device_37_data_user_4,2.0699976469668
2024-10-02_consumer_device_37_data_user_4,2.187069818339448
2024-10-03_consumer_device_37_data_user_4,2.3308393485852146
2024-10-04_consumer_device_37_data_user_4,2.5154316864709676
2024-10-05_consumer_device_37_data_user_4,2.6996598532204503
2024-10-06_consumer_device_37_data_user_4,2.796034752001677
2024-10-07_consumer_device_37_data_user_4,2.960645166052419
2024-10-08_consumer_device_37_data_user_4,3.1251704051182188
2024-10-09_consumer_device_37_data_user_4,3.2243254454524237
2024-10-10_consumer_device_37_data_user_4,3.3000303464845384
2024-10-11_consumer_device_37_data_user_4,3.366247199476598
2024-10-12_consumer_device_37_data_user_4,3.1821852647036732
2024-10-13_consumer_device_37_data_user_4,3.0302931296555946
2024-10-14_consumer_device_37_data_user_4,2.8902276474827735
2024-10-15_consumer_device_37_data_user_4,2.905369933153209
2024-10-16_consumer_device_37_data_user_4,2.8225224591540266
2024-10-17_consumer_device_37_data_user_4,2.761315555465841
2024-10-18_consumer_device_37_data_user_4,2.8063234863543673
2024-10-19_consumer_device_37_data_user_4,2.850589645048615
2024-10-20_consumer_device_37_data_user_4,2.9651386060725917
2024-10-21_consumer_device_37_data_user_4,2.685470044735273
2024-10-22_consumer_device_37_data_user_4,2.7467935805227675
2024-10-23_consumer_device_37_data_user_4,2.7992307395787432
2024-10-24_consumer_device_37_data_user_4,2.9103456454043464
2024-09-24_consumer_device_37_data_user_5,0.9131622720114896
2024-09-25_consumer_device_37_data_user_5,1.2658840705189576
2024-09-26_consumer_device_37_data_user_5,1.516589331389697
2024-09-27_consumer_device_37_data_user_5,1.7127800821424033
2024-09-28_consumer_device_37_data_user_5,1.7844575020678868
2024-09-29_consumer_device_37_data_user_5,1.9452774704663434
2024-09-30_consumer_device_37_data_user_5,2.1207637384961964
2024-10-01_consumer_device_37_data_user_5,2.2318858904212493
2024-10-02_consumer_device_37_data_user_5,2.370228759706223
2024-10-03_consumer_device_37_data_user_5,2.5030684361429425
2024-10-04_consumer_device_37_data_user_5,2.7103036255752473
2024-10-05_consumer_device_37_data_user_5,2.9216963098803532
2024-10-06_consumer_device_37_data_user_5,3.0322548002930443
2024-10-07_consumer_device_37_data_user_5,3.228759341629832
2024-10-08_consumer_device_37_data_user_5,3.4221052461605
2024-10-09_consumer_device_37_data_user_5,3.537842339777801
2024-10-10_consumer_device_37_data_user_5,3.627459303963996
2024-10-11_consumer_device_37_data_user_5,3.7064306519306967
2024-10-12_consumer_device_37_data_user_5,3.4710645505547992
2024-10-13_consumer_device_37_data_user_5,3.282654279120288
2024-10-14_consumer_device_37_data_user_5,3.1100075989155567
2024-10-15_consumer_device_37_data_user_5,3.1264167209378875
2024-10-16_consumer_device_37_data_user_5,3.0256873403418583
2024-10-17_consumer_device_37_data_user_5,2.9500944425611313
2024-10-18_consumer_device_37_data_user_5,3.003146696069882
2024-10-19_consumer_device_37_data_user_5,3.0560112475316394
2024-10-20_consumer_device_37_data_user_5,3.1939827390687103
2024-10-21_consumer_device_37_data_user_5,2.849660976788256
2024-10-22_consumer_device_37_data_user_5,2.9231356629373026
2024-10-23_consumer_device_37_data_user_5,2.98618936243187
2024-10-24_consumer_device_37_data_user_5,3.120192225516273
2024-09-24_consumer_device_37_data_user_6,0.003444027076731507
2024-09-25_consumer_device_37_data_user_6,0.004772411162024029
2024-09-26_consumer_device_37_data_user_6,0.00571528742192893
2024-09-27_consumer_device_37_data_user_6,0.006409082111421605
2024-09-28_consumer_device_37_data_user_6,0.006664111555727784
2024-09-29_consumer_device_37_data_user_6,0.0072410296832463045
2024-09-30_consumer_device_37_data_user_6,0.007842732427867644
2024-10-01_consumer_device_37_data_user_6,0.00821229215707055
2024-10-02_consumer_device_37_data_user_6,0.008653021071972872
2024-10-03_consumer_device_37_data_user_6,0.009266831764710312
2024-10-04_consumer_device_37_data_user_6,0.00998308902628521
2024-10-05_consumer_device_37_data_user_6,0.010688988525253965
2024-10-06_consumer_device_37_data_user_6,0.011058317009901142
2024-10-07_consumer_device_37_data_user_6,0.011674117228818502
2024-10-08_consumer_device_37_data_user_6,0.012295586890636246
2024-10-09_consumer_device_37_data_user_6,0.012671672729301194
2024-10-10_consumer_device_37_data_user_6,0.012956362574874442
2024-10-11_consumer_device_37_data_user_6,0.01320422449898933
2024-10-12_consumer_device_37_data_user_6,0.012546295554400818
2024-10-13_consumer_device_37_data_user_6,0.011991958549047459
2024-10-14_consumer_device_37_data_user_6,0.011478641334478363
2024-10-15_consumer_device_37_data_user_6,0.011538553447090946
2024-10-16_consumer_device_37_data_user_6,0.01123220897071749
2024-10-17_consumer_device_37_data_user_6,0.011008186330615845
2024-10-18_consumer_device_37_data_user_6,0.011177883555656427
2024-10-19_consumer_device_37_data_user_6,0.011343438983627096
2024-10-20_consumer_device_37_data_user_6,0.011769555949863234
2024-10-21_consumer_device_37_data_user_6,0.010743829418300738
2024-10-22_consumer_device_37_data_user_6,0.010972710330635904
2024-10-23_consumer_device_37_data_user_6,0.011167981064796424
2024-10-24_consumer_device_37_data_user_6,0.011580995181963288
2024-09-24_consumer_device_37_data_user_7,0.026531652113299303
2024-09-25_consumer_device_37_data_user_7,0.036861634852649976
2024-09-26_consumer_device_37_data_user_7,0.044259431560819934
2024-09-27_consumer_device_37_data_user_7,0.05192480148371162
2024-09-28_consumer_device_37_data_user_7,0.05465910746976015
2024-09-29_consumer_device_37_data_user_7,0.060593055038523295
2024-09-30_consumer_device_37_data_user_7,0.0682532197359751
2024-10-01_consumer_device_37_data_user_7,0.07359153898901574
2024-10-02_consumer_device_37_data_user_7,0.08106192997046385
2024-10-03_consumer_device_37_data_user_7,0.08011801693401534
2024-10-04_consumer_device_37_data_user_7,0.08892155433727507
2024-10-05_consumer_device_37_data_user_7,0.09895469097012011
2024-10-06_consumer_device_37_data_user_7,0.10419595199659923
2024-10-07_consumer_device_37_data_user_7,0.11524217035339987
2024-10-08_consumer_device_37_data_user_7,0.12544788411471988
2024-10-09_consumer_device_37_data_user_7,0.13138357662349648
2024-10-10_consumer_device_37_data_user_7,0.13625728085251204
2024-10-11_consumer_device_37_data_user_7,0.14068019663181253
2024-10-12_consumer_device_37_data_user_7,0.12405740675619405
2024-10-13_consumer_device_37_data_user_7,0.11192900666144147
2024-10-14_consumer_device_37_data_user_7,0.10104357676432099
2024-10-15_consumer_device_37_data_user_7,0.10160446523752671
2024-10-16_consumer_device_37_data_user_7,0.09554529513143437
2024-10-17_consumer_device_37_data_user_7,0.09074796810707106
2024-10-18_consumer_device_37_data_user_7,0.09358358005877965
2024-10-19_consumer_device_37_data_user_7,0.09655996713904899
2024-10-20_consumer_device_37_data_user_7,0.10458216009552831
2024-10-21_consumer_device_37_data_user_7,0.08295691416725716
2024-10-22_consumer_device_37_data_user_7,0.08714560957733643
2024-10-23_consumer_device_37_data_user_7,0.0907890952979323
2024-10-24_consumer_device_37_data_user_7,0.09861656190586279
2024-09-24_consumer_device_37_data_user_8,1.8687642449882578
2024-09-25_consumer_device_37_data_user_8,2.589353922834226
2024-09-26_consumer_device_37_data_user_8,3.100683167035275
2024-09-27_consumer_device_37_data_user_8,3.4722138878556947
2024-09-28_consumer_device_37_data_user_8,3.608960614056825
2024-09-29_consumer_device_37_data_user_8,3.9188381984377254
2024-09-30_consumer_device_37_data_user_8,4.2389029620238485
2024-10-01_consumer_device_37_data_user_8,4.434137784176615
2024-10-02_consumer_device_37_data_user_8,4.6646254544639305
2024-10-03_consumer_device_37_data_user_8,5.009734780187106
2024-10-04_consumer_device_37_data_user_8,5.391403835150272
2024-10-05_consumer_device_37_data_user_8,5.764671289820729
2024-10-06_consumer_device_37_data_user_8,5.959983020521919
2024-10-07_consumer_device_37_data_user_8,6.2807353504107395
2024-10-08_consumer_device_37_data_user_8,6.606442127660302
2024-10-09_consumer_device_37_data_user_8,6.804055953168772
2024-10-10_consumer_device_37_data_user_8,6.952837628403289
2024-10-11_consumer_device_37_data_user_8,7.081991000332804
2024-10-12_consumer_device_37_data_user_8,6.74953539454557
2024-10-13_consumer_device_37_data_user_8,6.465438149563812
2024-10-14_consumer_device_37_data_user_8,6.201629624861094
2024-10-15_consumer_device_37_data_user_8,6.233927522369647
2024-10-16_consumer_device_37_data_user_8,6.075559601144084
2024-10-17_consumer_device_37_data_user_8,5.960527085575539
2024-10-18_consumer_device_37_data_user_8,6.049360118243346
2024-10-19_consumer_device_37_data_user_8,6.135578963084005
2024-10-20_consumer_device_37_data_user_8,6.3567268104382935
2024-10-21_consumer_device_37_data_user_8,5.8293079435306465
2024-10-22_consumer_device_37_data_user_8,5.948348945184549
2024-10-23_consumer_device_37_data_user_8,6.049760845620153
2024-10-24_consumer_device_37_data_user_8,6.2639981714849
2024-09-24_consumer_device_37_data_user_9,0.0010446364261100555
2024-09-25_consumer_device_37_data_user_9,0.0014489690140704328
2024-09-26_consumer_device_37_data_user_9,0.001736919476396582
2024-09-27_consumer_device_37_data_user_9,0.0019812356556710357
2024-09-28_consumer_device_37_data_user_9,0.0020698257959553255
2024-09-29_consumer_device_37_data_user_9,0.002266559820145509
2024-09-30_consumer_device_37_data_user_9,0.002493223147762351
2024-10-01_consumer_device_37_data_user_9,0.002641685477411041
2024-10-02_consumer_device_37_data_user_9,0.002834854726631999
2024-10-03_consumer_device_37_data_user_9,0.0029382289677698623
2024-10-04_consumer_device_37_data_user_9,0.003203447067778342
2024-10-05_consumer_device_37_data_user_9,0.003484637625003999
2024-10-06_consumer_device_37_data_user_9,0.00363163898867266
2024-10-07_consumer_device_37_data_user_9,0.003910421700270419
2024-10-08_consumer_device_37_data_user_9,0.00417801703169911
2024-10-09_consumer_device_37_data_user_9,0.004336445244382595
2024-10-10_consumer_device_37_data_user_9,0.004461926798651526
2024-10-11_consumer_device_37_data_user_9,0.004573798806676551
2024-10-12_consumer_device_37_data_user_9,0.004205570009625357
2024-10-13_consumer_device_37_data_user_9,0.0039227208986583415
2024-10-14_consumer_device_37_data_user_9,0.0036658454613575867
2024-10-15_consumer_device_37_data_user_9,0.003685468116922475
2024-10-16_consumer_device_37_data_user_9,0.003538548397934678
2024-10-17_consumer_device_37_data_user_9,0.0034257608514049014
2024-10-18_consumer_device_37_data_user_9,0.003499543137840322
2024-10-19_consumer_device_37_data_user_9,0.003574589909796068
2024-10-20_consumer_device_37_data_user_9,0.0037730253492800504
2024-10-21_consumer_device_37_data_user_9,0.003261573390407037
2024-10-22_consumer_device_37_data_user_9,0.003366403555018863
2024-10-23_consumer_device_37_data_user_9,0.0034568599826933465
2024-10-24_consumer_device_37_data_user_9,0.0036499520207701184
2024-09-24_consumer_device_8_data_user_1,0.21809660616573362
2024-09-25_consumer_device_8_data_user_1,0.20220488789140645
2024-09-26_consumer_device_8_data_user_1,0.1910217312337038
2024-09-27_consumer_device_8_data_user_1,0.18606366175236944
2024-09-28_consumer_device_8_data_user_1,0.1841184005267046
2024-09-29_consumer_device_8_data_user_1,0.17934767269589857
2024-09-30_consumer_device_8_data_user_1,0.17653788428406034
2024-10-01_consumer_device_8_data_user_1,0.17574475178899768
2024-10-02_consumer_device_8_data_user_1,0.1764241191552603
2024-10-03_consumer_device_8_data_user_1,0.16066480027157265
2024-10-04_consumer_device_8_data_user_1,0.1568563624267635
2024-10-05_consumer_device_8_data_user_1,0.15510050244645857
2024-10-06_consumer_device_8_data_user_1,0.15416990402365457
2024-10-07_consumer_device_8_data_user_1,0.15601469683188282
2024-10-08_consumer_device_8_data_user_1,0.15648945568526176
2024-10-09_consumer_device_8_data_user_1,0.15642293586565134
2024-10-10_consumer_device_8_data_user_1,0.15693271263530112
2024-10-11_consumer_device_8_data_user_1,0.1576410532792148
2024-10-12_consumer_device_8_data_user_1,0.1485732483419985
2024-10-13_consumer_device_8_data_user_1,0.14369647299922056
2024-10-14_consumer_device_8_data_user_1,0.1396891706604609
2024-10-15_consumer_device_8_data_user_1,0.13911226639708393
2024-10-16_consumer_device_8_data_user_1,0.1373643154289319
2024-10-17_consumer_device_8_data_user_1,0.13554670741836047
2024-10-18_consumer_device_8_data_user_1,0.13574827211833093
2024-10-19_consumer_device_8_data_user_1,0.13625403474265294
2024-10-20_consumer_device_8_data_user_1,0.13808778753975068
2024-10-21_consumer_device_8_data_user_1,0.1302662866392015
2024-10-22_consumer_device_8_data_user_1,0.13107419134550252
2024-10-23_consumer_device_8_data_user_1,0.13186633243592813
2024-10-24_consumer_device_8_data_user_1,0.13372017615720408
2024-09-24_consumer_device_8_data_user_10,0.2664163313344005
2024-09-25_consumer_device_8_data_user_10,0.24710183743002695
2024-09-26_consumer_device_8_data_user_10,0.23351018519041702
2024-09-27_consumer_device_8_data_user_10,0.22748925151917038
2024-09-28_consumer_device_8_data_user_10,0.22512667548239917
2024-09-29_consumer_device_8_data_user_10,0.21933161796521752
2024-09-30_consumer_device_8_data_user_10,0.2159232334998191
2024-10-01_consumer_device_8_data_user_10,0.21496471433724795
2024-10-02_consumer_device_8_data_user_10,0.21579932767272186
2024-10-03_consumer_device_8_data_user_10,0.19663313193684123
2024-10-04_consumer_device_8_data_user_10,0.19201156521928658
2024-10-05_consumer_device_8_data_user_10,0.18988755428514142
2024-10-06_consumer_device_8_data_user_10,0.18876175139677545
2024-10-07_consumer_device_8_data_user_10,0.19101768792978457
2024-10-08_consumer_device_8_data_user_10,0.19160655882575467
2024-10-09_consumer_device_8_data_user_10,0.19153235735557805
2024-10-10_consumer_device_8_data_user_10,0.19215780063906643
2024-10-11_consumer_device_8_data_user_10,0.1930242118705902
2024-10-12_consumer_device_8_data_user_10,0.18197797863621135
2024-10-13_consumer_device_8_data_user_10,0.17603358466655503
2024-10-14_consumer_device_8_data_user_10,0.17114797095994935
2024-10-15_consumer_device_8_data_user_10,0.17044702206887608
2024-10-16_consumer_device_8_data_user_10,0.168314480623587
2024-10-17_consumer_device_8_data_user_10,0.16609865135750293
2024-10-18_consumer_device_8_data_user_10,0.16634697502795062
2024-10-19_consumer_device_8_data_user_10,0.16696539687348755
2024-10-20_consumer_device_8_data_user_10,0.16920449702107357
2024-10-21_consumer_device_8_data_user_10,0.15966827007183507
2024-10-22_consumer_device_8_data_user_10,0.1606554984198468
2024-10-23_consumer_device_8_data_user_10,0.16162294152796278
2024-10-24_consumer_device_8_data_user_10,0.16388625492258202
2024-09-24_consumer_device_8_data_user_11,0.20754570609041417
2024-09-25_consumer_device_8_data_user_11,0.1920204165191644
2024-09-26_consumer_device_8_data_user_11,0.18109408030604618
2024-09-27_consumer_device_8_data_user_11,0.1762144094296613
2024-09-28_consumer_device_8_data_user_11,0.17430211605028745
2024-09-29_consumer_device_8_data_user_11,0.16961848331803092
2024-09-30_consumer_device_8_data_user_11,0.16682630881815824
2024-10-01_consumer_device_8_data_user_11,0.16601246560054955
2024-10-02_consumer_device_8_data_user_11,0.16661218892673763
2024-10-03_consumer_device_8_data_user_11,0.15130671482273825
2024-10-04_consumer_device_8_data_user_11,0.14753492108365351
2024-10-05_consumer_device_8_data_user_11,0.14574764519085115
2024-10-06_consumer_device_8_data_user_11,0.14480101312684646
2024-10-07_consumer_device_8_data_user_11,0.1465042483956927
2024-10-08_consumer_device_8_data_user_11,0.14688303770526456
2024-10-09_consumer_device_8_data_user_11,0.14677040315286238
2024-10-10_consumer_device_8_data_user_11,0.14722633545969477
2024-10-11_consumer_device_8_data_user_11,0.14787885471120657
2024-10-12_consumer_device_8_data_user_11,0.13920221507143876
2024-10-13_consumer_device_8_data_user_11,0.13456159623965946
2024-10-14_consumer_device_8_data_user_11,0.13075578089718087
2024-10-15_consumer_device_8_data_user_11,0.13019067564637724
2024-10-16_consumer_device_8_data_user_11,0.12854121312114133
2024-10-17_consumer_device_8_data_user_11,0.12681386210865817
2024-10-18_consumer_device_8_data_user_11,0.12698678987457554
2024-10-19_consumer_device_8_data_user_11,0.12745416409536314
2024-10-20_consumer_device_8_data_user_11,0.12917112531991085
2024-10-21_consumer_device_8_data_user_11,0.12174595335264046
2024-10-22_consumer_device_8_data_user_11,0.12249711158504575
2024-10-23_consumer_device_8_data_user_11,0.12323736130064283
2024-10-24_consumer_device_8_data_user_11,0.12497541922027983
2024-09-24_consumer_device_8_data_user_12,6.317817780965781e-05
2024-09-25_consumer_device_8_data_user_12,8.789152159706017e-05
2024-09-26_consumer_device_8_data_user_12,0.00010566754203109015
2024-09-27_consumer_device_8_data_user_12,0.00012668943084164367
2024-09-28_consumer_device_8_data_user_12,0.00013411876048514487
2024-09-29_consumer_device_8_data_user_12,0.0001500261642057558
2024-09-30_consumer_device_8_data_user_12,0.00017187592017292263
2024-10-01_consumer_device_8_data_user_12,0.00018756027581625265
2024-10-02_consumer_device_8_data_user_12,0.00021021131527372344
2024-10-03_consumer_device_8_data_user_12,0.0002011955033372447
2024-10-04_consumer_device_8_data_user_12,0.00022607917254858495
2024-10-05_consumer_device_8_data_user_12,0.00025545310582671734
2024-10-06_consumer_device_8_data_user_12,0.0002707926636213077
2024-10-07_consumer_device_8_data_user_12,0.0003046158966921527
2024-10-08_consumer_device_8_data_user_12,0.0003353827324454281
2024-10-09_consumer_device_8_data_user_12,0.00035314234399337814
2024-10-10_consumer_device_8_data_user_12,0.0003679460775089452
2024-10-11_consumer_device_8_data_user_12,0.0003814770277194492
2024-10-12_consumer_device_8_data_user_12,0.0003281082180418814
2024-10-13_consumer_device_8_data_user_12,0.00028985190656972986
2024-10-14_consumer_device_8_data_user_12,0.0002556614100439314
2024-10-15_consumer_device_8_data_user_12,0.0002571155523651324
2024-10-16_consumer_device_8_data_user_12,0.00023827354954791623
2024-10-17_consumer_device_8_data_user_12,0.0002231851885887963
2024-10-18_consumer_device_8_data_user_12,0.0002317609645529922
2024-10-19_consumer_device_8_data_user_12,0.0002408779946182757
2024-10-20_consumer_device_8_data_user_12,0.00026563569337706455
2024-10-21_consumer_device_8_data_user_12,0.00019776683514108215
2024-10-22_consumer_device_8_data_user_12,0.00021063505777957795
2024-10-23_consumer_device_8_data_user_12,0.00022186342313903278
2024-10-24_consumer_device_8_data_user_12,0.0002460455313751035
2024-09-24_consumer_device_8_data_user_13,0.1718001173567852
2024-09-25_consumer_device_8_data_user_13,0.15947106179074394
2024-09-26_consumer_device_8_data_user_13,0.15079577509275047
2024-09-27_consumer_device_8_data_user_13,0.14697652337441613
2024-09-28_consumer_device_8_data_user_13,0.14547639021216716
2024-09-29_consumer_device_8_data_user_13,0.14179258971117412
2024-09-30_consumer_device_8_data_user_13,0.13964855895541325
2024-10-01_consumer_device_8_data_user_13,0.13906287034820405
2024-10-02_consumer_device_8_data_user_13,0.13963855504037428
2024-10-03_consumer_device_8_data_user_13,0.1273434662454873
2024-10-04_consumer_device_8_data_user_13,0.12442770398748507
2024-10-05_consumer_device_8_data_user_13,0.12312012034294106
2024-10-06_consumer_device_8_data_user_13,0.12242663787298086
2024-10-07_consumer_device_8_data_user_13,0.1239331079780985
2024-10-08_consumer_device_8_data_user_13,0.1243660456785877
2024-10-09_consumer_device_8_data_user_13,0.12435064848534902
2024-10-10_consumer_device_8_data_user_13,0.12477812757101751
2024-10-11_consumer_device_8_data_user_13,0.12535767876606027
2024-10-12_consumer_device_8_data_user_13,0.1181843563870896
2024-10-13_consumer_device_8_data_user_13,0.11430686315346442
2024-10-14_consumer_device_8_data_user_13,0.11111503265845785
2024-10-15_consumer_device_8_data_user_13,0.11066860317814607
2024-10-16_consumer_device_8_data_user_13,0.10926829752358606
2024-10-17_consumer_device_8_data_user_13,0.10782142675710184
2024-10-18_consumer_device_8_data_user_13,0.10799603434702999
2024-10-19_consumer_device_8_data_user_13,0.10840872387122796
2024-10-20_consumer_device_8_data_user_13,0.1098880017837275
2024-10-21_consumer_device_8_data_user_13,0.1036558200379865
2024-10-22_consumer_device_8_data_user_13,0.10431157305413091
2024-10-23_consumer_device_8_data_user_13,0.10495168303901715
2024-10-24_consumer_device_8_data_user_13,0.10644543145129179
2024-09-24_consumer_device_8_data_user_2,0.15669800873590134
2024-09-25_consumer_device_8_data_user_2,0.1449778465572894
2024-09-26_consumer_device_8_data_user_2,0.13672931435019312
2024-09-27_consumer_device_8_data_user_2,0.13304022639033805
2024-09-28_consumer_device_8_data_user_2,0.13159483908291908
2024-09-29_consumer_device_8_data_user_2,0.1280556934755748
2024-09-30_consumer_device_8_data_user_2,0.12594078600603728
2024-10-01_consumer_device_8_data_user_2,0.12532056201263286
2024-10-02_consumer_device_8_data_user_2,0.12576370486430094
2024-10-03_consumer_device_8_data_user_2,0.11422304787736852
2024-10-04_consumer_device_8_data_user_2,0.1113680189737933
2024-10-05_consumer_device_8_data_user_2,0.11000800954219528
2024-10-06_consumer_device_8_data_user_2,0.10928776823252784
2024-10-07_consumer_device_8_data_user_2,0.11055870681252122
2024-10-08_consumer_device_8_data_user_2,0.11083190964443264
2024-10-09_consumer_device_8_data_user_2,0.11073973658873516
2024-10-10_consumer_device_8_data_user_2,0.1110776125115983
2024-10-11_consumer_device_8_data_user_2,0.11156428352105885
2024-10-12_consumer_device_8_data_user_2,0.10504152159876715
2024-10-13_consumer_device_8_data_user_2,0.10155683094246079
2024-10-14_consumer_device_8_data_user_2,0.09870014764719039
2024-10-15_consumer_device_8_data_user_2,0.09827331990537394
2024-10-16_consumer_device_8_data_user_2,0.09703685187731197
2024-10-17_consumer_device_8_data_user_2,0.09574011018917344
2024-10-18_consumer_device_8_data_user_2,0.09586705778873772
2024-10-19_consumer_device_8_data_user_2,0.096215874883255
2024-10-20_consumer_device_8_data_user_2,0.09750085049986618
2024-10-21_consumer_device_8_data_user_2,0.09192791430868275
2024-10-22_consumer_device_8_data_user_2,0.09248925416752565
2024-10-23_consumer_device_8_data_user_2,0.09304303256968001
2024-10-24_consumer_device_8_data_user_2,0.09434415450934806
2024-09-24_consumer_device_8_data_user_3,0.15915061981588674
2024-09-25_consumer_device_8_data_user_3,0.1458493184255119
2024-09-26_consumer_device_8_data_user_3,0.1364845087484029
2024-09-27_consumer_device_8_data_user_3,0.13217714925447682
2024-09-28_consumer_device_8_data_user_3,0.13049687148831424
2024-09-29_consumer_device_8_data_user_3,0.12640337419729766
2024-09-30_consumer_device_8_data_user_3,0.12384480132167056
2024-10-01_consumer_device_8_data_user_3,0.12300999748956667
2024-10-02_consumer_device_8_data_user_3,0.12329816415318826
2024-10-03_consumer_device_8_data_user_3,0.11050426193022565
2024-10-04_consumer_device_8_data_user_3,0.10709230451326195
2024-10-05_consumer_device_8_data_user_3,0.1053074648917018
2024-10-06_consumer_device_8_data_user_3,0.1043642105868674
2024-10-07_consumer_device_8_data_user_3,0.1054742256536981
2024-10-08_consumer_device_8_data_user_3,0.10549888985674308
2024-10-09_consumer_device_8_data_user_3,0.10523433993741219
2024-10-10_consumer_device_8_data_user_3,0.10547651386643665
2024-10-11_consumer_device_8_data_user_3,0.1058962890203095
2024-10-12_consumer_device_8_data_user_3,0.09910474975894132
2024-10-13_consumer_device_8_data_user_3,0.09556520089484549
2024-10-14_consumer_device_8_data_user_3,0.09268930284934132
2024-10-15_consumer_device_8_data_user_3,0.09219984714978267
2024-10-16_consumer_device_8_data_user_3,0.09099187817865377
2024-10-17_consumer_device_8_data_user_3,0.0896824823110314
2024-10-18_consumer_device_8_data_user_3,0.08974603118061439
2024-10-19_consumer_device_8_data_user_3,0.09005219305136473
2024-10-20_consumer_device_8_data_user_3,0.09126041639109686
2024-10-21_consumer_device_8_data_user_3,0.08566063624712487
2024-10-22_consumer_device_8_data_user_3,0.08616975451573974
2024-10-23_consumer_device_8_data_user_3,0.08668536828068427
2024-10-24_consumer_device_8_data_user_3,0.08791684728454868
2024-09-24_consumer_device_8_data_user_4,2.1019519735723593
2024-09-25_consumer_device_8_data_user_4,2.208816781769978
2024-09-26_consumer_device_8_data_user_4,2.284762895737235
2024-09-27_consumer_device_8_data_user_4,2.343838565066026
2024-09-28_consumer_device_8_data_user_4,2.365434173497473
2024-09-29_consumer_device_8_data_user_4,2.4139256014744395
2024-09-30_consumer_device_8_data_user_4,2.4666142071648958
2024-10-01_consumer_device_8_data_user_4,2.499885268185087
2024-10-02_consumer_device_8_data_user_4,2.541149891196228
2024-10-03_consumer_device_8_data_user_4,2.582314838205396
2024-10-04_consumer_device_8_data_user_4,2.644581912052135
2024-10-05_consumer_device_8_data_user_4,2.70789816199887
2024-10-06_consumer_device_8_data_user_4,2.741013749526746
2024-10-07_consumer_device_8_data_user_4,2.799544060812706
2024-10-08_consumer_device_8_data_user_4,2.8572594720597726
2024-10-09_consumer_device_8_data_user_4,2.891840935223336
2024-10-10_consumer_device_8_data_user_4,2.91856514961958
2024-10-11_consumer_device_8_data_user_4,2.9420904462640194
2024-10-12_consumer_device_8_data_user_4,2.8726292320965987
2024-10-13_consumer_device_8_data_user_4,2.8168018387257896
2024-10-14_consumer_device_8_data_user_4,2.7656019657190134
2024-10-15_consumer_device_8_data_user_4,2.770558212389822
2024-10-16_consumer_device_8_data_user_4,2.7406306040509993
2024-10-17_consumer_device_8_data_user_4,2.7182187940124054
2024-10-18_consumer_device_8_data_user_4,2.7340486489284075
2024-10-19_consumer_device_8_data_user_4,2.74979385178872
2024-10-20_consumer_device_8_data_user_4,2.790839080146626
2024-10-21_consumer_device_8_data_user_4,2.68871144737283
2024-10-22_consumer_device_8_data_user_4,2.71058532170855
2024-10-23_consumer_device_8_data_user_4,2.7293475191074332
2024-10-24_consumer_device_8_data_user_4,2.7692052748751412
2024-09-24_consumer_device_8_data_user_5,0.1989329991034599
2024-09-25_consumer_device_8_data_user_5,0.18313783511651405
2024-09-26_consumer_device_8_data_user_5,0.17201950319594916
2024-09-27_consumer_device_8_data_user_5,0.16698363209149936
2024-09-28_consumer_device_8_data_user_5,0.16501448170761965
2024-09-29_consumer_device_8_data_user_5,0.1602039185022523
2024-09-30_consumer_device_8_data_user_5,0.1572694777711323
2024-10-01_consumer_device_8_data_user_5,0.15636400065140257
2024-10-02_consumer_device_8_data_user_5,0.15684702754347457
2024-10-03_consumer_device_8_data_user_5,0.14145525401812656
2024-10-04_consumer_device_8_data_user_5,0.13751622472070948
2024-10-05_consumer_device_8_data_user_5,0.13555501721469668
2024-10-06_consumer_device_8_data_user_5,0.13451743809638947
2024-10-07_consumer_device_8_data_user_5,0.13605353509796705
2024-10-08_consumer_device_8_data_user_5,0.13626997620599973
2024-10-09_consumer_device_8_data_user_5,0.1360607101952757
2024-10-10_consumer_device_8_data_user_5,0.13644093849148692
2024-10-11_consumer_device_8_data_user_5,0.13702633998734273
2024-10-12_consumer_device_8_data_user_5,0.12856065515068218
2024-10-13_consumer_device_8_data_user_5,0.1240851673057956
2024-10-14_consumer_device_8_data_user_5,0.12042994289299798
2024-10-15_consumer_device_8_data_user_5,0.1198520278418195
2024-10-16_consumer_device_8_data_user_5,0.11828950042517607
2024-10-17_consumer_device_8_data_user_5,0.11662818415714886
2024-10-18_consumer_device_8_data_user_5,0.11675645325633247
2024-10-19_consumer_device_8_data_user_5,0.1171788483169652
2024-10-20_consumer_device_8_data_user_5,0.11877761193108256
2024-10-21_consumer_device_8_data_user_5,0.11165250669936162
2024-10-22_consumer_device_8_data_user_5,0.11234098517196602
2024-10-23_consumer_device_8_data_user_5,0.11302728997712265
2024-10-24_consumer_device_8_data_user_5,0.11465043583271324
2024-09-24_consumer_device_8_data_user_6,11.326936133202729
2024-09-25_consumer_device_8_data_user_6,10.629473986535611
2024-09-26_consumer_device_8_data_user_6,10.139022340200572
2024-09-27_consumer_device_8_data_user_6,9.933841726053373
2024-09-28_consumer_device_8_data_user_6,9.852576953332552
2024-09-29_consumer_device_8_data_user_6,9.651117938156196
2024-09-30_consumer_device_8_data_user_6,9.544111784013372
2024-10-01_consumer_device_8_data_user_6,9.522786786305565
2024-10-02_consumer_device_8_data_user_6,9.574724862757316
2024-10-03_consumer_device_8_data_user_6,8.851792632250223
2024-10-04_consumer_device_8_data_user_6,8.702339195751161
2024-10-05_consumer_device_8_data_user_6,8.650138503045621
2024-10-06_consumer_device_8_data_user_6,8.622259135975936
2024-10-07_consumer_device_8_data_user_6,8.737461891160605
2024-10-08_consumer_device_8_data_user_6,8.787696050710235
2024-10-09_consumer_device_8_data_user_6,8.801251743035158
2024-10-10_consumer_device_8_data_user_6,8.838178270403505
2024-10-11_consumer_device_8_data_user_6,8.882919936118816
2024-10-12_consumer_device_8_data_user_6,8.421991322867104
2024-10-13_consumer_device_8_data_user_6,8.165183475690698
2024-10-14_consumer_device_8_data_user_6,7.9515909431424285
2024-10-15_consumer_device_8_data_user_6,7.926791272199673
2024-10-16_consumer_device_8_data_user_6,7.829958409020715
2024-10-17_consumer_device_8_data_user_6,7.733469890922965
2024-10-18_consumer_device_8_data_user_6,7.75061087205593
2024-10-19_consumer_device_8_data_user_6,7.782049081570218
2024-10-20_consumer_device_8_data_user_6,7.88829214963594
2024-10-21_consumer_device_8_data_user_6,7.470340189394744
2024-10-22_consumer_device_8_data_user_6,7.5189776413950895
2024-10-23_consumer_device_8_data_user_6,7.565370212234754
2024-10-24_consumer_device_8_data_user_6,7.671987103425302
2024-09-24_consumer_device_8_data_user_7,0.16476615358124225
2024-09-25_consumer_device_8_data_user_7,0.15303433119710597
2024-09-26_consumer_device_8_data_user_7,0.1447793297793628
2024-09-27_consumer_device_8_data_user_7,0.1411466334739823
2024-09-28_consumer_device_8_data_user_7,0.13971968014026717
2024-09-29_consumer_device_8_data_user_7,0.13621531326561762
2024-09-30_consumer_device_8_data_user_7,0.1341771726926158
2024-10-01_consumer_device_8_data_user_7,0.13362153448111674
2024-10-02_consumer_device_8_data_user_7,0.13417208683129764
2024-10-03_consumer_device_8_data_user_7,0.12246869092115886
2024-10-04_consumer_device_8_data_user_7,0.11969637443868718
2024-10-05_consumer_device_8_data_user_7,0.11845522717037305
2024-10-06_consumer_device_8_data_user_7,0.11779695185301256
2024-10-07_consumer_device_8_data_user_7,0.11923470994831749
2024-10-08_consumer_device_8_data_user_7,0.11965033609721556
2024-10-09_consumer_device_8_data_user_7,0.11963773614751896
2024-10-10_consumer_device_8_data_user_7,0.12004631975275051
2024-10-11_consumer_device_8_data_user_7,0.1205994969230107
2024-10-12_consumer_device_8_data_user_7,0.11376581922214718
2024-10-13_consumer_device_8_data_user_7,0.1100708301201201
2024-10-14_consumer_device_8_data_user_7,0.10702891897482784
2024-10-15_consumer_device_8_data_user_7,0.10660417975016936
2024-10-16_consumer_device_8_data_user_7,0.10526920147688552
2024-10-17_consumer_device_8_data_user_7,0.10389033728975441
2024-10-18_consumer_device_8_data_user_7,0.10405751949123673
2024-10-19_consumer_device_8_data_user_7,0.10445136852139146
2024-10-20_consumer_device_8_data_user_7,0.10586219636793469
2024-10-21_consumer_device_8_data_user_7,0.09992260989097589
2024-10-22_consumer_device_8_data_user_7,0.10054823857138391
2024-10-23_consumer_device_8_data_user_7,0.10115878861095305
2024-10-24_consumer_device_8_data_user_7,0.10258332274505068
2024-09-24_consumer_device_8_data_user_8,0.17817108128175685
2024-09-25_consumer_device_8_data_user_8,0.16499460389594323
2024-09-26_consumer_device_8_data_user_8,0.1557216629360212
2024-09-27_consumer_device_8_data_user_8,0.151592546742913
2024-09-28_consumer_device_8_data_user_8,0.14997363668465383
2024-09-29_consumer_device_8_data_user_8,0.146006439130892
2024-09-30_consumer_device_8_data_user_8,0.1436528588556214
2024-10-01_consumer_device_8_data_user_8,0.142975507423184
2024-10-02_consumer_device_8_data_user_8,0.14350642641725908
2024-10-03_consumer_device_8_data_user_8,0.13048550255102864
2024-10-04_consumer_device_8_data_user_8,0.12730187878383398
2024-10-05_consumer_device_8_data_user_8,0.12580964172163966
2024-10-06_consumer_device_8_data_user_8,0.1250190743592011
2024-10-07_consumer_device_8_data_user_8,0.1264985652255542
2024-10-08_consumer_device_8_data_user_8,0.1268491873144098
2024-10-09_consumer_device_8_data_user_8,0.12676992364499418
2024-10-10_consumer_device_8_data_user_8,0.12717130365438073
2024-10-11_consumer_device_8_data_user_8,0.1277386374678281
2024-10-12_consumer_device_8_data_user_8,0.12031227740292874
2024-10-13_consumer_device_8_data_user_8,0.11633133679546556
2024-10-14_consumer_device_8_data_user_8,0.1130639138722617
2024-10-15_consumer_device_8_data_user_8,0.11258481824408226
2024-10-16_consumer_device_8_data_user_8,0.11116496054131894
2024-10-17_consumer_device_8_data_user_8,0.10968236966767451
2024-10-18_consumer_device_8_data_user_8,0.10983735708034979
2024-10-19_consumer_device_8_data_user_8,0.11024318246779366
2024-10-20_consumer_device_8_data_user_8,0.11172592196310623
2024-10-21_consumer_device_8_data_user_8,0.10535007703281177
2024-10-22_consumer_device_8_data_user_8,0.10600065703233838
2024-10-23_consumer_device_8_data_user_8,0.10664043945500894
2024-10-24_consumer_device_8_data_user_8,0.10814058046339659
2024-09-24_consumer_device_8_data_user_9,0.24566342162888039
2024-09-25_consumer_device_8_data_user_9,0.22659201654453792
2024-09-26_consumer_device_8_data_user_9,0.21316792056927292
2024-09-27_consumer_device_8_data_user_9,0.2071015479943146
2024-09-28_consumer_device_8_data_user_9,0.20472860117171804
2024-09-29_consumer_device_8_data_user_9,0.19892918234011558
2024-09-30_consumer_device_8_data_user_9,0.1954045171911446
2024-10-01_consumer_device_8_data_user_9,0.19432646893755887
2024-10-02_consumer_device_8_data_user_9,0.19493469310363606
2024-10-03_consumer_device_8_data_user_9,0.17631498835460535
2024-10-04_consumer_device_8_data_user_9,0.17157892447244183
2024-10-05_consumer_device_8_data_user_9,0.1692390267208183
2024-10-06_consumer_device_8_data_user_9,0.1680008866008245
2024-10-07_consumer_device_8_data_user_9,0.16989430581833903
2024-10-08_consumer_device_8_data_user_9,0.17018887404645272
2024-10-09_consumer_device_8_data_user_9,0.16995482635355091
2024-10-10_consumer_device_8_data_user_9,0.1704303735607958
2024-10-11_consumer_device_8_data_user_9,0.17115263424122212
2024-10-12_consumer_device_8_data_user_9,0.16085982255695458
2024-10-13_consumer_device_8_data_user_9,0.15540767272567782
2024-10-14_consumer_device_8_data_user_9,0.15095164083730284
2024-10-15_consumer_device_8_data_user_9,0.1502544418845042
2024-10-16_consumer_device_8_data_user_9,0.1483450716597705
2024-10-17_consumer_device_8_data_user_9,0.14632026696583922
2024-10-18_consumer_device_8_data_user_9,0.14648451840020815
2024-10-19_consumer_device_8_data_user_9,0.14700497349243438
2024-10-20_consumer_device_8_data_user_9,0.14896447689026798
2024-10-21_consumer_device_8_data_user_9,0.14027705775533808
2024-10-22_consumer_device_8_data_user_9,0.14112323994620224
2024-10-23_consumer_device_8_data_user_9,0.14196504196537565
2024-10-24_consumer_device_8_data_user_9,0.14395341078437426
