datetime,tempmax,tempmin,temp,feelslikemax,feelslikemin,feelslike,dew,humidity,precip,precipcover,preciptype,snow,snowdepth,windgust,windspeed,winddir,pressure,cloudcover,visibility,solarradiation,solarenergy,uvindex,windspeedmax,windspeedmean,sunrise,sunset,normal.tempmax,normal.tempmin,normal.feelslike,normal.precip,normal.humidity,normal.snowdepth,normal.windspeed,normal.windgust,normal.winddir,normal.cloudcover
2023-09-01,18.1,9.5,14.3,18.1,8.3,14.2,10.4,77.7,0.088,4.17,['rain'],0.0,0.0,46.8,20.8,218.2,1017.3,79.3,33.9,127.9,11.0,5.0,20.8,11.6,06:03:16,19:32:17,"[11.5, 19.2, 31.5]","[6.9, 10.6, 16.2]","[4.8, 19.2, 30.5]","[0.0, 7.7, 43.7]","[54.4, 78.2, 97.2]","[0.0, 0.0, 0.0]","[11.9, 21.2, 29.5]","[39.6, 55.1, 111.6]","[30.3, 182.8, 327.7]","[4.7, 62.4, 100.0]"
2023-09-02,21.3,15.0,17.7,21.3,15.0,17.7,14.2,81.1,2.223,8.33,['rain'],0.0,0.0,43.2,12.9,286.5,1019.7,77.8,36.1,209.2,18.2,8.0,12.9,9.2,06:04:44,19:30:12,"[12.3, 18.5, 23.6]","[6.3, 10.4, 14.8]","[3.0, 18.5, 23.6]","[0.0, 4.0, 24.9]","[61.4, 78.0, 96.6]","[0.0, 0.0, 0.0]","[9.4, 19.1, 29.9]","[39.6, 55.1, 75.6]","[28.5, 176.3, 288.1]","[7.4, 63.7, 99.5]"
2023-09-03,19.2,14.3,16.3,19.2,14.3,16.3,12.6,79.9,0.226,16.67,['rain'],0.0,0.0,50.4,15.4,344.2,1023.4,87.9,29.0,175.2,15.2,10.0,15.4,10.2,06:06:11,19:28:06,"[11.0, 19.5, 25.8]","[5.7, 10.4, 15.2]","[3.2, 19.5, 25.8]","[0.0, 2.7, 19.4]","[62.4, 76.6, 93.4]","[0.0, 0.0, 0.0]","[11.5, 20.9, 36.0]","[28.8, 58.3, 79.2]","[38.0, 175.5, 314.5]","[17.0, 60.1, 100.0]"
2023-09-04,18.5,11.9,14.7,18.5,11.9,14.7,9.9,73.9,0.082,4.17,['rain'],0.0,0.0,54.0,17.6,14.2,1027.3,49.6,31.7,171.2,14.9,7.0,17.6,13.1,06:07:38,19:26:00,"[11.1, 19.3, 26.3]","[6.3, 10.8, 16.2]","[2.8, 19.3, 26.3]","[0.0, 2.6, 13.5]","[65.4, 77.6, 92.8]","[0.0, 0.0, 0.0]","[10.8, 20.5, 36.7]","[39.6, 57.2, 90.0]","[43.3, 189.0, 288.3]","[8.3, 60.7, 100.0]"
2023-09-05,24.2,9.4,15.7,24.2,7.9,15.4,9.9,71.2,0.0,0.0,,0.0,0.0,43.2,12.2,59.9,1026.1,17.0,31.6,239.3,20.6,7.0,12.2,8.1,06:09:06,19:23:53,"[7.7, 19.4, 27.4]","[3.4, 10.6, 14.7]","[-3.5, 19.4, 27.2]","[0.0, 2.7, 32.1]","[66.7, 77.5, 91.3]","[0.0, 0.0, 0.0]","[9.0, 22.0, 50.4]","[43.2, 63.0, 100.8]","[33.8, 157.0, 269.7]","[21.0, 55.9, 94.3]"
2023-09-06,25.0,10.6,17.0,25.0,10.6,17.0,10.7,69.0,0.0,0.0,,0.0,0.0,16.9,8.8,332.2,1024.3,7.8,33.4,232.0,19.9,7.0,8.8,6.7,06:10:33,19:21:45,"[12.7, 18.7, 27.1]","[3.2, 9.4, 14.7]","[0.9, 18.7, 27.1]","[0.0, 5.3, 49.9]","[67.1, 78.5, 96.8]","[0.0, 0.0, 0.0]","[11.5, 20.2, 36.7]","[43.2, 56.5, 97.2]","[35.0, 178.1, 259.9]","[11.3, 56.4, 100.0]"
2023-09-07,25.4,11.5,17.7,25.4,11.5,17.7,11.5,68.4,0.0,0.0,,0.0,0.0,21.2,15.6,45.0,1024.4,9.7,28.1,231.5,20.1,7.0,15.6,8.6,06:12:00,19:19:38,"[10.9, 19.3, 24.1]","[3.9, 9.8, 16.3]","[0.9, 19.3, 24.1]","[0.0, 4.3, 74.3]","[63.6, 76.3, 92.5]","[0.0, 0.0, 0.0]","[9.4, 20.2, 34.6]","[39.6, 63.7, 90.0]","[51.6, 194.1, 285.1]","[2.6, 51.6, 99.6]"
2023-09-08,24.9,11.9,18.3,24.9,11.9,18.3,12.6,72.0,0.0,0.0,,0.0,0.0,13.7,7.8,286.7,1022.6,9.2,30.5,226.5,19.5,7.0,7.8,5.3,06:13:27,19:17:30,"[12.3, 19.1, 25.2]","[4.5, 9.9, 13.5]","[1.9, 19.1, 25.2]","[0.0, 4.1, 21.7]","[58.7, 76.7, 98.5]","[0.0, 0.0, 0.0]","[10.4, 22.0, 31.3]","[39.6, 60.5, 82.8]","[75.0, 203.6, 317.9]","[13.9, 52.7, 99.4]"
2023-09-09,25.6,12.8,18.9,25.6,12.8,18.9,13.2,72.2,0.0,0.0,,0.0,0.0,12.2,7.5,284.7,1020.5,27.6,27.7,220.1,19.0,7.0,7.5,5.2,06:14:55,19:15:21,"[11.9, 19.4, 25.9]","[4.8, 10.0, 13.4]","[1.8, 19.4, 25.9]","[0.0, 3.5, 32.5]","[62.3, 76.1, 94.5]","[0.0, 0.0, 0.0]","[11.5, 22.7, 50.4]","[39.6, 60.1, 86.4]","[65.8, 177.6, 277.5]","[8.0, 51.4, 96.6]"
2023-09-10,26.5,13.5,19.3,26.5,13.5,19.3,12.9,69.0,0.0,0.0,,0.0,0.0,28.8,11.5,236.1,1019.1,16.7,30.5,219.8,18.9,7.0,11.5,8.7,06:16:22,19:13:12,"[11.9, 19.8, 25.5]","[2.7, 9.8, 14.0]","[0.7, 19.8, 25.5]","[0.0, 0.5, 5.8]","[57.6, 75.7, 89.8]","[0.0, 0.0, 0.0]","[9.4, 20.2, 39.6]","[39.6, 54.4, 75.6]","[35.5, 173.1, 274.3]","[9.5, 52.8, 86.7]"
2023-09-11,26.4,13.9,19.8,26.4,13.9,19.8,13.6,69.3,0.0,0.0,,0.0,0.0,24.1,14.2,244.1,1015.8,8.6,30.0,212.9,18.3,7.0,14.2,8.6,06:17:49,19:11:03,"[10.9, 19.5, 27.0]","[5.8, 10.8, 14.2]","[1.7, 19.5, 27.2]","[0.0, 2.6, 10.1]","[48.3, 78.7, 96.9]","[0.0, 0.0, 0.0]","[10.8, 21.2, 40.7]","[39.6, 56.2, 86.4]","[40.0, 183.2, 286.6]","[5.9, 61.9, 100.0]"
2023-09-12,26.9,14.6,20.2,27.1,14.6,20.3,13.9,68.9,0.0,0.0,,0.0,0.0,25.2,11.4,222.4,1013.7,42.4,27.4,202.2,17.4,7.0,11.4,7.7,06:19:17,19:08:54,"[12.2, 18.8, 26.1]","[5.1, 10.1, 14.8]","[2.4, 18.8, 26.1]","[0.0, 2.0, 9.5]","[57.4, 78.5, 94.6]","[0.0, 0.0, 0.0]","[11.9, 22.0, 31.0]","[39.6, 55.4, 97.2]","[24.2, 187.8, 297.1]","[2.9, 57.8, 98.8]"
2023-09-13,25.9,15.1,19.8,25.9,15.1,19.8,14.5,72.8,2.353,25.0,['rain'],0.0,0.0,50.4,18.7,227.0,1013.5,64.5,22.9,181.5,15.9,6.0,18.7,10.4,06:20:44,19:06:44,"[8.7, 18.1, 25.6]","[4.1, 9.6, 14.2]","[0.1, 18.1, 25.6]","[0.0, 4.9, 43.8]","[59.1, 79.0, 95.1]","[0.0, 0.0, 0.0]","[13.0, 22.0, 41.0]","[39.6, 58.3, 86.4]","[32.1, 178.3, 273.4]","[2.4, 61.5, 100.0]"
2023-09-14,19.3,13.4,16.3,19.3,13.4,16.3,14.0,86.7,6.297,58.33,['rain'],0.0,0.0,50.4,19.0,16.5,1018.8,83.8,20.1,125.8,10.9,9.0,19.0,12.5,06:22:11,19:04:35,"[9.1, 18.6, 25.2]","[2.8, 9.6, 14.2]","[-0.5, 18.6, 25.2]","[0.0, 2.6, 15.2]","[60.6, 78.6, 93.1]","[0.0, 0.0, 0.0]","[9.7, 23.0, 43.9]","[43.2, 59.8, 90.0]","[46.5, 152.3, 250.3]","[3.7, 56.2, 98.3]"
2023-09-15,19.8,11.8,15.3,19.8,11.8,15.3,11.4,78.9,0.0,0.0,,0.0,0.0,46.8,20.5,46.5,1021.6,41.1,26.8,179.1,15.4,7.0,20.5,13.6,06:23:39,19:02:25,"[7.6, 18.1, 26.1]","[4.9, 9.7, 13.5]","[1.6, 18.1, 26.1]","[0.0, 3.1, 21.8]","[68.4, 81.2, 97.3]","[0.0, 0.0, 0.0]","[10.8, 24.5, 36.0]","[39.6, 55.4, 72.0]","[29.7, 194.6, 313.0]","[4.1, 63.7, 100.0]"
2023-09-16,23.0,10.8,16.7,23.0,10.8,16.7,11.5,73.5,0.066,4.17,['rain'],0.0,0.0,43.2,12.2,152.0,1019.8,22.6,37.0,210.6,18.1,7.0,12.2,8.4,06:25:06,19:00:15,"[8.1, 18.2, 25.3]","[3.6, 9.7, 15.9]","[-1.0, 18.2, 25.3]","[0.0, 2.4, 15.8]","[66.8, 79.7, 93.8]","[0.0, 0.0, 1.0]","[11.5, 22.0, 37.4]","[39.6, 54.7, 75.6]","[15.8, 198.4, 297.4]","[29.1, 66.1, 100.0]"
2023-09-17,22.9,13.8,18.0,22.9,13.8,18.0,13.8,77.8,0.0,0.0,,0.0,0.0,50.4,19.1,181.8,1018.2,49.9,31.2,170.2,15.0,8.0,19.1,12.7,06:26:34,18:58:04,"[7.1, 16.2, 27.4]","[2.7, 8.6, 16.3]","[-1.0, 16.2, 27.2]","[0.0, 5.5, 39.1]","[63.3, 83.4, 96.0]","[0.0, 0.1, 1.6]","[8.3, 21.2, 37.8]","[46.8, 59.8, 79.2]","[17.3, 182.9, 250.9]","[6.1, 68.5, 100.0]"
2023-09-18,23.7,14.1,18.7,23.7,14.1,18.7,13.8,74.3,0.0,0.0,,0.0,0.0,68.4,28.7,170.9,1014.0,55.1,22.9,161.0,14.0,6.0,28.7,19.0,06:28:02,18:55:54,"[8.5, 17.1, 26.1]","[2.7, 8.4, 15.7]","[-0.6, 17.1, 26.1]","[0.0, 1.4, 10.8]","[48.7, 77.3, 88.2]","[0.0, 0.0, 0.6]","[12.6, 24.5, 39.6]","[39.6, 60.1, 82.8]","[35.1, 192.6, 267.8]","[9.1, 58.6, 97.9]"
2023-09-19,21.8,14.0,17.4,21.8,14.0,17.4,14.4,83.4,6.052,45.83,['rain'],0.0,0.0,72.0,21.5,235.1,1012.1,73.1,16.1,78.5,6.8,6.0,21.5,14.3,06:29:29,18:53:44,"[8.5, 15.2, 26.6]","[3.7, 7.5, 12.8]","[-1.0, 15.2, 26.6]","[0.0, 2.6, 10.0]","[60.0, 81.7, 96.6]","[0.0, 0.0, 0.1]","[13.0, 22.0, 34.6]","[39.6, 61.9, 90.0]","[21.8, 182.3, 290.7]","[0.5, 65.4, 99.4]"
2023-09-20,21.9,10.9,16.1,21.9,10.9,16.1,11.5,76.1,0.0,0.0,,0.0,0.0,61.2,16.8,217.6,1015.9,32.0,38.2,199.8,17.3,7.0,16.8,13.5,06:30:57,18:51:33,"[7.1, 15.1, 28.5]","[2.3, 7.5, 12.8]","[-1.4, 15.1, 27.4]","[0.0, 2.3, 19.1]","[53.9, 81.3, 95.5]","[0.0, 0.0, 0.0]","[11.9, 20.2, 29.5]","[39.6, 58.0, 86.4]","[24.2, 187.9, 284.8]","[10.2, 66.8, 100.0]"
2023-09-21,22.3,13.2,18.0,22.3,13.2,18.0,12.2,70.4,0.0,0.0,,0.0,0.0,64.8,33.7,157.5,1008.9,33.2,37.1,185.8,16.1,7.0,33.7,22.2,06:32:25,18:49:23,"[7.3, 15.9, 26.9]","[2.2, 7.5, 13.8]","[-0.1, 15.9, 26.5]","[0.0, 2.1, 18.2]","[53.7, 79.3, 94.5]","[0.0, 0.0, 0.0]","[13.0, 22.3, 36.4]","[39.6, 58.0, 90.0]","[29.1, 191.2, 289.0]","[0.3, 55.8, 100.0]"
2023-09-22,23.5,16.1,18.9,23.5,16.1,18.9,14.2,74.5,1.514,12.5,['rain'],0.0,0.0,86.4,27.7,185.1,1004.9,73.4,27.6,175.6,15.2,8.0,27.7,21.1,06:33:53,18:47:13,"[9.2, 16.2, 27.8]","[2.5, 6.8, 11.3]","[-1.5, 16.2, 26.7]","[0.0, 2.7, 17.8]","[48.9, 78.5, 92.8]","[0.0, 0.0, 0.0]","[10.4, 22.7, 43.2]","[39.6, 60.5, 104.4]","[86.1, 210.5, 264.7]","[0.0, 52.4, 99.3]"
2023-09-23,16.5,12.6,14.1,16.5,12.6,14.1,12.2,88.4,5.709,62.5,['rain'],0.0,0.0,68.4,14.2,335.7,1013.6,96.4,21.0,44.7,4.0,2.0,14.2,9.7,06:35:22,18:45:02,"[9.3, 16.1, 26.1]","[2.6, 7.1, 11.6]","[-0.3, 16.1, 26.1]","[0.0, 2.5, 26.3]","[53.4, 78.9, 96.6]","[0.0, 0.0, 0.0]","[7.9, 22.7, 49.7]","[39.6, 60.5, 94.3]","[40.0, 214.0, 311.8]","[2.7, 60.0, 98.1]"
2023-09-24,13.7,10.4,12.2,13.7,10.4,12.2,8.7,79.5,0.341,25.0,['rain'],0.0,0.0,68.4,24.8,21.7,1023.9,95.0,29.3,68.6,6.0,4.0,24.8,18.5,06:36:50,18:42:52,"[6.1, 15.5, 22.5]","[1.2, 7.4, 13.8]","[-2.5, 15.5, 22.5]","[0.0, 2.7, 21.3]","[66.3, 80.5, 95.7]","[0.0, 0.0, 0.0]","[9.4, 21.6, 42.5]","[39.6, 63.4, 97.2]","[30.3, 174.8, 277.6]","[5.2, 61.3, 100.0]"
2023-09-25,19.1,12.3,15.3,19.1,12.3,15.3,12.5,83.5,0.0,0.0,,0.0,0.0,53.0,21.7,50.1,1025.6,72.6,24.7,141.8,12.2,6.0,21.7,14.4,06:38:19,18:40:42,"[7.1, 15.3, 22.7]","[3.1, 7.7, 11.8]","[-0.5, 15.3, 22.7]","[0.0, 2.0, 25.1]","[69.1, 80.9, 96.7]","[0.0, 0.0, 0.0]","[12.6, 22.3, 43.2]","[39.6, 61.9, 86.4]","[32.1, 164.0, 295.0]","[10.7, 64.7, 100.0]"
2023-09-26,24.0,14.2,17.8,24.0,14.2,17.8,14.1,80.4,0.0,0.0,,0.0,0.0,39.6,13.4,140.7,1024.3,50.1,20.8,179.4,15.5,6.0,13.4,8.5,06:39:47,18:38:32,"[10.1, 15.5, 23.2]","[0.6, 6.9, 9.7]","[-3.5, 15.5, 23.2]","[0.0, 4.6, 31.4]","[67.0, 84.2, 95.6]","[0.0, 0.0, 0.0]","[9.0, 20.5, 46.4]","[39.6, 59.0, 115.2]","[26.2, 171.1, 259.2]","[4.4, 60.1, 99.5]"
2023-09-27,24.8,11.2,17.4,24.8,11.2,17.4,10.3,66.2,0.0,0.0,,0.0,0.0,50.4,12.5,176.8,1023.5,7.5,31.1,181.5,15.6,6.0,12.5,9.0,06:41:16,18:36:22,"[8.3, 15.0, 21.8]","[2.9, 7.4, 11.9]","[-0.7, 15.0, 21.8]","[0.0, 2.2, 17.4]","[63.9, 83.0, 93.5]","[0.0, 0.0, 0.0]","[10.8, 22.0, 45.7]","[43.2, 61.6, 136.8]","[58.9, 190.6, 263.8]","[5.8, 65.1, 100.0]"
2023-09-28,26.0,11.0,17.1,26.0,11.0,17.1,9.7,64.6,0.0,0.0,,0.0,0.0,54.0,24.6,210.6,1021.7,9.3,28.5,178.6,15.4,6.0,24.6,13.1,06:42:45,18:34:13,"[7.1, 15.3, 21.6]","[1.1, 7.1, 11.9]","[-2.5, 15.3, 21.6]","[0.0, 1.4, 12.0]","[67.3, 81.1, 94.8]","[0.0, 0.0, 0.0]","[13.3, 23.0, 42.5]","[43.2, 61.2, 104.4]","[36.6, 178.5, 236.7]","[11.4, 63.1, 100.0]"
2023-09-29,23.4,10.7,16.8,23.4,10.7,16.8,9.3,63.8,0.0,0.0,,0.0,0.0,46.8,19.8,198.7,1021.6,18.6,30.7,171.5,15.0,6.0,19.8,13.1,06:44:15,18:32:04,"[8.6, 14.7, 21.0]","[1.3, 7.2, 13.5]","[-2.2, 14.7, 21.0]","[0.0, 2.7, 13.4]","[62.8, 80.8, 94.6]","[0.0, 0.0, 0.0]","[9.7, 23.4, 41.4]","[39.6, 60.5, 104.4]","[39.3, 188.7, 271.6]","[16.7, 63.8, 99.2]"
2023-09-30,14.5,8.2,13.0,14.5,6.1,12.7,10.3,84.3,4.092,50.0,['rain'],0.0,0.0,54.0,13.9,327.3,1023.0,72.3,20.2,19.7,1.7,1.0,13.9,10.7,06:45:44,18:29:55,"[5.0, 14.2, 22.1]","[0.2, 6.3, 12.7]","[-3.4, 14.2, 22.1]","[0.0, 2.5, 18.8]","[64.9, 80.3, 95.0]","[0.0, 0.0, 0.0]","[12.6, 20.5, 42.5]","[32.4, 59.0, 76.3]","[47.5, 194.5, 338.2]","[9.0, 60.6, 99.5]"
2023-10-01,16.4,6.1,11.0,16.4,4.0,10.2,7.9,82.8,0.0,0.0,,0.0,0.0,54.0,13.5,300.8,1025.9,69.8,27.1,127.0,10.9,6.0,13.5,9.8,06:47:14,18:27:46,"[8.1, 14.9, 21.7]","[0.1, 5.9, 12.6]","[-4.5, 14.9, 21.7]","[0.0, 2.1, 20.5]","[70.0, 81.7, 97.9]","[0.0, 0.0, 0.0]","[11.9, 23.4, 50.4]","[39.6, 64.1, 79.2]","[51.2, 182.5, 321.2]","[3.9, 60.7, 100.0]"
2023-10-02,20.9,11.9,15.3,20.9,11.9,15.3,10.0,72.1,0.019,4.17,['rain'],0.0,0.0,24.8,16.4,248.7,1024.3,68.7,33.9,158.9,13.6,6.0,16.4,10.5,06:48:44,18:25:37,"[7.4, 14.7, 19.2]","[0.7, 6.5, 11.8]","[-3.4, 14.7, 19.2]","[0.0, 3.1, 15.9]","[66.3, 80.9, 93.5]","[0.0, 0.0, 0.2]","[11.5, 24.1, 44.3]","[43.2, 62.6, 90.0]","[53.9, 194.0, 257.0]","[7.1, 63.2, 97.9]"
2023-10-03,22.2,11.8,17.0,22.2,11.8,17.0,11.0,68.8,0.0,0.0,,0.0,0.0,72.0,33.9,196.6,1018.6,46.6,31.5,167.4,14.6,6.0,33.9,22.4,06:50:14,18:23:29,"[8.0, 14.5, 21.0]","[-2.4, 7.1, 15.9]","[-6.3, 14.5, 21.0]","[0.0, 3.3, 19.5]","[63.1, 80.6, 93.1]","[0.0, 0.0, 0.1]","[14.4, 27.0, 57.6]","[46.8, 68.0, 97.2]","[38.5, 192.8, 279.3]","[6.8, 67.6, 99.9]"
2023-10-04,17.5,7.9,12.7,17.5,6.2,12.3,7.9,74.0,2.307,16.67,['rain'],0.0,0.0,55.9,22.3,284.9,1025.7,53.4,34.8,171.3,14.8,6.0,22.3,15.2,06:51:44,18:21:22,"[9.1, 14.7, 21.0]","[-3.3, 7.1, 12.8]","[-7.1, 14.7, 21.0]","[0.0, 3.7, 29.6]","[63.8, 81.6, 94.9]","[0.0, 0.0, 0.0]","[13.3, 24.8, 37.1]","[39.6, 67.7, 93.6]","[53.8, 207.3, 285.1]","[23.3, 65.3, 93.8]"
2023-10-05,17.7,5.9,10.7,17.7,3.3,9.6,6.1,75.2,0.0,0.0,,0.0,0.0,50.4,23.5,246.0,1025.2,59.6,32.3,140.8,12.0,6.0,23.5,14.4,06:53:15,18:19:15,"[4.4, 14.1, 21.4]","[0.3, 6.7, 10.7]","[-4.7, 14.1, 21.4]","[0.0, 4.1, 27.3]","[48.0, 79.7, 96.7]","[0.0, 0.2, 4.8]","[14.4, 28.1, 55.1]","[39.6, 67.0, 97.2]","[64.9, 201.8, 333.3]","[2.5, 62.5, 99.9]"
2023-10-06,16.2,7.5,11.4,16.2,6.0,10.9,7.2,76.4,0.019,4.17,['rain'],0.0,0.0,56.6,19.3,241.7,1025.9,63.5,31.2,137.0,11.8,6.0,19.3,11.3,06:54:46,18:17:08,"[5.6, 14.2, 22.1]","[0.0, 6.3, 10.2]","[-2.8, 14.2, 22.1]","[0.0, 2.0, 14.0]","[61.5, 79.5, 89.9]","[0.0, 0.5, 10.3]","[11.5, 27.0, 46.8]","[39.6, 68.0, 100.8]","[21.2, 191.4, 255.5]","[13.9, 65.7, 94.7]"
2023-10-07,18.8,9.8,13.8,18.8,7.3,13.5,7.9,68.0,0.027,8.33,['rain'],0.0,0.0,61.2,27.9,233.9,1019.5,74.8,37.1,144.3,12.5,6.0,27.9,21.9,06:56:17,18:15:02,"[5.2, 13.5, 21.5]","[-1.9, 5.9, 13.8]","[-5.6, 13.5, 21.5]","[0.0, 4.0, 27.2]","[69.0, 84.4, 94.0]","[0.0, 0.6, 9.8]","[10.4, 23.4, 37.1]","[39.6, 64.1, 97.2]","[56.9, 182.4, 305.5]","[26.6, 67.7, 96.0]"
2023-10-08,15.1,3.7,10.0,15.1,0.8,8.8,5.1,72.2,3.788,29.17,['rain'],0.0,0.0,66.1,24.7,318.5,1021.2,71.7,33.7,83.7,7.1,6.0,24.7,17.9,06:57:48,18:12:56,"[3.6, 12.6, 22.2]","[-1.5, 5.4, 12.6]","[-5.9, 12.6, 22.2]","[0.0, 1.2, 8.1]","[72.9, 83.0, 93.2]","[0.0, 0.7, 9.1]","[8.3, 23.4, 43.6]","[43.2, 65.5, 100.8]","[56.1, 210.2, 264.7]","[40.5, 69.1, 92.0]"
2023-10-09,8.4,3.8,6.1,7.2,1.3,3.6,4.2,88.1,6.111,75.0,['rain'],0.0,0.0,64.8,21.0,289.9,1021.9,97.9,17.8,10.3,1.0,0.0,21.0,12.4,06:59:20,18:10:51,"[5.6, 12.0, 19.1]","[0.3, 4.5, 11.3]","[-4.0, 12.0, 19.1]","[0.0, 2.5, 15.4]","[65.0, 83.1, 95.5]","[0.0, 0.6, 8.3]","[10.4, 20.9, 40.3]","[43.2, 61.9, 97.2]","[60.2, 183.4, 276.3]","[6.1, 59.9, 98.8]"
2023-10-10,14.9,8.1,11.2,14.9,6.8,10.7,9.9,91.7,0.307,33.33,['rain'],0.0,0.0,46.8,15.2,269.0,1020.7,92.3,9.1,76.0,6.5,4.0,15.2,10.1,07:00:52,18:08:46,"[5.7, 12.3, 20.5]","[-1.0, 4.5, 10.4]","[-5.3, 12.3, 20.5]","[0.0, 1.6, 11.8]","[66.3, 82.4, 91.8]","[0.0, 0.4, 7.7]","[9.0, 22.0, 33.1]","[39.6, 59.4, 82.8]","[57.5, 170.8, 255.2]","[0.6, 63.9, 100.0]"
2023-10-11,18.7,12.0,14.9,18.7,12.0,14.9,11.8,82.5,0.061,12.5,['rain'],0.0,0.0,79.2,29.9,207.3,1019.6,68.9,20.4,133.6,11.6,6.0,29.9,19.6,07:02:24,18:06:42,"[4.3, 12.4, 21.5]","[-1.1, 5.0, 9.9]","[-6.8, 12.4, 21.5]","[0.0, 1.5, 8.8]","[59.4, 81.5, 95.0]","[0.0, 0.4, 7.4]","[12.6, 24.1, 37.1]","[39.6, 57.6, 79.2]","[24.7, 157.8, 272.1]","[11.4, 65.9, 100.0]"
2023-10-12,20.8,12.5,15.6,20.8,12.5,15.6,11.9,79.5,0.62,20.83,['rain'],0.0,0.0,57.6,22.3,223.4,1016.7,69.9,20.9,115.1,9.9,6.0,22.3,15.5,07:03:57,18:04:39,"[1.5, 11.4, 20.1]","[-6.6, 3.8, 11.3]","[-17.2, 11.4, 20.1]","[0.0, 3.7, 25.6]","[73.9, 83.9, 96.1]","[0.0, 0.5, 7.1]","[11.5, 25.6, 50.4]","[43.2, 61.9, 82.8]","[28.5, 174.5, 272.9]","[0.8, 61.7, 100.0]"
2023-10-13,19.2,13.1,15.9,19.2,13.1,15.9,12.7,81.9,4.12,29.17,['rain'],0.0,0.0,61.2,20.2,207.0,1016.5,76.0,21.6,103.4,9.1,4.0,20.2,14.5,07:05:30,18:02:37,"[3.4, 11.0, 19.8]","[-2.7, 4.1, 10.9]","[-8.3, 11.0, 19.8]","[0.0, 3.2, 37.1]","[66.9, 84.2, 96.7]","[0.0, 1.0, 7.2]","[10.4, 21.2, 36.7]","[28.8, 59.0, 90.0]","[57.5, 204.9, 346.6]","[1.8, 65.8, 100.0]"
2023-10-14,19.7,10.9,15.5,19.7,10.9,15.5,11.4,77.8,5.483,20.83,['rain'],0.0,0.0,77.7,27.5,214.5,1010.3,77.1,20.4,95.3,8.2,4.0,27.5,20.1,07:07:03,18:00:35,"[1.2, 10.5, 20.0]","[-1.0, 4.2, 11.1]","[-6.8, 10.5, 20.0]","[0.0, 2.9, 29.5]","[65.0, 85.4, 96.9]","[0.0, 1.6, 18.4]","[10.8, 22.3, 34.9]","[43.2, 60.8, 93.6]","[40.4, 186.6, 322.8]","[0.0, 71.2, 100.0]"
2023-10-15,10.1,4.5,7.8,10.1,1.9,5.8,3.6,75.8,1.559,33.33,['rain'],0.0,0.0,52.1,16.7,308.0,1015.9,63.2,29.8,98.3,8.5,4.0,16.7,11.9,07:08:37,17:58:34,"[0.5, 11.7, 21.2]","[-1.3, 5.4, 10.4]","[-6.3, 11.7, 21.2]","[0.0, 2.3, 30.2]","[55.6, 83.2, 98.1]","[0.0, 2.0, 29.6]","[12.6, 25.2, 39.2]","[39.6, 65.2, 104.4]","[58.9, 208.4, 340.9]","[2.6, 75.4, 100.0]"
2023-10-16,7.6,1.6,4.2,4.8,-1.8,1.1,0.6,78.5,0.016,4.17,['rain'],0.0,0.0,46.8,18.7,260.4,1022.1,56.3,29.5,91.6,7.9,6.0,18.7,13.4,07:10:10,17:56:34,"[3.2, 11.2, 19.3]","[-2.7, 5.0, 10.7]","[-8.0, 11.2, 19.3]","[0.0, 3.8, 18.7]","[56.8, 85.4, 97.1]","[0.0, 2.1, 31.2]","[14.4, 27.7, 75.6]","[39.6, 60.8, 82.8]","[34.6, 170.1, 298.1]","[0.0, 71.8, 100.0]"
2023-10-17,9.0,0.0,3.6,8.5,-2.3,2.5,0.0,78.8,0.008,4.17,"['rain', 'snow']",0.0,0.0,14.4,7.8,37.3,1022.7,63.8,30.3,95.3,8.1,5.0,7.8,5.6,07:11:45,17:54:34,"[4.1, 10.9, 19.7]","[-2.2, 3.9, 9.8]","[-6.3, 10.9, 19.7]","[0.0, 1.5, 11.5]","[63.4, 82.0, 96.2]","[0.0, 2.2, 31.5]","[16.6, 23.0, 34.2]","[39.6, 60.5, 90.0]","[44.2, 189.0, 249.6]","[4.2, 61.1, 100.0]"
2023-10-18,11.1,-1.1,4.1,11.1,-3.9,2.1,-0.1,76.1,0.0,0.0,,0.0,0.0,54.0,17.9,188.5,1017.7,39.6,27.7,136.1,11.8,5.0,17.9,10.7,07:13:19,17:52:36,"[3.4, 10.7, 19.3]","[-3.5, 3.9, 9.6]","[-6.4, 10.7, 19.3]","[0.0, 2.4, 13.8]","[59.3, 82.3, 94.5]","[0.0, 2.1, 31.1]","[8.3, 25.9, 43.2]","[39.6, 65.2, 93.6]","[20.5, 207.5, 265.8]","[2.2, 65.4, 100.0]"
2023-10-19,11.2,2.5,7.4,11.2,-1.9,5.3,5.3,86.4,0.939,25.0,['rain'],0.0,0.0,82.8,22.1,173.0,1003.7,92.5,13.7,37.0,3.2,1.0,22.1,16.7,07:14:54,17:50:39,"[4.0, 10.8, 18.2]","[-1.8, 3.6, 9.2]","[-7.7, 10.8, 18.2]","[0.0, 0.3, 6.0]","[51.0, 81.4, 94.6]","[0.0, 2.2, 30.3]","[16.6, 25.9, 42.5]","[39.6, 65.9, 108.0]","[51.1, 197.8, 300.3]","[13.7, 62.8, 99.6]"
2023-10-20,20.9,10.0,15.4,20.9,10.0,15.4,11.4,78.8,0.122,12.5,['rain'],0.0,0.0,68.4,33.1,180.9,991.2,93.9,15.5,54.6,4.9,3.0,33.1,22.5,07:16:29,17:48:42,"[2.8, 10.7, 19.1]","[-1.6, 3.5, 10.3]","[-6.3, 10.7, 19.1]","[0.0, 1.9, 24.3]","[64.2, 81.7, 95.2]","[0.0, 2.3, 29.8]","[15.1, 26.3, 44.6]","[43.2, 67.0, 100.8]","[117.5, 197.0, 245.4]","[12.4, 67.0, 100.0]"
2023-10-21,20.6,14.3,17.6,20.6,14.3,17.6,12.1,71.1,0.057,4.17,['rain'],0.0,0.0,75.6,32.8,192.4,999.0,82.4,30.6,88.0,7.6,6.0,32.8,18.6,07:18:04,17:46:47,"[3.2, 10.9, 21.1]","[-2.7, 4.1, 9.3]","[-7.2, 10.9, 21.1]","[0.0, 1.1, 5.2]","[67.6, 84.5, 95.9]","[0.0, 2.1, 27.9]","[15.5, 27.7, 40.7]","[32.4, 65.5, 104.4]","[67.1, 206.0, 274.4]","[5.9, 69.9, 99.6]"
2023-10-22,13.9,7.8,12.3,13.9,5.7,11.9,10.6,89.9,14.21,62.5,['rain'],0.0,0.0,50.4,23.3,246.1,1008.2,79.4,22.5,31.7,2.8,3.0,23.3,13.9,07:19:40,17:44:52,"[2.2, 11.4, 19.5]","[-3.2, 4.8, 9.9]","[-7.8, 11.4, 19.5]","[0.0, 3.0, 38.8]","[59.5, 85.0, 93.9]","[0.0, 1.8, 21.7]","[10.8, 24.5, 40.7]","[43.2, 61.9, 90.0]","[29.9, 191.7, 250.6]","[12.7, 63.3, 100.0]"
2023-10-23,15.1,6.0,9.4,15.1,3.4,8.2,6.5,83.6,0.0,0.0,,0.0,0.0,54.0,15.7,242.0,1016.6,69.1,29.9,103.5,8.9,4.0,15.7,9.3,07:21:16,17:42:59,"[0.4, 10.4, 18.0]","[-3.0, 4.6, 9.6]","[-8.7, 10.4, 18.0]","[0.0, 1.4, 7.6]","[74.3, 87.1, 95.8]","[0.0, 1.1, 13.6]","[17.6, 27.7, 43.2]","[43.2, 68.4, 97.2]","[19.5, 179.6, 258.3]","[37.2, 77.6, 100.0]"
2023-10-24,14.8,6.9,10.7,14.8,4.3,9.6,8.8,88.7,2.398,20.83,['rain'],0.0,0.0,72.0,20.5,153.5,1008.7,87.8,20.3,69.8,6.1,4.0,20.5,13.8,07:22:52,17:41:06,"[-1.0, 10.4, 22.9]","[-6.7, 4.6, 10.2]","[-11.7, 10.4, 22.9]","[0.0, 1.0, 8.7]","[65.4, 84.6, 98.0]","[0.0, 0.4, 3.6]","[14.4, 25.9, 41.4]","[43.2, 65.9, 93.6]","[24.9, 174.8, 305.2]","[23.0, 73.5, 100.0]"
2023-10-25,14.0,7.8,11.6,14.0,5.2,11.2,9.2,85.9,5.463,50.0,['rain'],0.0,0.0,57.6,18.3,239.9,1001.6,68.2,21.0,50.4,4.4,2.0,18.3,13.2,07:24:28,17:39:15,"[1.1, 10.7, 17.2]","[-8.1, 4.2, 9.9]","[-14.5, 10.7, 17.2]","[0.0, 1.0, 13.5]","[61.1, 84.6, 97.4]","[0.0, 0.4, 3.5]","[12.6, 28.8, 42.8]","[46.8, 65.9, 129.6]","[63.3, 202.1, 253.1]","[15.0, 70.8, 100.0]"
2023-10-26,12.9,7.9,10.5,12.9,5.2,9.8,7.8,83.7,1.349,37.5,['rain'],0.0,0.0,64.8,22.8,216.9,998.3,85.5,29.5,50.8,4.5,3.0,22.8,15.9,07:26:05,17:37:26,"[2.7, 11.4, 18.0]","[-1.7, 4.4, 9.1]","[-8.0, 11.4, 18.0]","[0.0, 0.6, 4.1]","[73.5, 83.5, 92.5]","[0.0, 0.6, 5.9]","[14.0, 28.1, 57.6]","[43.2, 70.6, 118.8]","[18.6, 198.1, 248.6]","[18.7, 65.2, 94.8]"
2023-10-27,9.5,8.5,9.0,8.6,5.5,7.0,8.0,93.9,23.055,58.33,['rain'],0.0,0.0,55.8,19.9,291.1,994.6,94.3,14.0,12.0,1.0,1.0,19.9,12.9,07:27:42,17:35:37,"[2.9, 11.2, 19.0]","[-4.6, 4.4, 9.9]","[-9.0, 11.2, 19.0]","[0.0, 2.8, 30.6]","[72.0, 84.3, 95.8]","[0.0, 0.7, 5.2]","[15.1, 27.0, 45.0]","[39.6, 65.9, 90.0]","[137.9, 214.5, 269.0]","[12.6, 65.5, 100.0]"
2023-10-28,11.1,6.6,9.0,11.1,3.6,7.1,6.4,84.0,0.114,16.67,['rain'],0.0,0.0,57.6,25.1,222.8,1004.4,78.1,28.2,61.3,5.3,5.0,25.1,17.2,07:29:19,17:33:50,"[-1.1, 10.2, 18.8]","[-5.8, 3.4, 9.3]","[-10.4, 10.2, 18.8]","[0.0, 1.5, 15.7]","[61.6, 81.0, 98.8]","[0.0, 0.7, 4.4]","[13.0, 28.8, 61.2]","[46.8, 64.8, 86.4]","[29.4, 184.8, 261.5]","[2.3, 65.9, 99.9]"
2023-10-29,14.3,7.2,10.8,14.3,4.8,9.9,7.6,81.5,0.0,0.0,,0.0,0.0,72.0,26.2,185.6,1008.5,77.2,26.7,71.4,6.4,4.0,26.2,18.3,06:30:56,16:32:04,"[-1.7, 10.4, 17.6]","[-3.1, 3.5, 11.5]","[-10.4, 10.4, 17.6]","[0.0, 1.9, 11.9]","[48.2, 80.8, 94.5]","[0.0, 0.8, 6.9]","[13.0, 30.2, 57.6]","[46.8, 69.8, 108.0]","[73.5, 199.0, 289.3]","[3.4, 71.0, 98.3]"
2023-10-30,16.1,8.9,12.5,16.1,6.8,11.9,9.7,83.8,0.0,0.0,,0.0,0.0,65.1,30.8,183.3,1008.0,90.5,22.8,66.7,5.9,4.0,30.8,18.7,06:32:34,16:30:19,"[1.0, 9.3, 18.1]","[-3.7, 3.1, 11.9]","[-10.0, 9.3, 18.1]","[0.0, 0.8, 6.7]","[48.1, 79.0, 93.6]","[0.0, 0.7, 5.3]","[18.7, 30.2, 59.0]","[47.9, 74.9, 140.4]","[31.8, 202.1, 310.1]","[0.0, 62.5, 100.0]"
2023-10-31,16.2,7.8,12.1,16.2,5.1,11.3,8.1,77.8,8.291,66.67,['rain'],0.0,0.0,75.6,41.8,203.5,1002.7,96.2,22.9,15.0,1.3,1.0,41.8,24.6,06:34:12,16:28:36,"[3.9, 10.1, 15.4]","[-2.4, 2.5, 10.7]","[-7.6, 10.1, 15.4]","[0.0, 2.3, 30.1]","[56.5, 76.6, 88.4]","[0.0, 0.5, 3.7]","[11.9, 27.0, 56.5]","[43.2, 77.0, 129.6]","[112.6, 192.1, 273.3]","[0.0, 51.0, 82.6]"
2023-11-01,11.8,6.5,8.5,11.8,3.4,6.3,6.0,84.9,0.429,16.67,['rain'],0.0,0.0,61.2,18.5,208.7,1011.1,58.4,27.0,83.8,7.3,4.0,18.5,15.9,06:35:49,16:26:54,"[2.2, 10.7, 16.7]","[-3.8, 3.8, 9.9]","[-8.7, 10.7, 16.7]","[0.0, 0.2, 2.5]","[51.6, 76.1, 95.4]","[0.0, 0.2, 2.0]","[14.0, 32.4, 61.2]","[39.6, 74.9, 126.0]","[70.2, 201.0, 250.3]","[4.6, 64.1, 99.6]"
2023-11-02,14.1,6.2,11.1,14.1,2.9,10.0,6.2,72.8,0.241,12.5,['rain'],0.0,0.0,77.0,42.2,167.8,999.4,86.3,31.5,63.4,5.6,5.0,42.2,30.7,06:37:27,16:25:14,"[-0.5, 9.9, 17.5]","[-6.6, 3.9, 9.1]","[-12.6, 9.9, 17.5]","[0.0, 2.5, 19.0]","[36.9, 83.6, 97.9]","[0.0, 0.3, 4.4]","[15.1, 26.6, 43.2]","[54.0, 71.3, 108.0]","[126.1, 215.7, 303.4]","[1.2, 71.7, 100.0]"
2023-11-03,12.4,4.9,9.6,12.4,0.3,8.0,7.6,87.4,21.087,95.83,['rain'],0.0,0.0,90.0,36.5,183.3,988.3,99.7,13.6,8.6,0.9,0.0,36.5,24.2,06:39:05,16:23:36,"[-1.3, 9.7, 15.0]","[-7.8, 3.4, 11.5]","[-13.9, 9.7, 15.0]","[0.0, 1.1, 6.0]","[32.9, 83.0, 96.2]","[0.0, 0.7, 11.0]","[13.0, 28.4, 43.2]","[54.0, 76.3, 100.8]","[62.9, 200.7, 283.1]","[0.5, 68.7, 96.3]"
2023-11-04,7.9,3.5,5.7,5.3,-1.1,2.4,3.2,84.1,0.159,12.5,['rain'],0.0,0.0,71.4,28.3,190.2,996.2,68.5,25.2,46.8,4.2,2.0,28.3,17.2,06:40:43,16:21:59,"[0.4, 10.3, 15.8]","[-6.2, 3.6, 9.7]","[-12.1, 10.3, 15.8]","[0.0, 2.1, 14.5]","[48.2, 81.0, 94.5]","[0.0, 0.7, 12.1]","[20.9, 35.3, 56.9]","[64.8, 85.0, 118.8]","[63.6, 195.0, 309.7]","[37.3, 72.9, 99.6]"
2023-11-05,10.5,6.8,8.2,10.5,2.4,4.9,5.6,84.2,4.595,45.83,['rain'],0.0,0.0,67.8,33.1,196.3,989.9,89.3,24.3,32.8,2.8,2.0,33.1,22.7,06:42:21,16:20:24,"[0.2, 9.4, 19.5]","[-3.5, 3.5, 11.2]","[-9.4, 9.4, 19.5]","[0.0, 2.8, 24.2]","[43.3, 80.3, 94.3]","[0.0, 0.8, 12.0]","[15.1, 29.5, 56.2]","[57.6, 79.6, 104.4]","[27.6, 187.9, 260.2]","[23.4, 72.2, 99.6]"
2023-11-06,10.9,4.9,8.3,10.9,2.7,6.0,4.2,75.6,0.342,33.33,['rain'],0.0,0.0,56.5,27.3,227.6,1006.9,54.9,32.4,81.5,7.1,4.0,27.3,19.7,06:43:59,16:18:50,"[0.8, 8.8, 16.8]","[-4.5, 2.4, 8.3]","[-11.4, 8.8, 16.8]","[0.0, 2.1, 22.0]","[55.4, 83.0, 96.7]","[0.0, 0.8, 10.5]","[11.5, 27.0, 50.4]","[39.6, 68.0, 97.2]","[53.5, 188.8, 260.7]","[3.2, 65.6, 100.0]"
2023-11-07,11.6,4.9,7.5,11.6,2.8,5.7,4.2,80.8,0.101,12.5,['rain'],0.0,0.0,54.0,16.2,213.5,1015.5,56.6,39.0,91.0,8.0,4.0,16.2,11.8,06:45:37,16:17:18,"[2.1, 8.6, 15.3]","[-5.8, 3.1, 8.1]","[-16.1, 8.6, 15.3]","[0.0, 0.8, 6.0]","[64.8, 85.3, 96.8]","[0.0, 1.0, 8.6]","[18.7, 27.0, 50.4]","[46.8, 67.3, 93.6]","[57.2, 187.5, 242.8]","[12.9, 75.5, 100.0]"
2023-11-08,7.8,4.1,6.1,4.7,1.2,3.2,3.4,82.8,0.101,20.83,['rain'],0.0,0.0,50.4,22.8,243.0,1017.2,81.8,26.4,51.1,4.3,2.0,22.8,15.0,06:47:15,16:15:49,"[1.4, 9.1, 15.0]","[-3.5, 2.9, 7.6]","[-7.7, 9.1, 15.0]","[0.0, 2.2, 25.1]","[69.7, 85.1, 95.1]","[0.0, 1.0, 9.8]","[13.0, 24.5, 34.9]","[43.2, 71.3, 100.8]","[35.5, 189.7, 266.3]","[10.0, 68.9, 100.0]"
2023-11-09,9.3,1.6,5.8,5.6,-2.0,2.3,2.3,79.3,0.0,0.0,,0.0,0.0,69.2,33.0,186.5,1014.2,64.4,33.8,71.9,6.2,3.0,33.0,20.2,06:48:53,16:14:20,"[0.4, 8.1, 12.1]","[-4.1, 2.5, 7.5]","[-8.7, 8.1, 12.1]","[0.0, 1.5, 7.9]","[70.6, 87.6, 96.4]","[0.0, 1.1, 11.6]","[15.1, 27.0, 52.9]","[54.0, 68.8, 93.6]","[70.3, 184.5, 251.5]","[10.9, 69.3, 99.9]"
2023-11-10,8.6,5.7,6.8,6.1,2.8,3.8,4.8,87.4,5.201,54.17,['rain'],0.0,0.0,72.0,27.8,189.1,1006.5,98.1,13.6,19.1,1.5,1.0,27.8,17.0,06:50:30,16:12:54,"[0.5, 7.0, 13.9]","[-3.7, 1.5, 10.2]","[-8.5, 7.0, 13.9]","[0.0, 1.8, 13.1]","[72.2, 85.0, 96.2]","[0.0, 1.4, 13.1]","[16.2, 28.8, 44.3]","[39.6, 69.8, 122.4]","[43.6, 190.5, 293.5]","[34.5, 73.3, 99.7]"
2023-11-11,6.4,3.3,5.2,4.5,-0.2,2.9,4.0,92.2,4.503,58.33,['rain'],0.0,0.0,43.2,16.8,261.5,1003.3,96.0,11.6,37.1,3.2,2.0,16.8,10.5,06:52:07,16:11:30,"[0.3, 6.8, 15.2]","[-3.7, 2.0, 10.5]","[-9.5, 6.8, 15.2]","[0.0, 2.0, 29.0]","[57.3, 83.7, 95.1]","[0.0, 2.0, 14.0]","[16.2, 30.2, 51.5]","[46.8, 79.6, 133.2]","[58.3, 198.4, 330.8]","[12.9, 65.9, 100.0]"
2023-11-12,5.4,0.9,3.0,2.5,-1.9,-0.2,1.2,88.3,5.02,50.0,['rain'],0.0,0.8,39.6,17.0,245.2,1009.8,75.5,20.9,54.0,4.5,4.0,17.0,12.5,06:53:44,16:10:08,"[-0.6, 7.1, 14.5]","[-4.1, 1.6, 7.7]","[-9.8, 7.1, 14.5]","[0.0, 1.9, 11.8]","[65.9, 84.8, 94.8]","[0.0, 2.3, 14.7]","[12.6, 25.9, 49.7]","[54.0, 74.9, 115.2]","[15.2, 185.5, 250.8]","[0.0, 68.8, 100.0]"
2023-11-13,5.9,-0.4,2.8,3.0,-4.3,-0.3,1.2,89.6,0.853,29.17,['rain'],0.0,0.4,62.5,21.7,208.1,1012.5,85.2,17.6,41.2,3.6,2.0,21.7,12.3,06:55:21,16:08:48,"[-1.6, 6.8, 14.5]","[-6.5, 1.4, 8.1]","[-11.9, 6.8, 14.5]","[0.0, 2.0, 14.0]","[74.7, 86.6, 98.5]","[0.0, 2.5, 15.8]","[11.9, 26.6, 54.0]","[39.6, 65.9, 90.0]","[27.1, 187.5, 288.0]","[6.1, 73.2, 100.0]"
2023-11-14,10.4,6.6,8.3,10.4,2.4,5.3,5.3,81.4,1.623,20.83,['rain'],0.0,0.1,64.8,30.0,228.1,1007.0,88.0,22.4,46.2,4.0,3.0,30.0,21.0,06:56:57,16:07:30,"[-0.7, 6.7, 14.4]","[-5.1, 1.1, 6.4]","[-8.6, 6.7, 14.4]","[0.0, 0.5, 3.8]","[67.7, 85.2, 92.9]","[0.0, 2.4, 18.1]","[15.1, 24.5, 35.6]","[43.2, 61.2, 86.4]","[39.3, 179.0, 252.6]","[14.0, 66.8, 100.0]"
2023-11-15,8.0,5.3,6.9,4.9,3.0,3.8,5.1,88.6,5.557,91.67,['rain'],0.0,0.0,56.6,27.8,253.0,1009.6,93.1,18.9,16.9,1.4,1.0,27.8,18.3,06:58:33,16:06:14,"[-1.8, 7.0, 17.1]","[-5.0, 1.6, 10.3]","[-11.9, 7.0, 17.1]","[0.0, 1.1, 14.4]","[63.2, 86.2, 92.3]","[0.0, 2.3, 24.4]","[11.5, 29.2, 52.2]","[39.6, 72.4, 97.2]","[13.1, 178.9, 249.6]","[5.4, 71.2, 100.0]"
2023-11-16,7.4,4.4,5.5,4.4,1.5,2.7,4.0,90.6,1.008,50.0,['rain'],0.0,0.0,61.2,17.8,251.9,1015.3,90.0,18.6,46.7,4.0,2.0,17.8,13.2,07:00:09,16:05:00,"[-3.5, 6.9, 17.3]","[-5.1, 2.4, 14.1]","[-12.2, 6.9, 17.3]","[0.0, 1.0, 7.0]","[55.0, 87.2, 94.6]","[0.0, 2.5, 31.2]","[12.6, 28.8, 62.6]","[39.6, 68.8, 97.2]","[54.5, 189.1, 275.6]","[3.8, 81.0, 99.6]"
2023-11-17,5.2,1.4,3.3,2.6,-2.8,-0.4,1.3,86.9,4.414,79.17,"['rain', 'snow']",0.0,0.5,61.2,22.7,344.9,1012.5,94.4,19.0,20.4,1.7,1.0,22.7,15.3,07:01:43,16:03:49,"[-2.0, 6.8, 16.0]","[-7.8, 1.7, 7.2]","[-12.7, 6.8, 16.0]","[0.0, 1.1, 6.2]","[67.5, 86.5, 95.1]","[0.0, 2.4, 30.7]","[15.5, 26.6, 55.8]","[39.6, 65.5, 90.0]","[54.4, 195.6, 273.6]","[5.8, 76.8, 100.0]"
2023-11-18,2.3,-0.9,1.3,-1.1,-3.6,-2.1,-0.7,86.5,6.375,70.83,"['rain', 'snow']",0.1,1.3,54.4,17.9,331.0,1022.8,91.4,20.0,19.9,1.6,1.0,17.9,12.1,07:03:18,16:02:40,"[-1.9, 5.9, 12.9]","[-8.7, 1.4, 6.7]","[-14.1, 5.9, 12.9]","[0.0, 1.3, 7.7]","[75.8, 86.7, 97.3]","[0.0, 2.2, 29.2]","[20.2, 30.2, 45.7]","[46.8, 72.4, 100.8]","[45.6, 186.9, 255.0]","[37.9, 81.3, 99.9]"
2023-11-19,3.8,-1.4,1.1,-0.8,-5.5,-3.3,-0.1,91.7,0.567,41.67,"['rain', 'snow']",0.3,1.6,64.8,26.4,207.2,1016.6,97.2,13.4,12.9,1.1,1.0,26.4,18.2,07:04:51,16:01:33,"[-2.9, 6.3, 12.5]","[-6.0, 1.7, 6.1]","[-10.5, 6.3, 12.5]","[0.0, 2.2, 13.6]","[63.6, 84.7, 94.9]","[0.0, 2.5, 27.0]","[16.9, 31.0, 50.8]","[43.2, 71.3, 108.0]","[58.1, 204.2, 296.5]","[58.3, 84.2, 99.2]"
2023-11-20,7.6,3.9,5.9,4.4,-0.5,2.3,4.7,92.1,5.137,91.67,['rain'],0.0,1.3,61.2,22.8,233.3,1010.5,96.0,12.1,14.9,1.3,1.0,22.8,19.0,07:06:24,16:00:29,"[-1.8, 5.9, 12.2]","[-5.3, 0.8, 6.2]","[-11.9, 5.9, 12.2]","[0.0, 2.0, 10.3]","[67.3, 87.5, 98.0]","[0.0, 3.0, 23.5]","[10.4, 26.3, 41.8]","[43.2, 65.9, 104.4]","[76.2, 211.4, 260.7]","[15.6, 81.7, 100.0]"
2023-11-21,6.4,1.8,4.9,4.5,-3.0,2.2,3.8,92.4,1.659,41.67,['rain'],0.0,0.8,50.4,20.3,275.7,1012.3,87.6,14.9,37.5,3.3,3.0,20.3,12.5,07:07:56,15:59:27,"[-1.7, 5.3, 14.6]","[-4.9, 1.0, 9.6]","[-12.0, 5.3, 14.6]","[0.0, 2.0, 9.2]","[73.8, 88.7, 96.2]","[0.0, 4.0, 21.8]","[13.0, 26.6, 45.7]","[43.2, 65.2, 115.2]","[46.0, 188.2, 258.5]","[22.6, 78.5, 100.0]"
2023-11-22,0.9,-3.1,-1.8,-4.4,-8.5,-6.9,-3.6,87.6,0.283,16.67,"['rain', 'snow']",0.0,0.6,46.8,22.5,18.4,1025.3,98.4,13.0,18.0,1.6,1.0,22.5,17.5,07:09:27,15:58:28,"[-2.2, 5.3, 14.4]","[-6.1, 1.1, 7.4]","[-12.0, 5.3, 14.4]","[0.0, 1.2, 7.4]","[52.7, 86.4, 97.8]","[0.0, 3.9, 22.1]","[14.0, 27.0, 43.2]","[39.6, 70.2, 115.2]","[66.8, 186.5, 257.9]","[14.0, 78.9, 100.0]"
2023-11-23,4.5,-2.5,1.2,-0.8,-8.2,-4.5,-1.6,81.8,0.081,8.33,['rain'],0.0,0.7,67.3,34.5,222.4,1019.1,97.8,16.5,24.3,2.0,1.0,34.5,26.6,07:10:57,15:57:31,"[-3.5, 5.1, 10.9]","[-6.9, 0.7, 4.7]","[-13.7, 5.1, 10.9]","[0.0, 1.2, 11.3]","[73.2, 86.7, 97.6]","[0.0, 3.8, 21.0]","[16.9, 27.7, 38.5]","[39.6, 63.0, 100.8]","[42.7, 197.5, 270.2]","[22.5, 75.4, 99.1]"
2023-11-24,4.7,-0.1,2.3,0.1,-5.6,-2.6,0.0,84.6,6.721,75.0,"['rain', 'snow']",0.0,1.0,64.0,33.2,252.2,1000.7,88.2,21.6,25.9,2.4,2.0,33.2,22.2,07:12:26,15:56:37,"[-3.7, 4.7, 11.4]","[-6.8, 0.5, 6.3]","[-13.1, 4.7, 11.4]","[0.0, 1.0, 9.4]","[77.7, 87.0, 95.2]","[0.0, 3.9, 19.8]","[15.1, 27.4, 34.9]","[43.2, 70.6, 108.0]","[145.1, 213.5, 324.8]","[25.6, 74.9, 100.0]"
2023-11-25,0.1,-2.4,-1.2,-4.3,-6.5,-5.3,-3.4,84.8,3.333,95.83,"['rain', 'snow']",2.6,2.5,58.5,21.1,281.8,1001.9,90.6,16.8,38.7,3.4,3.0,21.1,13.4,07:13:54,15:55:45,"[-1.8, 4.8, 14.2]","[-6.0, 0.0, 6.4]","[-13.2, 4.8, 14.2]","[0.0, 0.9, 9.5]","[69.7, 86.6, 99.3]","[0.0, 4.3, 20.1]","[18.0, 31.0, 42.1]","[39.6, 74.2, 115.2]","[53.2, 212.0, 346.0]","[27.3, 78.8, 100.0]"
2023-11-26,-2.1,-4.3,-3.0,-4.5,-9.5,-7.3,-5.3,84.2,2.182,62.5,['snow'],1.5,2.8,50.4,17.3,304.5,1010.8,86.2,15.9,30.0,2.7,2.0,17.3,11.9,07:15:21,15:54:56,"[-1.5, 4.5, 13.5]","[-5.2, 0.1, 6.6]","[-11.7, 4.5, 13.5]","[0.0, 2.1, 24.3]","[60.1, 86.3, 97.5]","[0.0, 5.0, 22.5]","[14.8, 29.2, 39.6]","[46.8, 65.9, 108.0]","[36.5, 200.0, 253.4]","[38.5, 82.2, 100.0]"
2023-11-27,0.0,-3.9,-1.6,-3.5,-9.1,-5.6,-3.1,89.2,0.353,25.0,"['rain', 'snow']",0.6,2.7,50.4,16.0,220.1,1008.3,98.9,12.6,18.8,1.7,1.0,16.0,11.9,07:16:47,15:54:10,"[-2.9, 3.8, 15.1]","[-6.6, -0.1, 9.5]","[-11.8, 3.8, 15.1]","[0.0, 1.1, 8.5]","[74.1, 87.8, 97.9]","[0.0, 5.3, 18.9]","[8.3, 25.9, 38.5]","[43.2, 68.0, 111.6]","[28.1, 188.6, 279.5]","[47.5, 84.4, 99.6]"
2023-11-28,-0.2,-3.9,-1.5,-0.4,-10.3,-5.6,-2.5,92.7,5.098,87.5,"['rain', 'snow']",4.9,5.2,54.0,23.0,15.8,996.5,99.9,4.5,10.8,0.9,1.0,23.0,13.6,07:18:11,15:53:27,"[-1.7, 3.4, 12.1]","[-6.7, -1.1, 7.2]","[-14.2, 3.4, 12.1]","[0.0, 1.0, 8.0]","[69.4, 86.5, 98.4]","[0.0, 5.5, 19.7]","[14.4, 25.9, 41.0]","[43.2, 69.8, 100.8]","[40.6, 198.4, 305.7]","[25.8, 72.6, 99.5]"
2023-11-29,-2.9,-7.5,-4.6,-7.6,-11.2,-9.5,-7.1,82.7,0.195,25.0,['snow'],0.3,5.5,55.8,22.1,209.6,1008.9,65.6,16.5,56.3,4.8,3.0,22.1,13.4,07:19:34,15:52:46,"[-1.7, 2.8, 9.6]","[-9.1, -1.5, 4.6]","[-13.5, 2.8, 9.6]","[0.0, 1.4, 9.3]","[62.6, 86.0, 99.7]","[0.0, 6.1, 19.2]","[15.1, 28.4, 47.5]","[46.8, 75.6, 115.2]","[73.7, 202.6, 283.8]","[6.6, 77.7, 100.0]"
2023-11-30,-0.6,-2.6,-1.8,-3.7,-8.8,-6.3,-4.4,82.5,0.278,25.0,"['rain', 'snow']",0.1,4.8,68.4,23.5,196.2,1006.1,85.8,16.5,36.2,3.1,2.0,23.5,14.5,07:20:55,15:52:08,"[-7.1, 2.4, 12.3]","[-9.2, -1.3, 7.7]","[-16.0, 2.4, 12.3]","[0.0, 2.1, 22.0]","[63.7, 85.4, 98.5]","[0.0, 6.9, 22.7]","[16.2, 30.2, 59.0]","[46.8, 73.1, 136.8]","[70.8, 192.5, 289.1]","[51.1, 83.6, 100.0]"
2023-12-01,-0.4,-2.1,-1.4,-1.0,-7.4,-4.3,-2.2,94.6,3.134,79.17,"['rain', 'snow']",2.1,5.4,41.8,22.6,34.5,1004.1,98.8,4.4,13.3,1.0,1.0,22.6,9.8,07:22:15,15:51:34,"[-7.3, 3.3, 11.9]","[-9.1, -2.0, 5.3]","[-18.8, 3.3, 11.9]","[0.0, 1.5, 13.9]","[67.9, 84.8, 93.1]","[0.0, 7.1, 22.8]","[15.1, 30.2, 48.6]","[46.8, 69.5, 118.8]","[60.1, 187.0, 278.8]","[20.0, 76.8, 100.0]"
2023-12-02,-1.5,-4.8,-3.3,-7.3,-11.7,-9.8,-4.5,91.2,10.045,100.0,"['rain', 'snow']",11.4,13.0,60.2,29.1,18.4,1004.4,99.4,3.6,8.0,0.7,0.0,29.1,23.0,07:23:33,15:51:02,"[-4.2, 2.8, 10.6]","[-9.6, -2.1, 2.8]","[-15.3, 2.8, 10.6]","[0.0, 1.0, 5.5]","[72.3, 85.1, 98.0]","[0.0, 7.1, 24.3]","[14.0, 28.8, 49.0]","[50.4, 67.7, 115.2]","[51.9, 192.9, 301.2]","[22.7, 78.1, 98.8]"
2023-12-03,-4.3,-5.9,-5.1,-9.7,-11.9,-10.7,-7.4,84.4,2.682,62.5,['snow'],2.5,22.1,57.2,18.8,257.9,1021.5,88.8,11.4,24.4,2.2,2.0,18.8,14.9,07:24:50,15:50:33,"[-5.5, 2.2, 9.6]","[-11.1, -2.5, 2.7]","[-18.4, 2.2, 9.6]","[0.0, 1.2, 7.9]","[74.4, 88.5, 98.4]","[0.0, 7.3, 28.0]","[15.5, 25.6, 49.7]","[39.6, 65.9, 133.2]","[54.4, 189.7, 272.9]","[32.3, 79.6, 100.0]"
2023-12-04,-3.8,-8.0,-5.4,-8.8,-13.3,-10.9,-7.5,85.2,0.085,16.67,['snow'],0.0,22.2,82.8,22.0,179.9,1022.9,79.5,12.5,62.0,5.3,3.0,22.0,15.0,07:26:05,15:50:07,"[-7.0, 2.6, 8.4]","[-14.0, -2.2, 2.3]","[-20.9, 2.6, 8.4]","[0.0, 1.0, 8.9]","[59.3, 85.0, 97.6]","[0.0, 7.2, 28.7]","[14.4, 27.4, 39.2]","[43.2, 72.0, 104.4]","[52.3, 203.5, 279.6]","[26.1, 69.4, 98.5]"
2023-12-05,-2.1,-7.2,-4.0,-5.9,-13.1,-9.2,-5.9,86.9,0.0,0.0,,0.0,20.1,75.6,16.8,196.0,1015.6,88.7,14.8,37.2,3.3,2.0,16.8,14.1,07:27:18,15:49:44,"[-4.3, 3.0, 9.9]","[-12.1, -1.6, 5.8]","[-20.8, 3.0, 9.9]","[0.0, 0.9, 4.0]","[67.4, 86.8, 96.0]","[0.0, 7.2, 26.4]","[17.6, 32.0, 48.6]","[50.4, 89.3, 237.6]","[52.8, 209.1, 266.1]","[28.0, 73.1, 100.0]"
2023-12-06,-0.7,-2.7,-1.5,-1.1,-6.5,-4.3,-2.5,93.0,2.277,66.67,"['rain', 'snow']",5.2,19.2,39.6,10.7,233.4,1015.8,99.7,5.1,15.7,1.4,1.0,10.7,7.8,07:28:29,15:49:24,"[-1.8, 3.0, 11.8]","[-7.2, -0.9, 6.6]","[-13.7, 3.0, 11.8]","[0.0, 2.7, 19.6]","[59.3, 86.1, 98.4]","[0.0, 7.7, 27.9]","[17.6, 31.0, 50.0]","[46.8, 70.9, 104.4]","[53.0, 205.4, 266.3]","[64.7, 85.5, 100.0]"
2023-12-07,-1.1,-2.6,-2.0,-3.9,-7.4,-6.1,-2.9,93.4,1.526,70.83,"['rain', 'snow']",1.6,19.1,61.2,15.1,9.1,1020.3,99.6,2.3,14.5,1.2,1.0,15.1,11.7,07:29:37,15:49:07,"[-4.8, 2.0, 8.7]","[-12.6, -1.4, 5.4]","[-18.4, 2.0, 8.7]","[0.0, 2.2, 20.2]","[74.0, 87.7, 97.9]","[0.0, 7.9, 34.3]","[16.2, 29.5, 45.0]","[50.4, 76.0, 115.2]","[57.1, 200.5, 297.0]","[48.3, 82.3, 100.0]"
2023-12-08,-1.7,-4.5,-2.8,-2.0,-9.5,-6.9,-3.9,92.7,0.0,0.0,,0.0,17.4,61.2,22.6,148.8,1019.9,87.5,9.1,25.8,2.2,2.0,22.6,12.1,07:30:44,15:48:53,"[-7.9, 2.0, 11.3]","[-14.8, -1.9, 4.6]","[-20.9, 2.0, 11.3]","[0.0, 0.7, 3.5]","[70.1, 87.0, 97.9]","[0.0, 7.9, 35.0]","[14.0, 28.4, 56.2]","[43.2, 70.2, 100.8]","[58.9, 208.9, 272.7]","[16.6, 76.1, 97.8]"
2023-12-09,-1.2,-1.9,-1.5,-6.4,-8.0,-7.3,-3.0,89.7,1.096,62.5,"['rain', 'snow']",0.1,16.9,67.4,27.6,198.9,1017.8,97.7,7.6,15.3,1.4,1.0,27.6,21.5,07:31:49,15:48:42,"[-8.7, 1.9, 12.8]","[-14.1, -1.9, 8.9]","[-22.0, 1.9, 12.8]","[0.0, 2.0, 18.8]","[58.4, 84.4, 95.1]","[0.0, 8.0, 35.0]","[17.6, 29.5, 47.2]","[46.8, 70.9, 115.2]","[45.9, 190.4, 275.6]","[26.4, 78.9, 100.0]"
2023-12-10,1.6,-1.6,-0.1,-2.3,-8.4,-5.8,-1.8,88.6,1.657,62.5,"['rain', 'snow']",1.5,16.8,73.3,34.3,205.7,1011.6,91.6,10.9,4.5,0.4,0.0,34.3,22.9,07:32:51,15:48:35,"[-6.3, 1.5, 7.5]","[-12.8, -3.1, 2.6]","[-16.0, 1.5, 7.5]","[0.0, 1.4, 5.6]","[59.1, 82.8, 95.6]","[0.2, 8.7, 34.1]","[7.2, 26.3, 54.0]","[46.8, 65.9, 111.6]","[42.3, 197.2, 302.8]","[28.5, 76.3, 100.0]"
2023-12-11,3.5,0.9,2.3,-0.8,-5.1,-2.5,0.4,87.8,1.391,66.67,"['rain', 'snow']",0.0,12.4,70.5,35.3,210.2,1007.7,88.1,14.6,29.7,2.6,2.0,35.3,21.2,07:33:52,15:48:30,"[-8.5, 1.5, 9.5]","[-14.3, -3.2, 3.0]","[-19.0, 1.5, 9.5]","[0.0, 1.5, 10.4]","[70.8, 83.5, 96.4]","[0.3, 9.6, 32.5]","[15.1, 29.5, 59.8]","[46.8, 68.0, 115.2]","[74.8, 208.1, 269.1]","[10.4, 74.9, 100.0]"
2023-12-12,5.6,2.4,3.6,3.7,-2.0,0.1,1.8,87.8,0.289,33.33,['rain'],0.0,7.8,50.8,25.4,218.9,1009.6,77.6,19.7,38.4,3.3,3.0,25.4,16.0,07:34:49,15:48:29,"[-5.8, 1.3, 10.7]","[-10.9, -2.9, 2.7]","[-17.9, 1.3, 10.7]","[0.0, 2.5, 11.3]","[70.3, 86.0, 97.1]","[0.3, 10.8, 31.3]","[14.4, 29.5, 52.6]","[39.6, 69.5, 111.6]","[25.6, 195.5, 275.2]","[55.3, 87.4, 100.0]"
2023-12-13,3.8,1.9,3.0,1.9,-1.8,0.2,2.3,95.8,1.534,66.67,['rain'],0.0,5.1,64.8,18.4,274.5,1002.8,99.4,5.9,7.7,0.6,0.0,18.4,10.5,07:35:45,15:48:31,"[-6.1, 0.6, 7.5]","[-15.3, -3.8, 2.0]","[-23.7, 0.6, 7.5]","[0.0, 0.6, 7.3]","[66.6, 83.6, 95.4]","[0.1, 11.2, 33.7]","[14.0, 27.7, 45.0]","[43.2, 70.2, 97.2]","[41.0, 192.5, 304.8]","[53.1, 81.3, 97.9]"
2023-12-14,3.6,1.8,2.8,2.0,-1.6,0.3,2.1,95.4,1.721,66.67,"['rain', 'snow']",0.0,5.7,46.8,12.3,340.3,1011.3,98.4,4.1,11.7,0.9,1.0,12.3,8.9,07:36:38,15:48:36,"[-7.2, 1.0, 7.2]","[-15.9, -3.4, 2.7]","[-24.4, 1.0, 7.2]","[0.0, 0.9, 5.3]","[61.4, 85.1, 98.6]","[0.0, 11.8, 42.7]","[11.5, 29.5, 43.2]","[39.6, 67.3, 118.8]","[43.4, 190.5, 269.5]","[52.5, 80.7, 100.0]"
2023-12-15,1.6,-1.4,-0.1,-1.9,-5.6,-3.6,-2.4,84.6,0.456,20.83,"['rain', 'snow']",0.0,6.4,46.8,18.2,354.7,1031.2,90.1,15.8,35.5,3.3,2.0,18.2,11.4,07:37:28,15:48:44,"[-6.3, 1.1, 8.5]","[-12.8, -2.3, 3.2]","[-18.0, 1.1, 8.5]","[0.0, 0.6, 4.3]","[65.2, 85.5, 98.7]","[0.0, 12.2, 48.1]","[16.6, 29.5, 46.4]","[46.8, 79.9, 302.4]","[25.0, 182.8, 257.5]","[47.7, 88.0, 100.0]"
2023-12-16,2.8,-0.9,1.3,-0.6,-5.1,-2.6,-0.3,89.3,0.266,20.83,"['rain', 'snow']",0.0,3.4,54.4,20.9,233.0,1038.8,92.1,10.7,13.6,1.1,1.0,20.9,14.1,07:38:15,15:48:55,"[-10.4, 1.0, 6.6]","[-13.7, -2.8, 3.6]","[-22.9, 1.0, 6.6]","[0.0, 1.6, 13.3]","[75.2, 87.2, 96.8]","[0.0, 12.9, 43.7]","[18.7, 30.6, 54.4]","[43.2, 67.7, 133.2]","[37.0, 206.0, 305.0]","[34.7, 81.7, 100.0]"
2023-12-17,4.3,1.3,2.8,-0.6,-3.8,-2.1,1.1,88.5,0.0,0.0,,0.0,6.5,58.0,27.6,223.7,1037.3,74.1,21.4,28.4,2.4,3.0,27.6,23.1,07:39:00,15:49:09,"[-8.5, 0.5, 9.4]","[-14.6, -3.2, 2.2]","[-23.9, 0.5, 9.4]","[0.0, 1.0, 3.8]","[68.7, 85.4, 96.7]","[0.0, 13.2, 42.7]","[14.0, 29.5, 42.5]","[43.2, 69.8, 122.4]","[49.8, 220.6, 325.2]","[36.4, 83.9, 99.9]"
2023-12-18,5.2,1.0,2.5,0.6,-4.1,-2.4,-0.5,80.8,0.0,0.0,,0.0,6.3,75.6,27.7,244.1,1032.8,58.0,25.1,46.0,4.0,3.0,27.7,22.7,07:39:43,15:49:27,"[-11.4, 0.4, 11.2]","[-15.1, -2.8, 5.5]","[-20.3, 0.4, 11.2]","[0.0, 1.5, 11.2]","[65.9, 88.1, 96.5]","[0.0, 13.3, 44.5]","[13.0, 25.2, 34.9]","[39.6, 58.3, 79.2]","[42.0, 211.4, 259.8]","[68.2, 89.0, 100.0]"
2023-12-19,5.8,0.5,2.9,2.0,-5.1,-1.7,-1.9,71.3,0.0,0.0,,0.0,5.8,63.8,24.6,247.3,1023.3,73.0,27.0,31.6,2.9,2.0,24.6,21.1,07:40:22,15:49:47,"[-10.6, 0.4, 11.2]","[-13.9, -4.1, 6.7]","[-23.2, 0.4, 11.2]","[0.0, 1.8, 20.0]","[58.6, 86.3, 96.1]","[0.0, 13.4, 46.6]","[18.7, 28.8, 48.2]","[43.2, 66.6, 97.2]","[20.9, 187.0, 264.2]","[44.7, 78.8, 100.0]"
2023-12-20,2.5,1.3,1.9,-1.8,-4.0,-3.0,-0.5,84.6,4.869,62.5,"['rain', 'snow']",0.5,4.1,68.4,24.6,231.1,1013.0,91.4,14.8,10.1,0.8,1.0,24.6,21.2,07:40:59,15:50:11,"[-12.6, 0.4, 12.4]","[-16.2, -3.2, 8.3]","[-25.2, 0.4, 12.4]","[0.0, 1.1, 5.3]","[61.6, 84.1, 96.0]","[0.0, 13.7, 48.5]","[13.0, 32.4, 51.1]","[39.6, 70.6, 100.8]","[76.6, 220.9, 297.3]","[24.4, 79.0, 99.6]"
2023-12-21,5.0,1.8,3.0,0.1,-3.6,-2.2,0.9,86.4,8.136,95.83,"['rain', 'snow']",0.7,4.6,68.6,33.6,222.3,1000.0,99.1,16.5,8.0,0.6,0.0,33.6,26.8,07:41:32,15:50:37,"[-5.3, 1.0, 9.4]","[-13.0, -3.1, 5.7]","[-23.7, 1.0, 9.4]","[0.0, 1.9, 16.6]","[53.9, 84.7, 96.1]","[0.0, 14.0, 50.2]","[13.0, 31.3, 45.0]","[46.8, 69.5, 104.4]","[87.4, 217.8, 319.0]","[34.8, 82.1, 100.0]"
2023-12-22,3.6,-0.3,1.1,-1.1,-6.3,-4.7,-1.7,81.8,2.238,62.5,"['rain', 'snow']",0.3,4.4,74.5,37.2,260.7,992.9,77.1,22.0,16.8,1.4,1.0,37.2,27.4,07:42:03,15:51:07,"[-4.3, 2.0, 8.3]","[-8.7, -2.3, 2.9]","[-14.5, 2.0, 8.3]","[0.0, 1.3, 7.2]","[52.8, 86.4, 96.5]","[0.0, 13.5, 53.9]","[11.2, 29.2, 45.7]","[39.6, 67.3, 111.6]","[173.8, 230.3, 264.7]","[51.4, 84.3, 99.9]"
2023-12-23,-0.2,-1.8,-1.1,-5.7,-7.6,-6.8,-2.6,89.3,9.64,87.5,"['rain', 'snow']",4.6,5.5,64.8,27.9,256.1,1000.8,95.9,12.6,11.8,1.1,1.0,27.9,21.7,07:42:31,15:51:40,"[-3.6, 2.9, 9.0]","[-10.1, -1.7, 5.7]","[-18.9, 2.9, 9.0]","[0.0, 3.3, 32.3]","[57.8, 86.5, 98.4]","[0.0, 13.5, 57.9]","[18.7, 33.8, 61.2]","[43.2, 74.2, 147.6]","[24.3, 214.3, 304.3]","[45.9, 82.9, 99.5]"
2023-12-24,5.4,-1.1,2.2,0.9,-6.3,-2.7,1.2,93.1,7.815,95.83,"['rain', 'snow']",3.7,12.0,66.9,28.2,235.8,1006.7,99.6,10.1,14.2,1.4,1.0,28.2,22.0,07:42:56,15:52:15,"[-10.4, 3.3, 10.7]","[-13.8, -1.3, 4.8]","[-19.7, 3.3, 10.7]","[0.0, 2.4, 14.5]","[64.0, 85.7, 95.1]","[0.0, 13.4, 60.3]","[21.2, 33.1, 52.9]","[39.6, 74.9, 118.8]","[72.3, 215.5, 284.5]","[2.2, 80.5, 100.0]"
2023-12-25,8.5,5.7,7.7,5.0,1.0,4.0,5.0,83.1,1.266,37.5,['rain'],0.0,6.4,66.9,31.9,234.3,1007.8,97.0,22.5,23.0,2.0,1.0,31.9,24.7,07:43:18,15:52:54,"[-6.6, 2.9, 14.4]","[-20.4, -2.2, 5.9]","[-22.2, 2.9, 14.4]","[0.0, 2.1, 9.2]","[51.8, 82.9, 94.8]","[0.0, 13.9, 61.9]","[18.7, 31.0, 54.7]","[46.8, 74.5, 126.0]","[27.5, 203.9, 324.7]","[28.7, 79.1, 100.0]"
2023-12-26,8.0,5.5,7.2,4.9,1.3,3.6,4.0,80.4,0.107,20.83,['rain'],0.0,6.6,56.3,27.8,228.9,1012.9,94.8,24.7,17.9,1.5,2.0,27.8,21.8,07:43:37,15:53:35,"[-6.7, 1.5, 9.5]","[-11.1, -2.4, 7.5]","[-17.8, 1.5, 9.5]","[0.0, 1.0, 6.9]","[64.9, 82.4, 92.4]","[0.0, 14.0, 61.4]","[15.5, 28.8, 58.0]","[46.8, 65.5, 97.2]","[14.2, 207.7, 301.6]","[33.1, 75.9, 97.9]"
2023-12-27,5.2,1.3,3.0,2.8,-3.3,-0.9,-0.1,80.4,0.316,8.33,['rain'],0.0,5.7,64.8,25.7,232.5,1023.5,58.0,32.3,45.2,3.9,3.0,25.7,16.2,07:43:53,15:54:20,"[-7.6, 1.2, 7.5]","[-11.6, -3.2, 3.3]","[-19.4, 1.2, 7.5]","[0.0, 1.2, 8.9]","[62.3, 84.2, 96.2]","[0.0, 13.5, 60.7]","[17.6, 30.2, 49.3]","[39.6, 61.9, 111.6]","[56.0, 206.0, 294.2]","[0.9, 72.2, 100.0]"
2023-12-28,6.4,2.2,4.0,2.7,-2.8,-0.3,1.5,84.4,0.214,16.67,['rain'],0.0,5.3,79.2,25.7,215.0,1020.3,70.2,22.5,43.0,3.7,3.0,25.7,20.4,07:44:05,15:55:07,"[-7.7, 1.3, 10.7]","[-11.1, -2.8, 2.8]","[-20.8, 1.3, 10.7]","[0.0, 1.1, 3.8]","[70.3, 85.5, 96.8]","[0.0, 14.1, 63.8]","[19.8, 33.1, 51.5]","[46.8, 70.6, 118.8]","[37.4, 201.9, 343.5]","[47.5, 82.1, 100.0]"
2023-12-29,7.6,3.2,5.6,4.3,-0.3,2.0,2.4,80.5,0.205,12.5,['rain'],0.0,5.0,54.0,25.7,220.0,1016.6,87.2,27.0,43.3,3.8,3.0,25.7,18.7,07:44:15,15:55:56,"[-8.8, 0.0, 7.3]","[-11.8, -3.6, 2.3]","[-20.3, 0.0, 7.3]","[0.0, 2.1, 16.4]","[61.6, 85.4, 98.5]","[0.0, 15.4, 71.5]","[17.3, 29.5, 46.4]","[43.2, 84.2, 291.6]","[84.0, 204.7, 279.0]","[27.2, 78.8, 98.3]"
2023-12-30,7.7,3.0,5.4,4.1,-0.6,2.0,2.0,79.2,0.127,8.33,['rain'],0.0,4.8,50.4,25.0,233.8,1016.3,87.0,29.9,46.5,4.0,3.0,25.0,17.4,07:44:22,15:56:49,"[-9.4, 0.3, 5.7]","[-17.3, -4.3, 0.8]","[-25.0, 0.3, 5.7]","[0.0, 2.4, 10.3]","[66.6, 85.4, 98.5]","[0.0, 16.1, 84.9]","[16.6, 30.6, 46.8]","[43.2, 73.1, 122.4]","[85.3, 201.4, 254.7]","[3.7, 69.6, 99.7]"
2023-12-31,5.0,-0.4,2.3,1.1,-4.5,-1.4,1.2,92.6,0.0,0.0,,0.0,4.6,75.6,21.0,231.1,1013.4,89.4,19.0,20.0,1.6,1.0,21.0,14.4,07:44:25,15:57:44,"[-5.4, 1.0, 8.9]","[-13.6, -3.9, 5.7]","[-24.4, 1.0, 8.9]","[0.0, 2.0, 9.2]","[55.3, 83.4, 97.5]","[0.0, 15.2, 45.6]","[12.2, 31.0, 46.4]","[43.2, 72.4, 97.2]","[52.0, 216.1, 314.0]","[2.1, 72.1, 100.0]"
2024-01-01,4.1,1.6,3.2,2.2,-1.9,-0.5,1.7,90.3,10.322,50.0,"['rain', 'snow']",0.6,4.4,58.0,21.8,243.4,1010.0,90.3,13.3,21.8,2.0,2.0,21.8,15.9,07:44:26,15:58:41,"[-6.3, 0.8, 8.9]","[-15.4, -4.0, 7.1]","[-25.9, 0.8, 8.9]","[0.0, 2.1, 22.2]","[58.3, 85.8, 97.1]","[0.6, 13.7, 40.2]","[13.0, 32.8, 47.9]","[46.8, 72.0, 115.2]","[27.2, 209.3, 260.5]","[1.6, 77.7, 100.0]"
2024-01-02,3.5,0.8,2.4,0.0,-3.2,-1.9,0.2,85.3,2.357,50.0,['rain'],0.0,4.7,61.2,24.4,202.9,1008.2,93.4,19.1,14.8,1.3,1.0,24.4,18.6,07:44:23,15:59:41,"[-5.2, 0.6, 7.5]","[-12.3, -3.7, 4.5]","[-19.8, 0.6, 7.5]","[0.0, 1.8, 13.0]","[52.0, 87.0, 98.8]","[1.0, 17.7, 59.5]","[15.1, 31.0, 54.7]","[39.6, 71.6, 117.7]","[59.7, 210.4, 306.8]","[41.2, 85.3, 100.0]"
2024-01-03,7.7,3.7,6.2,4.3,-0.7,2.3,3.7,84.4,4.111,70.83,['rain'],0.0,5.4,59.5,27.8,221.7,998.8,88.3,23.4,23.8,2.0,2.0,27.8,22.7,07:44:17,16:00:44,"[-9.6, -0.7, 7.1]","[-15.3, -4.9, 4.0]","[-25.8, -0.7, 7.1]","[0.0, 2.2, 8.8]","[68.3, 85.9, 96.8]","[1.0, 21.5, 94.0]","[15.1, 31.7, 54.0]","[39.6, 80.3, 291.6]","[41.6, 211.6, 323.2]","[33.9, 77.3, 100.0]"
2024-01-04,6.7,3.5,5.7,2.9,-1.1,1.5,2.9,82.2,3.534,95.83,['rain'],0.0,4.9,57.6,28.0,246.0,1000.5,92.8,22.6,13.8,1.2,1.0,28.0,24.1,07:44:08,16:01:49,"[-10.4, -0.4, 8.4]","[-19.6, -4.9, 5.0]","[-28.4, -0.4, 8.4]","[0.0, 2.5, 13.2]","[72.2, 86.5, 98.1]","[1.2, 22.6, 95.6]","[13.0, 30.6, 49.3]","[46.8, 77.4, 100.8]","[77.0, 205.6, 289.0]","[25.0, 86.2, 100.0]"
2024-01-05,4.2,0.8,2.5,1.8,-3.4,-0.9,0.9,89.4,0.375,29.17,"['rain', 'snow']",0.0,5.0,68.4,18.0,203.1,1008.5,82.8,26.8,39.8,3.5,2.0,18.0,13.0,07:43:56,16:02:56,"[-9.6, -0.2, 8.2]","[-15.4, -4.9, 4.7]","[-25.5, -0.2, 8.2]","[0.0, 3.2, 15.7]","[66.0, 85.8, 97.8]","[2.0, 23.8, 93.1]","[19.4, 32.0, 51.5]","[43.2, 76.7, 129.6]","[28.8, 205.1, 321.7]","[49.2, 87.7, 100.0]"
2024-01-06,3.8,-1.1,1.3,1.1,-6.8,-2.1,0.7,95.6,8.544,79.17,"['rain', 'snow']",0.0,4.1,68.4,22.6,17.0,1007.5,97.2,5.0,12.1,1.1,1.0,22.6,13.2,07:43:41,16:04:05,"[-10.9, -0.9, 7.9]","[-16.7, -5.7, 3.8]","[-26.3, -0.9, 7.9]","[0.0, 1.7, 7.8]","[73.7, 86.5, 98.3]","[2.3, 24.3, 89.9]","[15.8, 26.3, 52.6]","[43.2, 72.0, 126.0]","[19.8, 182.7, 285.8]","[46.6, 80.5, 100.0]"
2024-01-07,-1.5,-8.2,-5.0,-7.6,-17.5,-13.1,-7.0,86.1,3.507,79.17,"['rain', 'snow']",4.8,3.6,57.1,36.1,20.5,1013.4,99.5,6.7,11.9,1.1,1.0,36.1,30.2,07:43:23,16:05:17,"[-14.5, -1.4, 7.6]","[-19.2, -6.1, 2.8]","[-29.2, -1.4, 7.6]","[0.0, 0.8, 4.5]","[66.2, 86.0, 97.3]","[2.2, 24.4, 88.3]","[16.2, 28.8, 45.4]","[46.8, 69.1, 97.2]","[25.4, 185.8, 280.0]","[44.0, 80.0, 100.0]"
2024-01-08,-8.4,-11.7,-10.1,-18.2,-21.6,-19.4,-13.0,79.6,0.258,29.17,['snow'],1.2,7.5,64.6,35.8,23.9,1026.4,83.4,7.5,47.5,3.9,3.0,35.8,28.7,07:43:02,16:06:30,"[-12.9, -0.4, 10.9]","[-17.4, -5.1, 2.1]","[-26.8, -0.4, 10.9]","[0.0, 2.0, 9.6]","[63.5, 86.2, 95.9]","[1.2, 24.0, 87.4]","[11.5, 27.7, 43.6]","[39.6, 71.3, 180.0]","[54.3, 194.3, 244.7]","[28.0, 77.7, 99.2]"
2024-01-09,-8.9,-12.7,-11.5,-12.1,-22.4,-19.1,-16.1,69.2,0.0,0.0,,0.0,7.4,64.6,28.2,47.0,1036.3,36.0,18.8,58.0,5.0,3.0,28.2,19.5,07:42:38,16:07:46,"[-12.8, 0.3, 8.7]","[-18.1, -4.3, 3.1]","[-27.9, 0.3, 8.7]","[0.0, 1.4, 6.4]","[65.6, 86.7, 96.7]","[0.0, 23.0, 86.8]","[11.5, 29.5, 48.2]","[36.0, 66.6, 108.0]","[49.4, 201.5, 271.8]","[5.8, 72.9, 100.0]"
2024-01-10,-3.0,-13.8,-9.0,-6.1,-18.8,-12.7,-16.0,57.4,0.0,0.0,,0.0,5.5,14.4,10.1,270.1,1035.6,5.9,22.4,60.7,5.2,3.0,10.1,7.4,07:42:11,16:09:03,"[-9.9, 1.2, 10.5]","[-14.7, -3.2, 5.3]","[-25.2, 1.2, 10.5]","[0.0, 2.8, 14.3]","[76.8, 88.0, 97.7]","[0.8, 24.1, 86.0]","[12.2, 27.7, 37.8]","[39.6, 67.3, 100.8]","[73.9, 200.8, 288.9]","[9.0, 78.3, 100.0]"
2024-01-11,-2.9,-10.0,-6.3,-7.5,-16.4,-11.6,-10.6,71.8,0.247,20.83,['snow'],0.8,5.7,61.2,18.1,304.4,1028.8,51.8,21.3,52.1,4.5,3.0,18.1,12.8,07:41:41,16:10:22,"[-7.6, 0.5, 8.7]","[-13.4, -3.8, 4.0]","[-22.3, 0.5, 8.7]","[0.0, 0.9, 8.0]","[67.1, 85.8, 98.9]","[0.7, 24.5, 83.1]","[9.4, 29.9, 45.0]","[39.6, 69.5, 115.2]","[30.8, 198.4, 267.2]","[0.9, 70.3, 100.0]"
2024-01-12,-2.6,-4.9,-3.8,-6.5,-10.2,-8.6,-5.9,85.6,1.069,58.33,['snow'],2.0,8.1,63.3,19.9,336.9,1027.5,88.8,11.9,32.7,2.8,2.0,19.9,13.0,07:41:08,16:11:43,"[-5.6, 0.6, 7.1]","[-18.8, -3.7, 2.5]","[-27.4, 0.6, 7.1]","[0.0, 0.7, 2.6]","[72.9, 85.3, 96.4]","[1.4, 24.2, 81.2]","[16.2, 34.2, 54.0]","[43.2, 80.6, 291.6]","[32.7, 206.2, 256.5]","[23.3, 77.4, 99.9]"
2024-01-13,-1.4,-3.9,-2.8,-6.0,-10.1,-8.4,-5.5,81.6,0.038,8.33,['snow'],0.0,8.2,53.5,26.5,246.6,1019.6,98.6,19.6,13.5,1.1,1.0,26.5,18.7,07:40:32,16:13:06,"[-5.8, 1.2, 8.9]","[-9.6, -2.5, 3.9]","[-20.6, 1.2, 8.9]","[0.0, 1.6, 7.9]","[63.9, 85.5, 95.6]","[2.8, 24.5, 79.8]","[13.0, 31.0, 53.3]","[39.6, 68.8, 108.0]","[63.6, 203.8, 260.3]","[11.8, 81.0, 100.0]"
2024-01-14,-0.5,-3.1,-2.0,-6.0,-10.6,-8.3,-4.6,82.1,0.302,50.0,"['rain', 'snow']",0.3,8.7,56.9,31.0,232.6,1008.0,97.0,16.2,13.1,1.2,1.0,31.0,23.8,07:39:54,16:14:30,"[-4.6, 0.9, 8.4]","[-7.5, -3.0, 3.8]","[-16.3, 0.9, 8.4]","[0.0, 1.7, 10.6]","[73.3, 85.8, 95.9]","[2.4, 25.0, 78.4]","[16.2, 29.2, 41.4]","[39.6, 75.2, 208.8]","[77.5, 205.6, 296.6]","[31.2, 80.0, 99.6]"
2024-01-15,-1.4,-3.1,-2.3,-7.1,-9.7,-8.3,-5.7,77.8,0.185,37.5,"['rain', 'snow']",0.5,8.4,55.1,28.0,231.0,1000.3,88.8,19.1,13.7,1.1,1.0,28.0,21.3,07:39:13,16:15:56,"[-3.8, 0.4, 6.1]","[-8.3, -3.3, 1.9]","[-14.2, 0.4, 6.1]","[0.0, 1.1, 5.8]","[55.2, 83.0, 96.6]","[2.1, 25.3, 76.3]","[14.0, 28.8, 43.6]","[46.8, 71.3, 108.0]","[70.8, 215.1, 322.2]","[16.1, 74.7, 98.1]"
2024-01-16,-1.1,-3.6,-2.4,-6.5,-9.1,-7.9,-6.0,76.6,0.276,62.5,"['rain', 'snow']",0.5,8.1,63.4,26.8,242.4,1008.4,88.0,22.1,22.7,2.0,1.0,26.8,18.9,07:38:28,16:17:23,"[-5.5, 0.3, 6.6]","[-8.5, -3.9, 2.3]","[-16.6, 0.3, 6.6]","[0.0, 1.4, 9.6]","[59.7, 83.7, 96.4]","[1.8, 26.3, 74.4]","[16.9, 32.4, 61.2]","[43.2, 69.1, 151.2]","[55.1, 212.6, 288.6]","[17.4, 72.6, 100.0]"
2024-01-17,2.4,-7.7,-3.0,-2.6,-14.8,-8.7,-5.5,82.5,0.118,12.5,"['rain', 'snow']",0.0,6.8,80.0,30.5,184.3,1002.7,77.1,22.0,35.9,3.1,2.0,30.5,19.8,07:37:41,16:18:52,"[-7.1, 0.3, 7.9]","[-17.4, -4.5, 1.1]","[-24.8, 0.3, 7.9]","[0.0, 1.5, 11.5]","[51.5, 84.4, 93.7]","[0.6, 26.8, 72.2]","[21.2, 31.7, 49.3]","[46.8, 71.3, 115.2]","[20.7, 191.8, 274.7]","[2.2, 74.1, 100.0]"
2024-01-18,3.1,-2.9,1.5,-0.1,-9.1,-2.8,0.7,94.4,6.743,95.83,"['rain', 'snow']",1.3,3.1,80.0,24.4,278.6,994.6,98.9,5.1,15.3,1.2,1.0,24.4,16.8,07:36:52,16:20:22,"[-6.1, 0.0, 11.1]","[-18.6, -4.5, 1.9]","[-27.5, 0.0, 11.1]","[0.0, 1.5, 12.0]","[59.1, 87.0, 97.5]","[0.0, 27.1, 74.0]","[10.8, 32.0, 63.0]","[50.4, 72.7, 104.4]","[30.3, 198.3, 261.6]","[40.2, 79.9, 100.0]"
2024-01-19,-2.9,-5.5,-4.0,-7.6,-11.1,-9.4,-6.4,83.5,0.678,25.0,['snow'],0.4,4.2,57.6,20.6,335.8,1016.6,76.4,16.8,42.6,3.7,2.0,20.6,15.4,07:36:00,16:21:53,"[-7.6, -0.1, 7.9]","[-10.5, -4.2, 3.1]","[-17.7, -0.1, 7.9]","[0.0, 2.3, 10.5]","[64.6, 87.1, 98.8]","[0.5, 26.9, 78.5]","[11.5, 30.2, 50.0]","[36.0, 70.6, 147.6]","[74.9, 198.3, 275.3]","[26.2, 81.9, 100.0]"
2024-01-20,-2.1,-6.0,-4.4,-7.7,-12.6,-10.4,-7.3,80.7,0.0,0.0,,0.0,3.5,57.6,22.7,254.9,1030.0,36.1,26.2,73.6,6.4,3.0,22.7,17.9,07:35:05,16:23:25,"[-5.9, 0.9, 8.4]","[-10.5, -3.6, 5.8]","[-17.1, 0.9, 8.4]","[0.0, 1.9, 8.1]","[73.0, 88.3, 97.8]","[0.0, 27.0, 80.2]","[15.1, 28.8, 45.0]","[43.2, 69.8, 115.2]","[38.7, 195.0, 280.3]","[75.5, 89.4, 99.4]"
2024-01-21,-0.5,-5.2,-3.2,-5.6,-10.6,-8.4,-6.3,79.4,0.0,0.0,,0.0,3.8,69.7,25.3,225.1,1033.8,61.8,23.5,75.7,6.7,4.0,25.3,16.4,07:34:08,16:24:58,"[-8.3, 0.4, 8.3]","[-11.5, -3.2, 5.1]","[-19.1, 0.4, 8.3]","[0.0, 2.2, 6.3]","[78.7, 87.3, 97.0]","[0.0, 27.5, 80.0]","[14.4, 28.4, 45.4]","[43.2, 67.0, 97.2]","[67.6, 214.8, 337.8]","[44.2, 82.9, 100.0]"
2024-01-22,1.6,-4.1,-0.6,-4.0,-10.7,-6.8,-8.0,59.1,1.634,20.83,"['rain', 'snow']",0.0,3.7,69.7,38.5,202.7,1025.6,73.7,32.0,63.3,5.5,4.0,38.5,27.0,07:33:08,16:26:33,"[-8.7, -0.2, 7.9]","[-22.5, -5.5, 1.9]","[-35.4, -0.2, 7.9]","[0.0, 1.8, 7.2]","[75.7, 85.1, 97.6]","[1.1, 28.3, 81.0]","[12.2, 27.7, 45.4]","[39.6, 67.3, 97.2]","[32.6, 178.6, 281.4]","[0.0, 78.4, 100.0]"
2024-01-23,1.5,-0.5,0.5,-3.3,-6.0,-4.6,-1.0,89.8,1.904,41.67,"['rain', 'snow']",0.3,3.7,57.6,23.5,223.4,1025.3,84.6,8.0,18.4,1.5,1.0,23.5,19.9,07:32:05,16:28:08,"[-15.6, -1.7, 8.6]","[-23.3, -6.4, 0.9]","[-37.0, -1.7, 8.6]","[0.0, 0.8, 3.1]","[68.1, 85.8, 96.0]","[1.7, 28.4, 80.6]","[16.2, 28.8, 46.8]","[39.6, 69.5, 129.6]","[28.6, 164.3, 274.3]","[2.1, 76.5, 100.0]"
2024-01-24,6.2,0.3,3.4,1.9,-4.5,-1.4,1.2,85.6,4.634,58.33,"['rain', 'snow']",0.1,3.8,71.7,30.5,226.9,1020.2,80.9,15.4,21.2,1.8,2.0,30.5,24.8,07:31:01,16:29:44,"[-13.1, -2.2, 4.8]","[-22.0, -6.4, 2.1]","[-29.9, -2.2, 4.8]","[0.0, 1.6, 11.3]","[50.5, 85.2, 97.7]","[2.0, 29.3, 79.2]","[12.6, 25.2, 41.8]","[39.6, 61.6, 118.8]","[29.4, 172.2, 251.6]","[3.5, 83.9, 99.7]"
2024-01-25,4.9,2.2,3.9,0.1,-1.6,-0.7,-0.7,72.1,0.501,16.67,['rain'],0.0,4.5,59.5,30.5,268.7,1021.0,90.9,26.5,32.4,2.8,3.0,30.5,24.3,07:29:53,16:31:21,"[-10.2, -2.5, 5.0]","[-18.7, -6.6, 0.1]","[-26.9, -2.5, 5.0]","[0.0, 1.5, 11.9]","[54.4, 84.7, 98.1]","[3.0, 29.7, 78.5]","[14.0, 25.9, 44.6]","[39.6, 63.4, 108.0]","[22.6, 167.6, 308.3]","[55.1, 85.7, 100.0]"
2024-01-26,3.8,0.2,2.2,0.7,-3.1,-1.5,-0.6,82.0,2.536,62.5,"['rain', 'snow']",0.0,6.3,63.0,23.3,255.3,1024.0,87.2,21.2,68.1,5.9,4.0,23.3,15.1,07:28:44,16:32:58,"[-10.6, -2.1, 7.1]","[-16.7, -6.8, 1.9]","[-25.1, -2.1, 7.1]","[0.0, 0.5, 1.9]","[53.6, 83.6, 98.2]","[3.1, 29.6, 77.4]","[15.1, 28.4, 49.3]","[43.2, 65.5, 133.2]","[22.3, 187.5, 251.5]","[35.8, 78.5, 100.0]"
2024-01-27,2.9,0.5,1.8,-1.6,-4.9,-3.0,-2.2,75.3,1.257,41.67,"['rain', 'snow']",0.0,6.6,60.2,28.2,297.3,1029.5,73.6,26.7,58.0,4.9,3.0,28.2,20.8,07:27:32,16:34:37,"[-11.0, -0.9, 9.1]","[-20.2, -6.1, 4.3]","[-26.2, -0.9, 9.1]","[0.0, 1.9, 18.9]","[42.9, 82.7, 94.1]","[3.1, 30.4, 76.1]","[12.2, 29.5, 48.2]","[39.6, 67.7, 118.8]","[81.2, 205.5, 299.0]","[9.1, 76.4, 99.2]"
2024-01-28,3.6,-1.9,1.0,1.8,-3.9,-1.5,-1.6,82.9,0.989,37.5,"['rain', 'snow']",0.0,6.7,61.2,16.1,341.4,1038.1,70.1,27.4,41.5,3.5,2.0,16.1,8.4,07:26:18,16:36:15,"[-4.4, 0.1, 11.1]","[-16.1, -5.6, 2.5]","[-21.7, 0.1, 11.1]","[0.0, 1.3, 7.7]","[56.2, 85.0, 94.8]","[3.1, 30.9, 75.0]","[11.9, 30.2, 51.1]","[39.6, 68.0, 108.0]","[19.4, 207.8, 283.0]","[1.8, 77.7, 100.0]"
2024-01-29,4.0,-2.5,0.1,0.2,-6.4,-4.1,-3.8,75.3,0.0,0.0,,0.0,6.5,56.6,22.9,225.6,1038.4,41.9,24.3,87.9,7.7,4.0,22.9,15.0,07:25:02,16:37:55,"[-6.4, 0.2, 13.1]","[-18.9, -5.1, 4.0]","[-23.0, 0.2, 13.1]","[0.0, 1.1, 8.7]","[53.2, 82.3, 94.3]","[3.4, 30.7, 73.1]","[15.1, 30.6, 55.4]","[39.6, 64.4, 140.4]","[30.0, 194.2, 295.4]","[10.7, 72.4, 100.0]"
2024-01-30,4.5,-1.4,0.8,-0.6,-7.2,-4.8,-4.5,68.5,0.0,0.0,,0.0,6.1,68.3,32.2,209.5,1036.9,33.1,28.3,88.6,7.7,4.0,32.2,24.8,07:23:44,16:39:34,"[-6.8, 0.6, 8.5]","[-12.6, -4.7, 2.6]","[-20.0, 0.6, 8.5]","[0.0, 1.3, 11.3]","[65.0, 81.6, 93.8]","[3.3, 30.6, 72.1]","[16.2, 33.1, 48.6]","[43.2, 83.2, 291.6]","[20.0, 201.7, 264.9]","[2.2, 67.7, 99.6]"
2024-01-31,1.8,-1.4,0.2,-1.7,-7.6,-4.5,-1.8,86.4,0.095,16.67,"['rain', 'snow']",0.0,5.8,53.1,24.1,241.9,1034.5,87.6,11.9,29.6,2.4,2.0,24.1,16.9,07:22:24,16:41:15,"[-9.2, 0.1, 8.4]","[-14.1, -5.2, 2.1]","[-21.3, 0.1, 8.4]","[0.0, 1.1, 6.1]","[66.8, 81.8, 93.7]","[1.4, 30.4, 71.0]","[17.6, 30.6, 51.1]","[39.6, 68.4, 115.2]","[52.1, 200.1, 260.0]","[4.4, 77.2, 100.0]"
2024-02-01,2.6,0.1,1.3,-1.6,-4.8,-3.4,0.0,91.2,2.186,25.0,"['rain', 'snow']",0.0,6.1,66.1,24.9,231.6,1026.2,85.9,6.1,15.0,1.4,1.0,24.9,18.9,07:21:01,16:42:55,"[-12.0, 1.1, 10.2]","[-15.5, -4.3, 4.3]","[-25.9, 1.1, 10.2]","[0.0, 1.9, 13.1]","[53.0, 80.3, 95.6]","[0.1, 30.6, 69.2]","[15.1, 33.5, 51.1]","[46.8, 74.9, 122.4]","[49.3, 207.6, 308.4]","[30.7, 76.6, 100.0]"
2024-02-02,6.1,0.1,1.9,2.4,-4.0,-2.2,-0.9,81.9,0.069,12.5,"['rain', 'snow']",0.0,6.3,56.3,28.2,246.3,1026.9,92.4,21.1,46.0,4.0,2.0,28.2,16.5,07:19:37,16:44:36,"[-15.4, 1.4, 11.5]","[-19.0, -3.3, 6.8]","[-28.9, 1.4, 11.5]","[0.0, 1.4, 9.4]","[62.1, 83.0, 95.1]","[0.0, 30.8, 68.1]","[16.6, 32.0, 54.7]","[39.6, 69.5, 108.0]","[30.2, 217.9, 271.2]","[22.2, 80.2, 99.4]"
2024-02-03,7.4,2.9,5.3,3.3,-2.2,1.1,2.7,83.0,0.36,33.33,['rain'],0.0,6.2,72.0,30.4,260.2,1021.0,93.5,20.7,17.9,1.4,1.0,30.4,24.3,07:18:11,16:46:17,"[-14.2, 1.7, 11.1]","[-21.0, -3.4, 4.2]","[-30.3, 1.7, 11.1]","[0.0, 1.9, 9.3]","[59.9, 82.5, 97.1]","[0.0, 30.6, 70.1]","[14.0, 30.2, 51.8]","[43.2, 70.9, 118.8]","[47.8, 207.7, 305.5]","[5.2, 74.9, 99.6]"
2024-02-04,7.7,5.0,6.2,3.7,0.9,2.1,3.9,85.3,2.234,66.67,['rain'],0.0,6.0,66.6,31.5,249.0,1017.5,96.6,23.2,20.7,1.8,1.0,31.5,25.3,07:16:43,16:47:59,"[-16.0, 1.4, 9.4]","[-20.1, -3.2, 4.7]","[-32.1, 1.4, 9.4]","[0.0, 2.0, 23.2]","[42.8, 83.2, 96.2]","[0.0, 30.8, 71.4]","[15.1, 31.0, 50.0]","[43.2, 73.4, 172.8]","[25.5, 206.1, 277.1]","[2.4, 81.1, 99.2]"
2024-02-05,9.0,4.2,7.2,5.3,0.2,3.1,3.7,78.8,2.854,29.17,['rain'],0.0,5.0,71.5,35.1,253.8,1013.3,87.9,29.1,13.2,1.2,1.0,35.1,29.3,07:15:13,16:49:40,"[-13.5, 1.0, 9.3]","[-16.7, -4.1, 7.4]","[-26.8, 1.0, 9.3]","[0.0, 1.0, 5.2]","[66.1, 83.0, 95.7]","[0.0, 30.6, 71.3]","[14.8, 29.5, 46.4]","[43.2, 65.5, 111.6]","[40.1, 173.8, 263.0]","[23.2, 72.2, 98.2]"
2024-02-06,6.7,3.5,5.5,2.7,-0.8,1.2,0.8,71.5,0.0,0.0,,0.0,5.5,60.7,30.2,240.4,1012.9,89.8,31.7,74.3,6.5,3.0,30.2,24.9,07:13:41,16:51:22,"[-14.0, 1.1, 11.1]","[-19.7, -4.8, 6.7]","[-27.9, 1.1, 11.1]","[0.0, 0.7, 5.3]","[70.2, 83.4, 98.7]","[0.0, 30.5, 73.4]","[12.6, 29.2, 40.0]","[39.6, 69.5, 118.8]","[30.5, 177.0, 342.7]","[25.8, 77.7, 100.0]"
2024-02-07,7.6,0.8,5.3,4.1,-3.0,1.1,1.7,77.8,3.004,58.33,"['rain', 'snow']",0.0,5.4,62.0,32.3,233.8,1005.8,97.4,28.5,28.8,2.6,2.0,32.3,24.8,07:12:08,16:53:04,"[-8.8, 0.9, 13.7]","[-18.9, -4.4, 7.0]","[-26.1, 0.9, 13.7]","[0.0, 2.1, 9.2]","[54.4, 81.2, 94.7]","[0.0, 31.8, 81.2]","[16.9, 30.6, 48.2]","[46.8, 70.9, 122.4]","[16.7, 174.8, 306.1]","[9.0, 75.9, 100.0]"
2024-02-08,7.2,-0.3,2.4,4.0,-3.6,-0.2,1.7,94.7,4.445,100.0,"['rain', 'snow']",0.7,3.5,54.0,19.1,280.4,1003.8,99.5,8.0,24.9,2.1,1.0,19.1,10.1,07:10:33,16:54:46,"[-8.9, 0.9, 7.8]","[-14.1, -4.4, 3.7]","[-23.8, 0.9, 7.8]","[0.0, 2.0, 10.7]","[55.6, 81.2, 95.7]","[0.0, 32.4, 81.6]","[14.0, 29.2, 45.0]","[43.2, 70.2, 90.0]","[36.3, 180.1, 294.7]","[1.3, 78.9, 100.0]"
2024-02-09,9.4,6.5,7.6,6.8,3.7,5.0,5.6,87.7,1.402,50.0,['rain'],0.0,4.9,61.2,20.3,204.0,997.2,96.4,17.4,52.7,4.4,3.0,20.3,14.5,07:08:56,16:56:28,"[-10.3, 0.6, 9.7]","[-15.4, -4.6, 4.9]","[-23.8, 0.6, 9.7]","[0.0, 1.8, 13.6]","[52.4, 83.2, 95.3]","[0.9, 32.9, 81.4]","[11.9, 27.7, 46.1]","[43.2, 77.8, 216.0]","[28.5, 181.8, 269.9]","[21.3, 79.9, 100.0]"
2024-02-10,11.3,6.4,9.0,11.3,3.8,7.5,5.7,80.9,3.482,33.33,['rain'],0.0,4.5,72.0,31.0,170.6,994.5,87.9,20.9,89.3,7.7,5.0,31.0,17.7,07:07:18,16:58:10,"[-12.5, 1.1, 9.2]","[-17.5, -3.9, 2.9]","[-27.0, 1.1, 9.2]","[0.0, 2.6, 26.8]","[66.4, 83.7, 93.5]","[3.2, 33.3, 83.7]","[9.4, 27.7, 49.7]","[46.8, 68.4, 104.4]","[35.4, 180.1, 259.6]","[35.3, 80.8, 100.0]"
2024-02-11,10.0,5.3,8.1,6.9,1.2,5.0,5.9,86.2,5.194,100.0,['rain'],0.0,4.0,75.6,27.1,174.3,993.1,99.9,16.5,20.1,1.8,1.0,27.1,20.7,07:05:38,16:59:51,"[-11.7, 0.0, 6.6]","[-17.8, -4.4, 2.4]","[-27.0, 0.0, 6.6]","[0.0, 2.0, 7.1]","[59.3, 84.7, 98.4]","[0.0, 33.4, 90.6]","[11.5, 28.1, 47.2]","[39.6, 64.1, 115.2]","[19.5, 167.8, 256.6]","[13.9, 85.9, 100.0]"
2024-02-12,7.8,4.0,5.7,5.3,0.9,2.7,3.5,85.5,0.334,29.17,['rain'],0.0,3.8,46.8,20.3,244.4,1002.6,93.2,21.0,43.2,3.7,2.0,20.3,15.0,07:03:56,17:01:33,"[-8.5, 0.1, 9.7]","[-17.9, -4.8, 6.7]","[-25.6, 0.1, 9.7]","[0.0, 1.5, 12.5]","[57.6, 81.7, 96.6]","[8.2, 35.6, 96.8]","[14.8, 25.6, 46.1]","[46.8, 68.8, 111.6]","[59.5, 202.7, 325.2]","[7.2, 71.7, 100.0]"
2024-02-13,5.7,0.1,3.5,2.8,-3.1,0.7,1.0,84.0,0.239,20.83,['rain'],0.0,3.7,54.0,21.1,332.1,1017.1,79.9,22.7,52.3,4.6,2.0,21.1,11.5,07:02:13,17:03:15,"[-7.6, -0.3, 7.6]","[-17.2, -5.3, 3.8]","[-25.3, -0.3, 7.6]","[0.0, 1.6, 9.0]","[61.6, 82.6, 94.5]","[8.2, 36.6, 100.3]","[10.8, 25.9, 44.6]","[43.2, 70.6, 111.6]","[36.7, 196.7, 332.7]","[0.0, 76.3, 100.0]"
2024-02-14,6.5,-2.3,2.0,3.1,-6.0,-1.2,-0.3,85.0,0.053,4.17,['rain'],0.0,3.6,46.8,19.0,255.2,1023.8,76.7,23.0,88.1,7.6,4.0,19.0,12.1,07:00:29,17:04:56,"[-5.0, 0.9, 7.9]","[-15.9, -4.8, 2.4]","[-22.4, 0.9, 7.9]","[0.0, 1.1, 9.5]","[64.2, 82.0, 96.8]","[7.0, 36.6, 98.3]","[15.5, 24.1, 42.8]","[39.6, 65.5, 100.8]","[20.0, 184.4, 331.8]","[0.3, 74.4, 100.0]"
2024-02-15,8.8,3.8,6.6,7.3,0.8,4.0,4.1,84.1,0.0,0.0,,0.0,3.4,46.8,16.9,227.2,1022.9,93.6,18.5,31.0,2.7,1.0,16.9,13.1,06:58:44,17:06:38,"[-5.5, 1.6, 8.4]","[-16.8, -5.1, 3.1]","[-25.8, 1.6, 8.4]","[0.0, 1.6, 8.1]","[55.5, 81.6, 96.4]","[6.1, 37.1, 96.7]","[10.4, 26.3, 41.4]","[43.2, 69.5, 93.6]","[60.6, 189.7, 332.3]","[1.0, 70.7, 100.0]"
2024-02-16,11.9,3.3,6.9,11.9,-0.9,4.1,3.2,78.7,0.0,0.0,,0.0,3.2,58.5,26.9,202.3,1022.0,46.7,28.1,120.2,10.4,5.0,26.9,19.7,06:56:57,17:08:19,"[-5.8, 1.3, 10.1]","[-11.3, -3.5, 2.2]","[-20.0, 1.3, 10.1]","[0.0, 1.8, 10.6]","[56.9, 81.0, 97.4]","[5.5, 38.4, 98.7]","[13.0, 27.7, 45.4]","[39.6, 70.9, 122.4]","[39.8, 184.7, 291.2]","[8.7, 78.2, 100.0]"
2024-02-17,6.4,3.8,5.1,3.9,-0.1,2.2,3.3,87.5,3.419,33.33,['rain'],0.0,3.0,60.7,22.5,253.7,1027.3,92.8,14.7,24.8,2.2,1.0,22.5,13.7,06:55:09,17:10:00,"[-4.9, 2.4, 11.1]","[-12.1, -3.9, 4.9]","[-18.6, 2.4, 11.1]","[0.0, 1.5, 7.0]","[54.2, 81.8, 97.7]","[5.1, 38.4, 97.2]","[14.4, 29.5, 49.0]","[43.2, 68.8, 97.6]","[30.6, 191.3, 304.3]","[0.3, 71.1, 100.0]"
2024-02-18,6.5,1.1,3.6,5.2,-2.9,1.2,0.0,78.0,0.0,0.0,,0.0,2.9,54.0,16.0,49.8,1032.3,81.3,27.3,113.1,9.6,6.0,16.0,9.7,06:53:19,17:11:41,"[-6.3, 2.5, 11.2]","[-14.4, -2.9, 2.9]","[-22.4, 2.5, 11.2]","[0.0, 1.5, 10.5]","[54.0, 84.7, 97.3]","[4.6, 38.5, 94.9]","[15.1, 26.3, 48.6]","[43.2, 67.7, 108.0]","[46.3, 202.7, 305.5]","[19.4, 79.1, 100.0]"
2024-02-19,6.1,0.8,4.2,2.5,-3.1,0.5,2.2,86.7,1.402,58.33,['rain'],0.0,2.8,61.2,25.7,235.0,1022.7,94.1,17.6,28.8,2.5,2.0,25.7,17.9,06:51:29,17:13:22,"[-5.9, 2.3, 9.3]","[-10.4, -2.9, 2.3]","[-16.4, 2.3, 9.3]","[0.0, 2.2, 21.0]","[50.2, 84.2, 97.4]","[4.3, 38.3, 92.6]","[14.0, 28.4, 48.6]","[39.6, 67.7, 111.6]","[9.5, 202.6, 280.3]","[22.1, 82.7, 100.0]"
2024-02-20,6.8,3.4,4.8,3.1,-0.5,1.4,2.7,85.9,3.389,45.83,['rain'],0.0,2.8,50.8,21.6,248.7,1023.7,90.7,21.7,44.6,3.7,3.0,21.6,16.4,06:49:37,17:15:02,"[-6.0, 2.1, 7.3]","[-11.4, -3.6, 1.2]","[-19.7, 2.1, 7.3]","[0.0, 1.3, 9.8]","[64.8, 83.2, 97.2]","[4.0, 38.5, 90.5]","[17.6, 25.9, 41.4]","[39.6, 62.6, 111.6]","[26.0, 199.5, 264.7]","[22.0, 75.2, 100.0]"
2024-02-21,6.1,2.6,4.2,2.9,-1.1,0.9,2.0,85.7,0.713,33.33,['rain'],0.0,3.7,50.4,19.1,209.9,1021.6,88.5,21.0,58.9,5.1,5.0,19.1,14.9,06:47:44,17:16:42,"[-9.0, 2.2, 9.0]","[-12.4, -3.9, 1.8]","[-20.3, 2.2, 9.0]","[0.0, 1.4, 6.1]","[52.7, 82.9, 96.2]","[3.7, 38.2, 88.2]","[12.6, 29.2, 47.5]","[39.6, 66.2, 118.8]","[38.2, 179.4, 268.1]","[17.8, 77.4, 99.2]"
2024-02-22,7.4,3.3,6.0,3.3,-1.2,1.7,1.7,74.2,0.195,8.33,['rain'],0.0,3.7,69.2,33.4,188.0,1005.7,97.2,26.7,58.0,5.1,3.0,33.4,26.8,06:45:50,17:18:22,"[-9.0, 2.8, 12.3]","[-12.2, -3.2, 7.6]","[-20.8, 2.8, 12.3]","[0.0, 0.9, 10.1]","[65.6, 82.0, 93.7]","[3.7, 35.9, 87.0]","[11.5, 31.7, 52.6]","[39.6, 65.2, 97.2]","[46.2, 176.8, 259.5]","[23.3, 78.9, 100.0]"
2024-02-23,7.9,5.4,6.2,4.4,1.6,2.9,4.4,88.3,6.877,95.83,['rain'],0.0,3.4,79.2,32.0,173.1,1000.4,99.8,15.1,18.0,1.6,1.0,32.0,18.9,06:43:55,17:20:02,"[-10.9, 2.9, 10.1]","[-13.8, -2.7, 6.2]","[-23.1, 2.9, 10.1]","[0.0, 1.9, 10.9]","[59.0, 82.3, 97.0]","[3.6, 35.3, 85.9]","[10.4, 28.1, 45.0]","[39.6, 65.2, 100.8]","[19.8, 164.0, 286.8]","[0.0, 80.5, 100.0]"
2024-02-24,8.0,3.0,5.2,4.9,-0.9,1.7,3.0,85.6,3.468,45.83,['rain'],0.0,2.5,66.4,30.8,198.7,1006.6,91.8,24.0,75.1,6.6,4.0,30.8,18.4,06:41:59,17:21:41,"[-7.6, 3.5, 14.5]","[-13.4, -3.5, 2.5]","[-21.6, 3.5, 14.5]","[0.0, 1.2, 4.0]","[50.6, 78.8, 96.4]","[3.4, 36.9, 85.4]","[13.0, 28.1, 41.4]","[39.6, 74.5, 172.8]","[34.9, 174.3, 274.2]","[6.5, 71.8, 100.0]"
2024-02-25,9.6,0.9,5.4,6.8,-3.4,2.0,1.7,78.8,0.0,0.0,,0.0,3.0,68.4,25.7,169.3,1009.5,67.8,30.1,110.0,9.6,5.0,25.7,16.9,06:40:02,17:23:20,"[-11.2, 3.4, 13.3]","[-15.1, -3.4, 4.3]","[-24.8, 3.4, 13.3]","[0.0, 0.9, 10.0]","[54.5, 78.5, 92.0]","[3.4, 37.4, 88.9]","[16.2, 27.4, 37.8]","[46.8, 67.7, 93.6]","[37.0, 187.2, 254.3]","[0.0, 68.5, 100.0]"
2024-02-26,11.6,1.8,6.5,11.6,-2.2,3.8,3.0,79.3,0.0,0.0,,0.0,2.4,72.0,28.6,162.6,1006.6,71.3,26.2,90.5,7.8,5.0,28.6,18.4,06:38:05,17:24:59,"[-10.6, 3.1, 13.0]","[-15.5, -3.2, 0.5]","[-25.3, 3.1, 13.0]","[0.0, 1.1, 6.2]","[54.9, 80.7, 97.2]","[3.4, 37.0, 90.6]","[14.0, 28.1, 41.8]","[43.2, 65.9, 108.0]","[34.3, 173.1, 258.5]","[0.0, 75.4, 99.7]"
2024-02-27,14.3,4.0,9.1,14.3,0.6,7.5,5.1,77.0,0.281,25.0,['rain'],0.0,2.5,79.2,20.0,174.4,1012.4,86.8,21.3,116.9,10.0,5.0,20.0,14.3,06:36:06,17:26:38,"[-12.3, 3.2, 12.0]","[-15.1, -3.2, 3.3]","[-26.4, 3.2, 12.0]","[0.0, 1.4, 8.7]","[55.6, 79.4, 94.0]","[3.3, 31.5, 93.4]","[13.7, 28.1, 42.5]","[46.8, 66.2, 100.8]","[31.0, 181.5, 329.0]","[2.6, 71.3, 100.0]"
2024-02-28,10.2,6.1,7.9,10.2,3.9,6.1,6.2,88.9,0.604,16.67,['rain'],0.0,2.3,54.0,14.4,343.2,1018.6,96.3,11.2,77.5,6.8,4.0,14.4,11.4,06:34:07,17:28:16,"[-10.4, 3.3, 11.9]","[-16.0, -3.4, 3.0]","[-25.8, 3.3, 11.9]","[0.0, 1.5, 10.5]","[61.6, 79.9, 91.8]","[0.0, 27.9, 95.1]","[13.3, 28.1, 50.0]","[46.8, 70.2, 126.0]","[39.8, 185.7, 267.5]","[4.5, 68.8, 98.8]"
2024-02-29,10.4,5.1,7.1,10.4,2.6,5.3,5.6,90.4,0.0,0.0,,0.0,2.0,54.0,13.5,32.9,1019.0,81.9,6.5,105.5,9.2,5.0,13.5,10.4,06:32:07,17:29:54,"[-10.4, 3.3, 11.9]","[-16.0, -3.4, 3.0]","[-25.8, 3.3, 11.9]","[0.0, 1.5, 10.5]","[61.6, 79.9, 91.8]","[0.0, 27.9, 95.1]","[13.3, 28.1, 50.0]","[46.8, 70.2, 126.0]","[39.8, 185.7, 267.5]","[4.5, 68.8, 98.8]"
2024-03-01,11.2,4.1,7.6,11.2,0.8,5.5,5.6,87.6,1.894,25.0,['rain'],0.0,1.8,75.6,17.2,142.7,1010.7,89.2,12.0,50.3,4.2,3.0,17.2,12.9,06:30:06,17:31:32,"[-6.8, 3.6, 8.2]","[-17.8, -2.5, 3.9]","[-27.7, 3.6, 8.2]","[0.0, 2.5, 11.5]","[64.5, 82.0, 96.6]","[0.0, 27.1, 93.9]","[14.0, 28.4, 49.0]","[50.4, 68.4, 122.4]","[13.5, 180.2, 275.6]","[2.7, 76.1, 100.0]"
2024-03-02,9.4,4.8,7.2,7.5,1.9,5.0,6.1,92.5,0.878,33.33,['rain'],0.0,1.5,75.6,15.9,150.2,1010.2,92.1,9.7,56.5,4.9,2.0,15.9,11.8,06:28:04,17:33:09,"[-7.4, 3.4, 10.4]","[-15.4, -3.3, 3.0]","[-23.7, 3.4, 10.4]","[0.0, 0.9, 9.8]","[56.7, 77.0, 91.2]","[2.8, 36.6, 91.7]","[14.4, 27.0, 44.3]","[46.8, 72.7, 126.0]","[44.3, 190.6, 283.3]","[13.3, 65.8, 97.9]"
2024-03-03,12.2,5.7,8.9,12.2,2.4,7.1,4.7,76.1,0.0,0.0,,0.0,1.4,68.4,26.2,153.3,1007.6,75.7,27.4,98.7,8.6,6.0,26.2,17.9,06:26:02,17:34:46,"[-6.4, 3.5, 12.2]","[-14.5, -3.1, 2.7]","[-22.5, 3.5, 12.2]","[0.0, 1.0, 9.6]","[60.4, 77.4, 95.4]","[2.7, 36.3, 90.1]","[13.0, 28.4, 46.4]","[43.2, 73.8, 111.6]","[37.3, 192.1, 268.2]","[20.9, 73.6, 97.8]"
2024-03-04,14.2,3.4,8.4,14.2,-0.2,6.6,3.7,74.6,0.171,4.17,['rain'],0.0,1.2,75.6,23.7,202.2,1007.3,33.1,34.1,158.3,13.7,6.0,23.7,14.4,06:23:59,17:36:23,"[-1.8, 3.7, 14.6]","[-13.9, -2.9, 5.6]","[-19.2, 3.7, 14.6]","[0.0, 1.4, 6.5]","[57.3, 77.5, 92.8]","[2.5, 36.5, 90.3]","[11.5, 25.6, 55.8]","[39.6, 65.2, 108.0]","[28.3, 171.2, 282.8]","[8.8, 74.0, 99.6]"
2024-03-05,6.9,4.0,5.4,4.9,0.9,2.9,3.7,88.5,0.865,37.5,['rain'],0.0,1.1,26.3,14.4,17.7,1013.7,96.6,6.9,64.0,5.7,4.0,14.4,11.4,06:21:55,17:38:00,"[-5.2, 3.5, 12.4]","[-12.4, -3.7, 4.8]","[-19.3, 3.5, 12.4]","[0.0, 0.9, 7.0]","[48.5, 75.2, 92.8]","[2.5, 36.5, 90.7]","[15.1, 28.1, 56.9]","[43.2, 70.9, 111.6]","[34.5, 169.1, 333.4]","[1.2, 63.1, 96.8]"
2024-03-06,4.8,1.0,3.0,1.2,-2.9,-1.1,0.5,84.2,0.361,20.83,['rain'],0.0,0.9,46.3,25.5,25.3,1020.0,68.5,8.8,153.4,13.4,6.0,25.5,17.8,06:19:51,17:39:36,"[-5.6, 3.0, 13.9]","[-16.0, -3.5, 3.0]","[-23.3, 3.0, 13.9]","[0.0, 1.1, 10.4]","[61.6, 75.6, 92.7]","[2.5, 36.3, 94.7]","[14.8, 29.2, 49.0]","[39.6, 69.1, 133.2]","[33.1, 177.3, 282.5]","[10.5, 60.1, 99.7]"
2024-03-07,3.0,0.6,1.3,-1.4,-4.9,-3.6,-1.0,84.8,0.484,45.83,"['rain', 'snow']",0.0,0.7,49.4,24.0,39.7,1022.1,96.4,9.0,81.0,7.1,5.0,24.0,19.9,06:17:46,17:41:12,"[-5.3, 4.3, 18.1]","[-10.8, -2.6, 5.7]","[-16.8, 4.3, 18.1]","[0.0, 1.3, 15.6]","[54.8, 75.8, 94.6]","[2.4, 36.2, 102.3]","[13.0, 27.0, 50.4]","[39.6, 62.6, 100.8]","[74.0, 189.4, 254.0]","[7.9, 67.6, 100.0]"
2024-03-08,5.2,-0.3,2.0,2.8,-4.3,-1.0,-0.7,82.4,0.0,0.0,,0.0,0.8,43.2,15.5,26.7,1020.9,77.7,11.7,72.3,6.1,4.0,15.5,10.6,06:15:41,17:42:48,"[-1.6, 4.4, 10.8]","[-13.5, -2.7, 3.8]","[-19.5, 4.4, 10.8]","[0.0, 1.5, 10.1]","[49.4, 77.9, 96.1]","[2.1, 36.1, 105.3]","[13.0, 23.8, 40.0]","[39.6, 58.7, 93.6]","[76.4, 194.0, 283.3]","[16.2, 65.0, 99.2]"
2024-03-09,7.2,0.6,4.5,3.6,-3.5,0.5,0.0,73.8,0.0,0.0,,0.0,1.0,68.4,24.9,153.4,1014.2,84.0,19.3,69.4,6.0,3.0,24.9,19.8,06:13:35,17:44:24,"[-4.0, 4.3, 10.1]","[-10.9, -2.9, 1.7]","[-18.8, 4.3, 10.1]","[0.0, 1.9, 11.4]","[44.8, 78.0, 99.0]","[1.9, 36.3, 106.5]","[10.4, 25.6, 50.8]","[39.6, 62.6, 111.6]","[25.4, 171.8, 263.1]","[2.5, 65.1, 100.0]"
2024-03-10,11.3,6.3,9.1,11.3,2.5,7.4,3.7,68.6,0.0,0.0,,0.0,0.5,64.7,30.4,150.7,1006.0,96.8,25.1,81.0,7.1,3.0,30.4,24.7,06:11:29,17:45:59,"[-5.4, 5.0, 11.2]","[-12.8, -2.1, 1.5]","[-20.2, 5.0, 11.2]","[0.0, 1.9, 12.3]","[53.4, 77.3, 96.5]","[1.9, 35.8, 105.9]","[14.0, 27.4, 48.6]","[46.8, 64.4, 86.4]","[47.7, 191.4, 263.4]","[9.7, 68.7, 99.5]"
2024-03-11,11.3,7.9,9.9,11.3,5.9,9.0,6.3,78.7,2.606,37.5,['rain'],0.0,0.0,63.7,25.5,157.4,1005.4,96.0,21.1,80.5,7.0,6.0,25.5,15.8,06:09:23,17:47:34,"[-2.5, 5.4, 13.1]","[-9.7, -1.5, 4.5]","[-18.0, 5.4, 13.1]","[0.0, 1.7, 11.2]","[45.8, 77.8, 97.5]","[1.8, 35.2, 105.5]","[15.1, 30.6, 54.0]","[39.6, 71.3, 115.2]","[12.5, 192.4, 297.1]","[0.0, 73.3, 100.0]"
2024-03-12,7.8,5.6,7.0,6.6,3.3,4.7,6.1,94.0,10.267,100.0,['rain'],0.0,0.0,54.0,16.0,12.1,1010.4,99.3,6.0,20.8,1.9,1.0,16.0,12.3,06:07:16,17:49:09,"[-3.4, 5.7, 16.1]","[-8.7, -0.9, 7.7]","[-16.8, 5.7, 16.1]","[0.0, 1.7, 9.8]","[38.9, 76.6, 96.9]","[1.5, 35.1, 106.2]","[16.9, 29.2, 45.0]","[39.6, 78.1, 241.2]","[30.4, 195.9, 275.8]","[11.0, 74.1, 100.0]"
2024-03-13,10.9,4.9,6.6,10.9,2.4,4.5,3.8,82.8,2.187,25.0,['rain'],0.0,0.0,64.8,19.0,6.9,1016.6,89.4,12.1,113.0,9.7,7.0,19.0,11.6,06:05:09,17:50:44,"[-6.0, 5.7, 15.1]","[-10.2, -0.9, 4.9]","[-20.4, 5.7, 15.1]","[0.0, 1.3, 7.0]","[37.8, 74.3, 96.3]","[1.3, 35.1, 105.3]","[11.5, 29.2, 42.5]","[43.2, 67.3, 115.2]","[12.7, 188.2, 299.3]","[0.1, 71.8, 100.0]"
2024-03-14,10.4,4.2,6.6,10.4,2.1,5.5,1.7,72.6,0.0,0.0,,0.0,0.0,39.6,9.3,61.7,1017.3,84.3,19.0,101.0,8.8,8.0,9.3,6.6,06:03:01,17:52:18,"[-5.0, 5.2, 16.1]","[-8.0, -1.4, 6.4]","[-17.8, 5.2, 16.1]","[0.0, 1.3, 5.1]","[35.1, 78.0, 97.4]","[1.2, 35.0, 101.8]","[12.2, 28.1, 46.8]","[43.2, 66.6, 108.0]","[14.8, 181.0, 274.0]","[3.7, 69.1, 100.0]"
2024-03-15,13.5,2.6,7.8,13.5,0.2,6.3,2.6,70.7,0.0,0.0,,0.0,0.0,39.6,18.8,217.7,1015.4,81.3,27.9,140.3,12.0,7.0,18.8,12.8,06:00:54,17:53:52,"[-4.2, 5.0, 12.6]","[-7.9, -1.3, 4.7]","[-17.6, 5.0, 12.6]","[0.0, 1.5, 11.7]","[40.0, 78.3, 94.9]","[0.9, 34.8, 97.2]","[13.7, 24.5, 39.2]","[39.6, 63.0, 93.6]","[27.8, 166.9, 284.2]","[21.3, 74.2, 99.6]"
2024-03-16,11.8,6.7,9.0,11.8,4.4,7.5,5.9,80.9,2.693,54.17,['rain'],0.0,0.0,46.8,17.9,223.3,1016.0,87.0,21.4,98.3,8.7,7.0,17.9,13.5,05:58:46,17:55:26,"[-2.6, 6.0, 12.6]","[-8.7, -0.5, 5.1]","[-15.1, 6.0, 12.6]","[0.0, 2.4, 10.8]","[41.4, 80.8, 95.3]","[0.9, 34.2, 91.1]","[15.5, 26.6, 51.5]","[39.6, 64.8, 100.8]","[32.0, 190.5, 299.5]","[13.8, 75.7, 98.8]"
2024-03-17,7.9,1.1,4.6,5.1,-1.9,1.7,-0.7,69.7,3.948,25.0,['rain'],0.0,0.1,55.3,20.7,322.1,1022.0,58.1,35.3,129.3,11.1,7.0,20.7,13.4,05:56:38,17:57:00,"[-3.2, 7.8, 17.1]","[-10.9, -0.6, 6.4]","[-18.8, 7.8, 17.1]","[0.0, 1.1, 5.6]","[52.7, 77.6, 95.7]","[0.3, 32.3, 76.8]","[14.0, 27.7, 39.2]","[54.0, 67.3, 90.0]","[20.8, 196.8, 268.6]","[2.7, 60.7, 100.0]"
2024-03-18,1.6,-2.0,-0.2,-1.7,-6.0,-3.8,-4.3,74.2,0.0,0.0,,0.0,0.0,39.6,16.3,16.3,1020.2,65.5,27.7,128.0,11.1,5.0,16.3,11.4,05:54:29,17:58:34,"[-6.4, 7.5, 17.7]","[-9.9, 0.0, 5.1]","[-20.3, 7.5, 17.7]","[0.0, 1.9, 10.7]","[55.3, 75.0, 96.3]","[0.0, 31.0, 78.1]","[16.9, 27.4, 41.4]","[43.2, 68.4, 108.0]","[51.7, 203.4, 309.2]","[9.6, 67.2, 100.0]"
2024-03-19,3.8,-2.3,0.4,1.9,-5.3,-2.5,-3.7,75.0,0.076,12.5,"['rain', 'snow']",0.0,0.0,33.5,14.0,23.2,1023.3,57.8,19.8,117.6,10.0,8.0,14.0,9.1,05:52:21,18:00:07,"[-6.2, 5.8, 16.1]","[-9.6, -1.4, 6.1]","[-18.6, 5.8, 16.1]","[0.0, 1.6, 7.5]","[49.0, 75.7, 90.4]","[0.0, 31.1, 78.5]","[16.9, 26.3, 40.7]","[28.8, 61.6, 97.2]","[23.9, 182.5, 269.4]","[0.9, 67.6, 100.0]"
2024-03-20,10.4,-2.5,3.7,10.4,-5.8,1.6,-3.3,62.9,0.0,0.0,,0.0,0.0,23.8,15.1,227.0,1023.3,45.3,28.0,200.2,17.2,7.0,15.1,9.5,05:50:12,18:01:41,"[-3.2, 5.4, 15.2]","[-8.7, -1.6, 8.0]","[-14.1, 5.4, 15.2]","[0.0, 1.5, 18.7]","[44.3, 75.0, 98.5]","[0.0, 31.5, 79.5]","[11.5, 23.8, 35.6]","[43.2, 58.3, 75.6]","[33.4, 187.3, 256.4]","[4.0, 63.0, 100.0]"
2024-03-21,13.8,0.7,7.4,13.8,-2.0,6.2,1.0,65.5,0.072,8.33,['rain'],0.0,0.0,19.1,10.3,291.4,1020.4,78.3,27.1,165.7,14.3,6.0,10.3,7.4,05:48:03,18:03:14,"[-2.4, 6.2, 17.6]","[-8.6, -1.5, 7.5]","[-17.3, 6.2, 17.6]","[0.0, 1.4, 8.6]","[43.0, 74.0, 97.1]","[0.0, 31.2, 78.8]","[11.5, 25.6, 49.7]","[39.6, 63.0, 118.8]","[19.9, 195.1, 302.8]","[8.9, 65.9, 100.0]"
2024-03-22,11.5,6.7,8.9,11.5,4.7,7.7,4.1,72.6,0.0,0.0,,0.0,0.0,39.6,18.9,246.1,1017.9,95.0,20.4,103.7,9.0,4.0,18.9,11.4,05:45:55,18:04:47,"[-3.0, 5.8, 18.2]","[-9.3, -1.7, 6.1]","[-15.9, 5.8, 18.2]","[0.0, 1.9, 17.2]","[41.1, 73.6, 93.1]","[0.0, 30.8, 78.1]","[12.2, 23.0, 36.7]","[39.6, 59.0, 108.0]","[35.0, 168.9, 272.6]","[4.0, 65.0, 100.0]"
2024-03-23,17.1,3.2,9.1,17.1,0.5,7.0,3.6,70.1,4.749,25.0,['rain'],0.0,0.0,75.9,30.3,237.3,1007.4,86.4,29.2,114.3,9.8,7.0,30.3,17.9,05:43:46,18:06:20,"[-5.5, 7.1, 18.1]","[-11.3, -1.6, 6.7]","[-20.9, 7.1, 18.1]","[0.0, 1.8, 14.8]","[36.6, 74.1, 96.6]","[0.0, 30.2, 80.4]","[16.6, 23.4, 38.5]","[39.6, 61.6, 100.8]","[31.7, 180.0, 302.4]","[7.0, 65.3, 97.9]"
2024-03-24,6.2,1.0,3.3,2.7,-3.2,-0.5,-0.4,77.7,1.23,29.17,"['rain', 'snow']",0.0,0.0,55.8,24.8,233.6,1006.4,75.2,31.5,135.5,11.7,9.0,24.8,16.3,05:41:37,18:07:53,"[-3.5, 7.0, 14.8]","[-12.1, -0.9, 5.4]","[-21.8, 7.0, 14.8]","[0.0, 1.9, 20.1]","[43.5, 72.6, 98.4]","[0.3, 29.6, 81.8]","[14.4, 24.1, 40.7]","[39.6, 63.0, 93.6]","[28.6, 165.8, 302.2]","[0.7, 57.1, 100.0]"
2024-03-25,6.4,0.2,3.4,3.3,-2.9,-0.5,0.1,79.9,1.846,70.83,"['rain', 'snow']",0.5,0.4,57.6,25.8,254.3,1006.3,68.1,23.1,76.0,6.4,3.0,25.8,17.7,05:39:29,18:09:26,"[-4.5, 7.6, 16.6]","[-7.8, -1.4, 3.4]","[-17.0, 7.6, 16.6]","[0.0, 1.2, 14.7]","[49.3, 71.0, 94.2]","[0.8, 29.1, 83.6]","[13.0, 26.6, 41.0]","[43.2, 67.0, 97.2]","[14.7, 196.5, 332.0]","[10.0, 59.5, 100.0]"
2024-03-26,14.9,-1.6,6.9,14.9,-6.2,5.0,-2.7,56.4,0.0,0.0,,0.0,0.3,68.4,36.2,157.8,1004.8,52.0,28.5,202.8,17.4,7.0,36.2,19.6,05:37:20,18:10:58,"[-4.4, 7.1, 16.0]","[-6.5, -0.4, 7.6]","[-15.3, 7.1, 16.0]","[0.0, 1.2, 9.8]","[56.7, 74.9, 95.2]","[0.3, 28.2, 83.7]","[13.7, 27.0, 46.8]","[39.6, 61.6, 97.2]","[27.0, 170.8, 302.3]","[3.8, 68.5, 100.0]"
2024-03-27,14.8,7.2,11.5,14.8,2.8,10.7,2.5,54.8,0.0,0.0,,0.0,0.0,78.9,36.6,170.2,995.8,59.3,28.4,198.1,16.9,7.0,36.6,24.1,05:35:11,18:12:31,"[-2.2, 9.0, 16.9]","[-7.2, -0.5, 3.8]","[-15.7, 9.0, 16.9]","[0.0, 0.9, 3.8]","[52.4, 72.5, 94.2]","[0.0, 27.3, 83.0]","[13.0, 23.4, 37.1]","[39.6, 64.4, 129.6]","[23.8, 168.7, 284.9]","[3.3, 58.3, 100.0]"
2024-03-28,15.8,7.1,12.8,15.8,4.6,12.2,5.8,64.0,4.8,66.67,['rain'],0.0,0.0,51.8,33.6,197.8,994.1,65.3,9.8,150.0,13.0,7.0,33.6,23.5,05:33:03,18:14:03,"[-0.2, 9.7, 17.7]","[-4.9, 0.8, 5.9]","[-9.6, 9.7, 17.7]","[0.0, 0.9, 11.0]","[46.6, 72.3, 91.9]","[0.0, 26.3, 79.5]","[11.9, 24.1, 49.0]","[39.6, 61.9, 118.8]","[30.3, 191.5, 260.0]","[2.1, 59.1, 96.8]"
2024-03-29,17.2,2.1,11.8,17.2,-0.4,10.7,4.5,63.1,0.1,4.17,['rain'],0.0,0.0,65.5,31.6,201.2,1007.0,42.5,10.0,205.2,17.6,7.0,31.6,21.3,05:30:55,18:15:36,"[2.1, 9.8, 17.1]","[-2.9, 1.3, 5.0]","[-8.5, 9.8, 17.1]","[0.0, 2.2, 20.5]","[57.5, 74.7, 97.3]","[0.0, 25.3, 74.0]","[12.2, 24.8, 38.9]","[43.2, 67.7, 118.8]","[62.8, 206.6, 285.0]","[3.7, 62.9, 97.9]"
2024-03-30,20.8,9.4,16.9,20.8,8.3,16.8,6.3,52.4,0.0,0.0,,0.0,0.0,64.8,28.1,194.0,1005.6,15.9,10.0,154.8,13.4,6.0,28.1,16.8,05:28:47,18:17:08,"[0.4, 10.9, 16.4]","[-5.5, 0.9, 7.0]","[-12.0, 10.9, 16.4]","[0.0, 1.9, 12.6]","[53.5, 70.9, 91.0]","[0.0, 24.6, 74.3]","[11.9, 22.0, 39.2]","[43.2, 58.3, 90.0]","[48.3, 198.6, 278.7]","[0.0, 57.0, 100.0]"
2024-03-31,22.0,13.2,18.3,22.0,13.2,18.3,4.9,42.2,0.0,0.0,,0.0,0.0,68.0,40.9,199.9,1002.7,52.4,10.0,172.9,14.4,7.0,40.9,20.6,06:26:39,19:18:40,"[0.6, 11.1, 20.0]","[-7.0, 1.2, 6.3]","[-12.3, 11.1, 20.0]","[0.0, 2.2, 19.6]","[53.7, 71.7, 98.0]","[0.0, 24.4, 72.1]","[14.4, 28.4, 55.4]","[36.0, 65.2, 108.0]","[53.0, 190.9, 275.1]","[1.5, 53.4, 100.0]"
2024-04-01,24.8,10.7,17.9,24.8,10.7,17.9,6.9,51.1,0.561,12.5,['rain'],0.0,0.0,77.4,33.6,200.2,999.5,50.5,11.1,159.4,13.8,6.0,33.6,23.5,06:24:31,19:20:13,"[-0.2, 9.8, 19.8]","[-6.7, 0.7, 8.0]","[-11.9, 9.8, 19.8]","[0.0, 1.2, 8.4]","[50.2, 68.9, 97.2]","[0.0, 23.7, 67.7]","[14.0, 24.8, 41.4]","[43.2, 61.2, 86.4]","[29.6, 172.4, 285.8]","[0.0, 51.3, 100.0]"
2024-04-02,12.8,6.3,9.5,12.8,3.0,7.8,5.5,77.5,14.181,29.17,['rain'],0.0,0.0,58.0,23.6,249.6,1005.0,66.6,10.9,64.5,5.6,4.0,23.6,19.1,06:22:24,19:21:45,"[0.1, 10.0, 21.1]","[-5.8, 0.5, 9.1]","[-10.3, 10.0, 21.1]","[0.0, 1.2, 9.5]","[45.4, 67.4, 94.6]","[0.0, 22.9, 64.3]","[13.0, 24.5, 42.5]","[41.8, 59.0, 86.4]","[58.6, 174.4, 267.0]","[0.6, 49.8, 100.0]"
2024-04-03,14.0,4.8,9.1,14.0,0.9,7.3,3.5,69.2,0.608,20.83,['rain'],0.0,0.0,54.0,27.5,236.0,1010.9,66.5,39.9,179.6,15.3,8.0,27.5,17.8,06:20:17,19:23:17,"[-1.2, 11.2, 18.8]","[-4.4, 0.9, 7.4]","[-10.9, 11.2, 18.8]","[0.0, 1.1, 8.0]","[49.8, 69.2, 91.0]","[0.0, 21.8, 60.8]","[7.6, 24.1, 46.8]","[39.6, 59.0, 86.4]","[28.1, 196.0, 309.1]","[2.8, 55.1, 99.5]"
2024-04-04,15.2,6.9,10.4,15.2,4.3,9.4,6.5,78.5,2.278,33.33,['rain'],0.0,0.0,44.4,21.3,220.3,1013.5,85.4,33.5,120.7,10.4,6.0,21.3,14.7,06:18:11,19:24:49,"[1.2, 11.4, 21.4]","[-3.9, 1.9, 8.3]","[-10.6, 11.4, 21.4]","[0.0, 0.8, 8.6]","[43.9, 68.3, 89.2]","[0.0, 20.6, 57.6]","[15.8, 25.2, 38.5]","[39.6, 59.8, 97.2]","[21.8, 165.5, 241.7]","[4.0, 56.2, 99.0]"
2024-04-05,16.6,6.4,11.7,16.6,3.4,10.6,7.1,75.0,1.084,8.33,['rain'],0.0,0.0,64.8,19.5,223.9,1017.6,68.0,37.8,225.7,19.6,8.0,19.5,16.7,06:16:04,19:26:21,"[0.6, 9.7, 23.0]","[-5.1, 2.0, 8.0]","[-11.0, 9.7, 23.0]","[0.0, 2.1, 16.1]","[45.5, 73.4, 96.3]","[0.0, 20.8, 54.6]","[12.6, 25.6, 44.6]","[39.6, 60.8, 82.8]","[37.2, 168.1, 276.8]","[10.0, 70.2, 100.0]"
2024-04-06,19.8,11.3,14.9,19.8,11.3,14.9,9.3,69.8,0.356,16.67,['rain'],0.0,0.0,61.2,17.1,265.8,1017.8,82.1,43.2,163.5,14.1,7.0,17.1,11.6,06:13:59,19:27:53,"[-1.9, 7.8, 16.3]","[-5.9, 1.4, 7.8]","[-13.4, 7.8, 16.3]","[0.0, 2.3, 10.4]","[45.1, 77.1, 94.4]","[0.0, 21.0, 52.0]","[15.5, 24.1, 33.8]","[39.6, 54.7, 79.2]","[44.5, 208.2, 322.1]","[56.8, 77.5, 99.9]"
2024-04-07,23.8,9.8,16.2,23.8,8.8,16.1,9.9,68.2,0.0,0.0,,0.0,0.0,43.2,21.9,228.8,1019.3,58.5,41.9,215.2,18.7,8.0,21.9,12.1,06:11:53,19:29:25,"[-0.9, 10.1, 19.6]","[-6.9, 1.0, 9.1]","[-14.1, 10.1, 19.6]","[0.0, 1.2, 10.9]","[33.9, 72.0, 91.5]","[0.0, 20.2, 48.1]","[11.5, 24.1, 42.8]","[39.6, 60.5, 90.0]","[67.5, 200.2, 298.8]","[10.4, 64.9, 98.6]"
2024-04-08,22.8,13.1,17.7,22.8,13.1,17.7,8.8,57.8,0.0,0.0,,0.0,0.0,63.0,29.3,190.9,1016.0,75.8,41.9,216.7,18.7,8.0,29.3,21.4,06:09:48,19:30:57,"[-2.6, 10.2, 19.6]","[-6.3, 1.2, 7.5]","[-14.0, 10.2, 19.6]","[0.0, 2.1, 10.8]","[33.5, 68.3, 89.9]","[0.0, 19.2, 45.4]","[10.4, 27.0, 43.2]","[39.6, 65.2, 100.8]","[31.7, 204.8, 335.6]","[8.0, 59.3, 98.7]"
2024-04-09,23.3,12.9,17.5,23.3,12.9,17.5,6.9,51.6,0.0,0.0,,0.0,0.0,64.8,28.0,173.7,1011.4,51.1,40.1,206.4,17.7,6.0,28.0,20.2,06:07:44,19:32:29,"[-0.2, 11.1, 21.9]","[-6.7, 1.5, 12.4]","[-13.3, 11.1, 21.9]","[0.0, 2.5, 17.9]","[39.5, 69.8, 95.6]","[0.0, 18.2, 43.4]","[14.0, 25.9, 46.4]","[43.2, 62.3, 97.2]","[18.0, 196.9, 326.0]","[7.1, 61.3, 100.0]"
2024-04-10,13.7,7.8,9.6,13.7,4.7,7.7,6.2,79.4,0.754,45.83,['rain'],0.0,0.0,61.2,22.8,358.1,1023.5,90.1,24.0,36.3,3.2,2.0,22.8,16.2,06:05:40,19:34:01,"[3.5, 10.3, 17.7]","[-4.6, 2.1, 9.0]","[-9.5, 10.3, 17.7]","[0.0, 2.0, 9.7]","[45.8, 71.7, 94.8]","[0.0, 17.3, 40.9]","[11.9, 25.2, 36.7]","[43.2, 63.0, 97.2]","[39.2, 178.6, 295.9]","[4.1, 66.0, 100.0]"
2024-04-11,15.4,6.2,10.6,15.4,3.6,9.4,5.6,72.6,0.0,0.0,,0.0,0.0,68.4,17.7,24.3,1031.9,50.5,28.0,233.4,20.0,7.0,17.7,12.7,06:03:37,19:35:33,"[2.6, 10.9, 20.4]","[-1.0, 2.4, 7.3]","[-6.9, 10.9, 20.4]","[0.0, 1.3, 8.7]","[49.0, 74.3, 96.3]","[0.0, 16.5, 40.7]","[14.4, 24.8, 42.8]","[39.6, 65.9, 115.2]","[28.8, 143.0, 282.1]","[6.3, 71.4, 100.0]"
2024-04-12,18.8,4.1,11.8,18.8,1.4,10.9,5.4,67.5,0.0,0.0,,0.0,0.0,46.8,12.0,334.6,1031.0,42.2,33.6,240.8,20.7,8.0,12.0,8.5,06:01:34,19:37:05,"[2.3, 11.9, 22.8]","[-3.8, 2.3, 7.6]","[-7.8, 11.9, 22.8]","[0.0, 0.8, 6.9]","[51.4, 72.6, 87.2]","[0.0, 15.7, 40.5]","[14.0, 25.2, 43.2]","[36.0, 61.6, 86.4]","[33.0, 154.9, 265.8]","[10.0, 62.2, 100.0]"
2024-04-13,20.2,7.6,13.8,20.2,5.6,13.2,7.7,68.4,0.0,0.0,,0.0,0.0,46.8,17.6,268.8,1026.0,65.9,34.5,232.4,20.1,8.0,17.6,12.4,05:59:32,19:38:37,"[1.1, 11.4, 18.4]","[-1.6, 2.7, 10.3]","[-8.0, 11.4, 18.4]","[0.0, 2.0, 16.0]","[53.0, 74.1, 94.0]","[0.0, 15.2, 40.5]","[10.4, 24.1, 35.3]","[36.0, 57.6, 82.8]","[38.0, 176.6, 292.5]","[1.7, 66.1, 100.0]"
2024-04-14,20.3,9.9,15.3,20.3,8.1,15.2,9.2,68.3,0.0,0.0,,0.0,0.0,54.0,22.7,278.8,1018.5,86.5,35.5,176.1,15.2,6.0,22.7,15.3,05:57:31,19:40:09,"[2.2, 10.9, 19.2]","[-1.5, 3.1, 7.2]","[-6.7, 10.9, 19.2]","[0.0, 3.3, 18.4]","[44.8, 72.1, 95.2]","[0.0, 15.0, 41.0]","[14.4, 24.5, 34.9]","[46.8, 57.6, 75.6]","[17.9, 167.0, 328.0]","[1.7, 61.3, 99.2]"
2024-04-15,13.3,10.1,11.3,13.3,10.1,11.3,9.1,86.5,4.678,62.5,['rain'],0.0,0.0,57.6,19.3,316.7,1009.5,94.2,18.4,50.2,4.3,2.0,19.3,10.3,05:55:30,19:41:41,"[0.9, 12.3, 21.9]","[-2.5, 2.9, 6.9]","[-8.1, 12.3, 21.9]","[0.0, 2.3, 15.5]","[46.2, 70.8, 95.4]","[0.0, 14.1, 45.2]","[14.0, 24.1, 36.0]","[39.6, 54.0, 68.4]","[40.7, 173.9, 328.2]","[3.2, 59.0, 100.0]"
2024-04-16,10.6,4.2,6.8,10.6,0.6,3.9,1.9,71.6,0.623,16.67,['rain'],0.0,0.0,55.8,24.3,238.0,1004.3,91.3,34.7,96.2,8.0,4.0,24.3,19.1,05:53:30,19:43:13,"[2.6, 12.0, 19.1]","[-0.8, 3.1, 12.2]","[-4.9, 12.0, 19.1]","[0.0, 2.4, 13.7]","[45.8, 70.1, 89.5]","[0.0, 13.4, 48.6]","[14.4, 24.8, 32.8]","[43.2, 55.8, 72.0]","[57.6, 181.8, 289.5]","[5.4, 59.6, 100.0]"
2024-04-17,6.4,3.0,4.3,3.0,-0.1,1.2,1.2,80.3,3.113,66.67,['rain'],0.0,0.1,50.4,19.0,342.2,1005.2,87.3,26.0,115.6,9.8,5.0,19.0,13.6,05:51:31,19:44:45,"[3.7, 11.9, 19.7]","[-1.5, 3.1, 8.8]","[-6.5, 11.9, 19.7]","[0.0, 1.0, 4.3]","[46.1, 70.8, 87.7]","[0.0, 12.6, 48.0]","[16.2, 23.4, 37.1]","[39.6, 58.3, 97.2]","[33.9, 159.8, 273.0]","[17.2, 61.4, 99.9]"
2024-04-18,6.4,1.3,3.5,3.3,-1.6,0.5,0.1,79.0,1.308,41.67,['rain'],0.0,0.3,50.8,18.7,0.3,1011.6,74.9,22.4,170.3,14.5,9.0,18.7,12.3,05:49:33,19:46:17,"[2.7, 12.4, 21.3]","[-2.5, 2.7, 8.8]","[-8.0, 12.4, 21.3]","[0.0, 1.5, 10.4]","[52.8, 70.9, 89.6]","[0.0, 11.6, 45.2]","[14.0, 21.2, 29.2]","[39.6, 52.2, 68.4]","[40.8, 156.7, 308.0]","[5.9, 60.7, 100.0]"
2024-04-19,7.5,-1.1,3.4,4.2,-5.1,-0.3,-0.4,77.3,0.546,33.33,['rain'],0.0,0.2,53.1,25.0,223.7,1011.8,78.9,26.2,158.4,13.9,8.0,25.0,17.3,05:47:35,19:47:49,"[0.5, 12.1, 20.2]","[-2.0, 3.1, 7.6]","[-9.3, 12.1, 20.2]","[0.0, 1.5, 12.0]","[48.1, 72.2, 91.9]","[0.0, 10.7, 41.8]","[15.5, 24.5, 39.6]","[36.0, 53.3, 72.0]","[10.8, 140.2, 287.3]","[0.4, 60.0, 100.0]"
2024-04-20,6.4,1.4,3.6,4.6,-3.2,0.1,1.9,88.3,10.449,100.0,"['rain', 'snow']",0.0,0.2,51.3,20.2,262.7,1010.0,97.5,16.8,139.8,12.1,7.0,20.2,14.9,05:45:39,19:49:20,"[0.7, 12.7, 20.4]","[-2.1, 3.4, 9.4]","[-8.4, 12.7, 20.4]","[0.0, 1.0, 8.1]","[42.5, 68.8, 91.1]","[0.0, 9.5, 38.0]","[10.8, 22.7, 39.6]","[32.4, 57.2, 82.8]","[13.7, 143.7, 300.1]","[10.0, 56.4, 96.4]"
2024-04-21,2.1,0.1,1.2,-2.6,-4.8,-3.5,-0.9,85.9,4.1,100.0,"['rain', 'snow']",1.2,1.0,54.0,21.9,6.2,1018.5,99.1,14.1,64.7,5.6,3.0,21.9,18.9,05:43:43,19:50:52,"[4.7, 13.5, 24.4]","[-4.3, 2.5, 8.6]","[-10.4, 13.5, 24.4]","[0.0, 0.3, 3.6]","[45.5, 64.1, 88.9]","[0.0, 8.2, 34.3]","[10.8, 21.2, 34.2]","[43.2, 56.9, 82.8]","[28.7, 150.2, 248.0]","[3.3, 43.6, 86.7]"
2024-04-22,4.5,-0.5,1.7,1.9,-4.8,-2.3,-2.2,76.4,1.626,54.17,"['rain', 'snow']",0.3,1.5,52.2,19.3,21.7,1021.1,78.7,20.9,219.1,19.0,9.0,19.3,14.7,05:41:48,19:52:23,"[6.9, 13.9, 20.9]","[-4.6, 3.2, 10.0]","[-9.2, 13.9, 20.9]","[0.0, 1.6, 12.8]","[46.6, 65.1, 90.0]","[0.0, 7.1, 33.2]","[12.6, 19.8, 30.6]","[39.6, 53.6, 75.6]","[59.7, 158.8, 277.7]","[8.7, 45.3, 99.7]"
2024-04-23,10.0,-2.0,3.2,7.8,-6.0,-0.1,-1.2,73.7,0.038,8.33,['rain'],0.0,1.7,43.2,18.6,36.8,1017.5,80.7,16.7,138.3,11.9,6.0,18.6,13.8,05:39:54,19:53:55,"[4.7, 14.2, 21.6]","[-1.7, 3.8, 7.9]","[-4.6, 14.2, 21.6]","[0.0, 1.3, 6.4]","[46.1, 67.8, 88.0]","[0.0, 6.2, 32.8]","[14.0, 20.5, 25.9]","[25.2, 52.6, 82.8]","[43.5, 189.6, 300.6]","[20.8, 59.3, 94.6]"
2024-04-24,5.2,2.0,3.9,2.4,-0.5,0.9,1.3,83.1,6.052,58.33,"['rain', 'snow']",0.0,1.8,43.2,17.4,359.8,1007.3,98.5,11.8,47.1,4.0,2.0,17.4,12.8,05:38:02,19:55:26,"[5.9, 14.3, 19.6]","[-1.2, 4.9, 11.2]","[-5.0, 14.3, 19.6]","[0.0, 2.2, 15.2]","[50.7, 69.9, 89.2]","[0.0, 5.1, 31.4]","[10.8, 22.3, 36.0]","[28.8, 56.9, 100.8]","[51.9, 192.6, 316.8]","[24.4, 65.9, 96.6]"
2024-04-25,8.8,0.1,4.2,6.4,-4.0,1.4,0.1,76.9,0.527,20.83,"['rain', 'snow']",0.0,1.6,46.8,17.1,247.5,1008.6,66.9,21.7,199.3,17.2,9.0,17.1,12.3,05:36:10,19:56:57,"[4.7, 14.5, 22.2]","[-1.2, 5.1, 13.1]","[-5.7, 14.5, 22.2]","[0.0, 1.7, 8.8]","[54.2, 69.6, 94.2]","[0.0, 4.0, 30.4]","[13.7, 23.4, 39.2]","[43.2, 55.4, 82.8]","[45.2, 191.8, 291.1]","[12.0, 57.2, 98.8]"
2024-04-26,14.6,0.5,6.8,14.6,-3.0,5.0,0.9,67.9,0.0,0.0,,0.0,1.3,54.0,23.6,193.4,1011.7,39.9,38.2,246.7,21.3,10.0,23.6,14.6,05:34:20,19:58:28,"[7.5, 15.4, 23.7]","[-4.1, 5.0, 9.8]","[-8.5, 15.4, 23.7]","[0.0, 1.5, 8.2]","[53.9, 70.4, 94.6]","[0.0, 3.0, 29.1]","[12.6, 23.0, 39.6]","[39.6, 59.0, 100.8]","[37.9, 181.1, 256.0]","[11.9, 58.8, 100.0]"
2024-04-27,16.5,3.3,10.3,16.5,-0.3,8.8,3.0,63.5,0.0,0.0,,0.0,0.8,68.4,24.0,182.1,1015.0,37.2,39.1,255.0,22.1,10.0,24.0,18.0,05:32:30,19:59:59,"[3.1, 15.2, 24.1]","[-0.7, 5.3, 12.0]","[-4.2, 15.2, 24.1]","[0.0, 1.8, 18.6]","[43.1, 68.1, 94.4]","[0.0, 2.5, 27.3]","[12.6, 23.8, 49.0]","[39.6, 61.9, 140.4]","[46.7, 173.9, 253.8]","[11.9, 60.6, 100.0]"
2024-04-28,19.4,6.7,13.7,19.4,3.3,12.7,5.5,60.0,0.0,0.0,,0.0,0.0,72.0,35.2,166.2,1017.6,57.6,42.4,218.9,18.9,7.0,35.2,22.7,05:30:42,20:01:30,"[4.0, 15.6, 25.7]","[-2.2, 5.2, 11.1]","[-6.7, 15.6, 25.7]","[0.0, 3.9, 43.1]","[39.9, 67.8, 95.1]","[0.0, 2.0, 24.6]","[14.0, 23.8, 38.5]","[39.6, 61.9, 115.2]","[90.0, 201.6, 292.7]","[10.3, 56.5, 100.0]"
2024-04-29,23.2,9.5,16.5,23.2,7.1,16.2,7.2,57.0,0.0,0.0,,0.0,0.0,72.0,24.6,166.4,1022.0,56.4,41.0,277.7,24.0,9.0,24.6,17.8,05:28:55,20:03:00,"[7.2, 16.1, 25.7]","[-1.6, 6.0, 16.8]","[-5.4, 16.1, 25.7]","[0.0, 2.6, 30.8]","[36.2, 69.1, 96.7]","[0.0, 1.5, 21.5]","[14.0, 23.8, 49.7]","[43.2, 63.4, 118.8]","[78.1, 174.0, 318.9]","[18.0, 59.1, 100.0]"
2024-04-30,23.3,10.2,16.9,23.3,10.2,16.9,6.9,54.3,0.0,0.0,,0.0,0.0,64.8,21.4,175.0,1022.5,30.1,43.3,272.5,23.8,9.0,21.4,16.1,05:27:10,20:04:30,"[5.5, 16.9, 26.7]","[-0.2, 6.7, 13.7]","[-4.6, 16.9, 26.7]","[0.0, 2.9, 26.3]","[38.5, 67.6, 95.9]","[0.0, 1.1, 17.6]","[9.4, 22.7, 42.1]","[46.8, 60.1, 100.8]","[57.2, 152.1, 272.7]","[2.0, 58.0, 100.0]"
2024-05-01,23.7,7.6,17.2,23.7,7.6,17.1,6.5,53.8,0.0,0.0,,0.0,0.0,40.0,19.8,177.1,1016.3,12.2,10.0,293.3,25.3,9.0,19.8,8.6,05:25:25,20:06:00,"[7.7, 15.6, 27.6]","[-1.1, 6.2, 11.6]","[-6.0, 15.6, 26.9]","[0.0, 1.4, 8.0]","[48.0, 71.2, 95.0]","[0.0, 1.0, 14.8]","[13.0, 23.4, 43.2]","[32.4, 53.6, 72.0]","[43.7, 163.4, 247.2]","[14.6, 61.0, 92.5]"
2024-05-02,19.5,10.6,15.3,19.5,10.6,15.3,7.5,60.3,0.0,0.0,,0.0,0.0,61.2,24.9,150.3,1009.4,77.4,39.9,172.2,15.0,8.0,24.9,16.5,05:23:42,20:07:30,"[10.0, 16.3, 25.0]","[-2.3, 6.9, 12.8]","[-6.2, 16.3, 25.0]","[0.0, 2.4, 17.1]","[51.6, 71.7, 91.6]","[0.0, 0.7, 13.9]","[10.8, 23.0, 39.6]","[39.6, 52.6, 79.2]","[22.2, 158.0, 279.0]","[17.5, 59.2, 93.6]"
2024-05-03,19.0,11.5,14.5,19.0,11.5,14.5,8.6,68.5,0.278,16.67,['rain'],0.0,0.0,54.0,17.6,216.1,1009.9,81.1,39.5,166.0,14.2,9.0,17.6,12.0,05:22:01,20:08:59,"[5.5, 15.5, 26.5]","[-0.5, 6.6, 16.3]","[-6.4, 15.5, 26.5]","[0.0, 4.9, 35.8]","[45.3, 74.9, 96.5]","[0.0, 0.7, 13.4]","[11.9, 23.4, 37.1]","[39.6, 54.7, 108.0]","[77.2, 189.9, 268.0]","[3.4, 67.4, 99.2]"
2024-05-04,22.2,8.5,15.7,22.2,7.1,15.5,8.2,63.9,0.021,4.17,['rain'],0.0,0.0,43.2,13.5,28.8,1013.6,49.7,33.4,260.8,22.6,8.0,13.5,9.7,05:20:20,20:10:28,"[5.6, 15.0, 28.6]","[-3.1, 5.9, 11.4]","[-8.2, 15.0, 27.6]","[0.0, 3.2, 22.5]","[49.5, 76.7, 93.4]","[0.0, 0.6, 12.2]","[11.5, 23.0, 40.7]","[28.8, 51.1, 72.0]","[33.3, 182.7, 293.3]","[15.0, 71.0, 100.0]"
2024-05-05,22.6,10.3,16.4,22.6,10.3,16.4,8.0,60.0,0.677,16.67,['rain'],0.0,0.0,54.0,22.7,209.2,1011.2,66.3,34.8,254.9,22.0,9.0,22.7,12.9,05:18:42,20:11:56,"[5.1, 14.7, 24.4]","[0.1, 6.6, 12.1]","[-5.2, 14.7, 24.4]","[0.0, 2.9, 19.9]","[54.5, 74.7, 93.0]","[0.0, 0.7, 11.0]","[16.9, 23.8, 35.6]","[39.6, 57.2, 79.2]","[18.3, 143.6, 310.9]","[3.6, 72.5, 100.0]"
2024-05-06,21.9,9.3,15.8,21.9,7.8,15.7,10.0,71.3,2.387,25.0,['rain'],0.0,0.0,51.9,12.9,251.3,1008.4,72.0,38.2,242.0,20.9,10.0,12.9,9.6,05:17:05,20:13:24,"[6.5, 15.4, 26.6]","[-1.5, 6.3, 10.8]","[-4.6, 15.4, 26.6]","[0.0, 3.5, 17.8]","[49.3, 74.5, 94.0]","[0.0, 0.7, 10.1]","[12.2, 24.8, 33.1]","[43.2, 62.6, 75.6]","[38.9, 161.7, 284.8]","[5.1, 64.6, 100.0]"
2024-05-07,14.4,10.4,12.5,14.4,10.4,12.5,9.3,81.5,10.882,62.5,['rain'],0.0,0.0,46.8,24.3,21.1,1012.5,94.4,17.6,82.7,7.3,3.0,24.3,16.7,05:15:29,20:14:52,"[8.7, 15.2, 22.3]","[1.3, 6.4, 12.6]","[-2.0, 15.2, 22.3]","[0.0, 1.2, 9.0]","[52.2, 73.0, 88.5]","[0.0, 0.7, 9.4]","[11.2, 22.7, 34.2]","[46.8, 62.3, 90.0]","[44.5, 175.3, 272.9]","[1.7, 59.7, 95.6]"
2024-05-08,16.3,8.6,11.4,16.3,6.3,10.6,5.6,68.8,0.0,0.0,,0.0,0.0,44.5,22.5,36.5,1020.3,69.2,27.9,272.5,23.6,9.0,22.5,17.0,05:13:55,20:16:19,"[6.9, 16.6, 25.6]","[-0.7, 5.6, 10.8]","[-4.3, 16.6, 25.6]","[0.0, 2.1, 16.0]","[58.9, 71.1, 83.7]","[0.0, 0.7, 8.1]","[11.9, 21.2, 36.0]","[43.2, 58.7, 82.8]","[46.3, 169.3, 268.8]","[12.5, 55.7, 91.2]"
2024-05-09,17.0,6.2,11.6,17.0,3.6,10.6,3.4,58.6,0.0,0.0,,0.0,0.0,50.4,18.5,22.4,1023.5,28.5,37.2,301.6,26.1,9.0,18.5,14.6,05:12:23,20:17:46,"[4.9, 17.0, 24.4]","[-0.7, 6.8, 14.6]","[-5.2, 17.0, 24.4]","[0.0, 1.5, 7.2]","[51.4, 70.9, 87.0]","[0.0, 0.4, 4.5]","[11.5, 22.3, 33.8]","[39.6, 58.7, 86.4]","[42.3, 163.0, 247.1]","[8.2, 56.2, 95.4]"
2024-05-10,17.1,4.5,11.5,17.1,3.1,11.0,2.8,57.3,0.0,0.0,,0.0,0.0,43.2,15.3,352.7,1022.6,43.3,37.6,277.6,24.1,9.0,15.3,9.5,05:10:52,20:19:12,"[9.1, 17.8, 23.7]","[-2.3, 7.0, 11.5]","[-5.7, 17.8, 23.7]","[0.0, 0.9, 5.7]","[37.8, 69.8, 87.7]","[0.0, 0.2, 3.5]","[11.9, 23.0, 36.7]","[39.6, 59.4, 97.2]","[65.6, 201.1, 291.3]","[16.3, 54.8, 91.5]"
2024-05-11,18.3,5.7,12.2,18.3,4.5,11.8,6.2,68.5,1.443,20.83,['rain'],0.0,0.0,43.1,15.6,17.2,1021.3,73.4,31.4,274.3,23.6,10.0,15.6,9.4,05:09:23,20:20:37,"[10.2, 18.7, 25.8]","[2.4, 7.8, 12.7]","[-1.6, 18.7, 25.8]","[0.0, 3.3, 19.8]","[48.6, 70.9, 95.0]","[0.0, 0.1, 2.2]","[13.3, 21.6, 38.9]","[28.8, 57.2, 86.4]","[82.9, 179.1, 237.0]","[11.3, 57.5, 98.7]"
2024-05-12,16.9,8.9,12.6,16.9,7.2,12.3,3.4,58.3,0.0,0.0,,0.0,0.0,46.8,19.2,41.0,1020.8,33.2,39.9,316.8,27.4,9.0,19.2,13.8,05:07:56,20:22:01,"[6.7, 17.6, 25.1]","[0.1, 7.2, 13.9]","[-5.8, 17.6, 25.1]","[0.0, 3.4, 16.2]","[51.9, 73.0, 94.7]","[0.0, 0.1, 1.6]","[13.3, 22.0, 36.7]","[39.6, 65.2, 90.0]","[67.9, 199.6, 265.1]","[14.7, 62.1, 100.0]"
2024-05-13,19.6,4.6,12.4,19.6,3.0,11.8,2.1,51.5,0.0,0.0,,0.0,0.0,54.0,14.4,51.8,1018.6,22.5,49.1,304.1,26.1,9.0,14.4,8.4,05:06:31,20:23:25,"[6.6, 15.2, 22.3]","[-1.0, 7.1, 11.4]","[-5.7, 15.2, 22.3]","[0.0, 4.9, 15.3]","[54.1, 76.1, 93.6]","[0.0, 0.2, 1.9]","[11.9, 21.6, 34.2]","[39.6, 60.5, 82.8]","[23.6, 178.3, 278.9]","[8.5, 64.0, 100.0]"
2024-05-14,20.2,5.9,14.1,20.2,4.8,13.8,4.0,53.0,0.0,0.0,,0.0,0.0,46.8,14.1,33.3,1014.9,34.7,45.3,296.4,25.5,10.0,14.1,7.9,05:05:07,20:24:49,"[4.6, 14.5, 25.2]","[2.1, 6.6, 11.7]","[-2.6, 14.5, 25.2]","[0.0, 5.2, 22.9]","[52.2, 76.3, 94.6]","[0.0, 0.2, 4.1]","[13.3, 22.0, 32.0]","[25.2, 55.1, 79.2]","[25.6, 164.5, 312.8]","[23.6, 68.2, 100.0]"
2024-05-15,20.2,8.1,15.0,20.2,6.7,14.8,4.9,53.2,0.008,4.17,['rain'],0.0,0.0,46.8,15.5,119.8,1014.4,43.3,46.1,298.4,25.9,10.0,15.5,11.7,05:03:46,20:26:11,"[5.8, 14.3, 21.3]","[0.6, 6.2, 11.1]","[-2.2, 14.3, 21.3]","[0.0, 4.3, 33.5]","[61.4, 78.0, 98.6]","[0.0, 0.2, 3.3]","[12.6, 23.8, 48.6]","[43.2, 59.4, 97.2]","[27.6, 190.5, 295.5]","[14.8, 74.6, 100.0]"
2024-05-16,19.4,8.7,14.7,19.4,6.1,14.3,5.7,56.6,0.0,0.0,,0.0,0.0,57.6,19.9,133.4,1014.8,48.8,45.6,233.5,20.1,9.0,19.9,14.9,05:02:26,20:27:32,"[6.7, 14.9, 22.1]","[0.9, 6.1, 11.0]","[-2.9, 14.9, 22.1]","[0.0, 6.2, 46.1]","[57.2, 77.6, 95.1]","[0.0, 0.2, 4.1]","[10.8, 23.4, 48.6]","[39.6, 58.3, 97.2]","[75.3, 229.0, 316.9]","[23.6, 66.1, 100.0]"
2024-05-17,13.0,9.8,11.1,13.0,7.6,11.1,6.8,75.6,5.784,50.0,['rain'],0.0,0.0,68.4,17.2,89.3,1012.4,80.7,30.0,48.1,4.3,2.0,17.2,13.1,05:01:09,20:28:53,"[6.6, 15.4, 23.4]","[2.3, 7.0, 14.8]","[-1.7, 15.4, 23.4]","[0.0, 5.9, 65.3]","[61.0, 77.3, 95.8]","[0.0, 0.6, 13.0]","[12.6, 23.0, 36.0]","[28.8, 58.3, 100.8]","[94.0, 214.6, 337.7]","[15.1, 67.9, 100.0]"
2024-05-18,19.4,8.2,13.8,19.4,6.7,13.4,9.2,76.0,1.617,20.83,['rain'],0.0,0.0,43.2,14.3,184.2,1013.6,76.1,33.7,249.3,21.5,9.0,14.3,9.8,04:59:54,20:30:12,"[6.3, 16.6, 23.8]","[-1.2, 6.9, 11.0]","[-4.8, 16.6, 23.8]","[0.0, 4.3, 35.8]","[53.6, 73.8, 94.3]","[0.0, 0.7, 14.7]","[14.8, 21.6, 32.0]","[46.8, 61.6, 97.2]","[16.1, 190.4, 317.2]","[15.5, 58.5, 100.0]"
2024-05-19,19.0,11.1,14.4,19.0,11.1,14.4,10.8,79.5,5.465,45.83,['rain'],0.0,0.0,53.0,17.0,163.9,1011.8,71.0,27.7,163.0,14.0,10.0,17.0,11.4,04:58:40,20:31:31,"[10.1, 18.3, 24.4]","[3.8, 7.2, 11.9]","[0.5, 18.3, 24.4]","[0.0, 3.6, 19.9]","[48.0, 73.1, 95.8]","[0.0, 0.7, 14.3]","[12.2, 23.0, 37.8]","[43.2, 61.9, 86.4]","[18.2, 170.5, 265.0]","[5.1, 54.2, 100.0]"
2024-05-20,20.6,10.9,15.8,20.6,10.9,15.8,10.0,69.9,0.984,29.17,['rain'],0.0,0.0,48.4,14.7,40.2,1012.2,63.8,39.8,239.3,20.8,9.0,14.7,9.0,04:57:29,20:32:48,"[7.4, 18.0, 24.7]","[1.5, 8.4, 11.4]","[-1.0, 18.0, 24.7]","[0.0, 1.7, 10.5]","[53.5, 72.6, 93.8]","[0.0, 0.5, 11.3]","[11.5, 24.1, 39.6]","[39.6, 56.9, 79.2]","[20.9, 168.4, 275.7]","[12.7, 59.7, 98.3]"
2024-05-21,21.9,11.4,17.1,21.9,11.4,17.1,12.2,74.0,1.605,25.0,['rain'],0.0,0.0,46.8,14.0,88.0,1010.5,64.5,31.9,153.8,13.3,7.0,14.0,10.1,04:56:20,20:34:04,"[9.6, 17.9, 24.7]","[3.5, 8.5, 12.1]","[1.3, 17.9, 24.7]","[0.0, 4.1, 21.2]","[57.3, 71.8, 96.0]","[0.0, 0.4, 7.6]","[11.9, 22.3, 37.1]","[39.6, 58.7, 86.4]","[29.0, 172.1, 264.4]","[14.4, 63.5, 100.0]"
2024-05-22,17.2,13.0,15.4,17.2,13.0,15.4,12.6,83.4,2.238,58.33,['rain'],0.0,0.0,64.8,17.4,210.5,1009.3,82.9,26.9,112.1,9.7,4.0,17.4,14.2,04:55:13,20:35:19,"[10.0, 18.4, 24.9]","[1.1, 8.8, 13.7]","[-1.5, 18.4, 24.9]","[0.0, 3.4, 42.2]","[52.8, 73.8, 95.2]","[0.0, 0.1, 2.3]","[10.8, 22.0, 29.5]","[43.2, 59.0, 108.0]","[26.1, 166.5, 272.7]","[24.5, 64.2, 100.0]"
2024-05-23,20.0,11.4,15.9,20.0,11.4,15.9,10.8,73.5,0.123,4.17,['rain'],0.0,0.0,43.2,14.4,334.2,1014.2,79.1,32.8,312.3,27.1,9.0,14.4,9.4,04:54:08,20:36:33,"[8.1, 17.7, 25.4]","[-0.1, 9.1, 16.2]","[-4.1, 17.7, 25.4]","[0.0, 3.5, 35.8]","[53.9, 75.3, 92.3]","[0.0, 0.1, 1.2]","[13.3, 23.0, 46.8]","[39.6, 56.2, 86.4]","[37.3, 167.6, 277.3]","[8.1, 64.5, 99.6]"
2024-05-24,17.8,12.9,15.0,17.8,12.9,15.0,12.4,85.0,8.823,62.5,['rain'],0.0,0.0,39.6,16.7,159.4,1017.8,84.6,23.3,138.1,11.9,6.0,16.7,10.2,04:53:06,20:37:46,"[8.8, 17.5, 24.7]","[1.2, 9.2, 14.0]","[-2.5, 17.5, 24.7]","[0.0, 3.0, 22.6]","[63.6, 77.0, 92.6]","[0.0, 0.0, 0.8]","[8.3, 22.7, 32.8]","[28.8, 53.3, 82.8]","[34.0, 196.1, 291.1]","[19.2, 70.3, 99.9]"
2024-05-25,20.3,11.2,15.6,20.3,11.2,15.6,11.9,79.6,3.137,62.5,['rain'],0.0,0.0,46.8,12.7,324.0,1018.8,71.1,27.0,193.3,16.7,10.0,12.7,9.8,04:52:06,20:38:57,"[9.9, 17.4, 27.4]","[4.8, 8.7, 13.4]","[1.7, 17.4, 27.1]","[0.0, 2.0, 11.5]","[57.0, 76.3, 96.4]","[0.0, 0.0, 0.0]","[8.3, 20.2, 31.3]","[32.4, 55.1, 90.0]","[29.3, 152.7, 261.7]","[18.0, 61.3, 99.2]"
2024-05-26,22.0,12.4,16.6,22.0,12.4,16.6,11.3,72.4,2.947,37.5,['rain'],0.0,0.0,50.4,16.2,87.8,1019.6,71.5,34.0,297.6,25.6,10.0,16.2,8.7,04:51:09,20:40:06,"[11.6, 18.6, 26.6]","[3.5, 8.8, 16.4]","[-0.4, 18.6, 26.6]","[0.0, 4.6, 31.8]","[53.5, 74.4, 92.7]","[0.0, 0.0, 0.0]","[11.9, 21.2, 31.3]","[25.2, 55.1, 82.8]","[58.0, 184.2, 278.7]","[4.6, 56.5, 99.1]"
2024-05-27,23.9,11.4,17.3,23.9,11.4,17.3,10.6,67.0,1.313,4.17,['rain'],0.0,0.0,21.6,16.1,85.8,1019.0,49.6,35.1,291.3,25.2,10.0,16.1,9.4,04:50:14,20:41:14,"[8.5, 18.4, 27.0]","[5.1, 9.8, 14.0]","[1.5, 18.4, 26.8]","[0.0, 3.9, 15.8]","[55.3, 75.4, 94.0]","[0.0, 0.0, 0.0]","[14.4, 23.0, 35.6]","[39.6, 59.8, 97.2]","[31.0, 181.1, 324.3]","[7.9, 66.8, 98.2]"
2024-05-28,23.6,11.6,17.1,23.6,11.6,17.1,9.3,62.9,0.0,0.0,,0.0,0.0,39.6,17.4,350.2,1015.8,49.9,36.8,336.7,29.1,9.0,17.4,12.0,04:49:21,20:42:21,"[11.1, 18.2, 28.6]","[4.4, 9.6, 15.0]","[1.7, 18.2, 28.2]","[0.0, 3.3, 30.7]","[59.8, 75.4, 95.4]","[0.0, 0.0, 0.0]","[12.2, 22.7, 34.9]","[39.6, 59.8, 82.8]","[25.3, 189.4, 298.0]","[5.4, 66.6, 100.0]"
2024-05-29,18.8,12.2,15.0,18.8,12.2,15.0,10.8,76.6,0.038,4.17,['rain'],0.0,0.0,26.3,15.5,14.2,1014.7,75.1,27.0,244.3,21.1,9.0,15.5,9.8,04:48:31,20:43:26,"[9.2, 17.7, 29.4]","[3.1, 8.8, 14.8]","[0.2, 17.7, 28.6]","[0.0, 3.2, 25.4]","[56.2, 74.4, 91.5]","[0.0, 0.0, 0.2]","[14.4, 22.3, 33.5]","[39.6, 60.8, 86.4]","[34.3, 190.0, 318.3]","[10.4, 63.4, 97.8]"
2024-05-30,20.7,10.9,16.1,20.7,10.9,16.1,11.7,76.2,0.062,8.33,['rain'],0.0,0.0,21.6,11.5,12.9,1006.5,62.6,23.2,292.3,25.2,10.0,11.5,8.4,04:47:43,20:44:29,"[9.4, 18.3, 30.0]","[3.1, 9.2, 16.3]","[0.3, 18.3, 29.3]","[0.0, 3.5, 22.1]","[55.8, 73.9, 90.1]","[0.0, 0.0, 0.1]","[12.6, 22.3, 32.4]","[39.6, 57.6, 79.2]","[30.8, 171.7, 337.6]","[6.1, 61.9, 95.4]"
2024-05-31,20.5,12.5,15.8,20.5,12.5,15.8,12.2,80.2,0.612,16.67,['rain'],0.0,0.0,39.6,17.0,12.0,1006.3,81.8,27.5,190.5,16.3,10.0,17.0,9.1,04:46:58,20:45:30,"[8.9, 18.6, 26.5]","[4.1, 8.7, 14.6]","[0.8, 18.6, 26.5]","[0.0, 6.5, 31.2]","[59.4, 74.5, 95.5]","[0.0, 0.0, 0.5]","[13.3, 19.8, 27.0]","[39.6, 59.0, 93.6]","[78.3, 191.1, 289.0]","[21.0, 62.6, 100.0]"
2024-06-01,18.5,12.3,14.8,18.5,12.3,14.8,12.0,84.0,15.794,20.83,['rain'],0.0,0.1,43.2,23.0,194.7,1008.8,83.5,23.1,257.6,22.2,10.0,23.0,13.1,04:46:16,20:46:30,"[9.7, 17.8, 24.4]","[4.0, 9.3, 14.6]","[1.4, 17.8, 24.4]","[0.0, 3.3, 13.3]","[59.3, 76.0, 91.1]","[0.0, 0.0, 0.3]","[14.4, 21.2, 34.6]","[39.6, 54.0, 75.6]","[73.5, 177.4, 274.8]","[15.1, 68.3, 99.6]"
2024-06-02,18.1,11.3,14.1,18.1,11.3,14.1,12.0,87.4,1.037,16.67,['rain'],0.0,0.0,57.6,19.9,220.5,1013.1,84.0,19.9,205.3,17.7,10.0,19.9,13.9,04:45:36,20:47:27,"[11.6, 18.1, 25.1]","[4.8, 9.3, 14.1]","[1.7, 18.1, 25.1]","[0.0, 4.2, 35.5]","[49.2, 76.6, 91.3]","[0.0, 0.0, 0.0]","[13.0, 21.2, 38.5]","[21.6, 51.1, 75.6]","[24.2, 182.1, 317.0]","[15.0, 67.5, 96.3]"
2024-06-03,19.4,11.9,15.6,19.4,11.9,15.6,13.2,86.4,15.352,12.5,['rain'],0.0,0.0,33.1,18.0,10.7,1013.8,83.2,12.3,176.5,15.6,9.0,18.0,10.5,04:44:58,20:48:23,"[11.2, 19.3, 26.5]","[6.9, 10.4, 14.2]","[4.1, 19.3, 26.5]","[0.0, 4.3, 22.8]","[51.2, 76.0, 94.2]","[0.0, 0.0, 0.0]","[10.8, 19.4, 27.0]","[39.6, 57.2, 75.6]","[51.0, 164.6, 282.5]","[16.1, 65.0, 98.3]"
2024-06-04,15.1,11.2,13.2,15.1,11.2,13.2,11.3,88.2,23.975,29.17,['rain'],0.0,0.1,39.6,17.7,13.1,1013.6,96.9,13.0,87.6,7.7,3.0,17.7,11.3,04:44:24,20:49:17,"[10.2, 20.0, 27.8]","[6.6, 11.0, 14.0]","[3.4, 20.0, 27.2]","[0.0, 6.4, 33.5]","[54.6, 75.7, 93.2]","[0.0, 0.0, 0.0]","[9.7, 21.2, 33.1]","[39.6, 62.6, 86.4]","[51.8, 176.5, 339.1]","[5.5, 65.0, 99.2]"
2024-06-05,22.4,10.0,16.4,22.4,8.6,16.3,11.5,75.2,2.696,4.17,['rain'],0.0,0.0,32.0,16.9,220.9,1013.4,51.6,22.0,249.3,21.6,8.0,16.9,12.3,04:43:52,20:50:08,"[10.6, 19.8, 29.8]","[4.1, 10.4, 14.5]","[1.3, 19.8, 29.4]","[0.0, 3.9, 30.9]","[55.2, 76.1, 94.2]","[0.0, 0.0, 0.0]","[16.2, 23.8, 36.0]","[39.6, 54.7, 79.2]","[51.0, 155.2, 252.2]","[1.5, 60.1, 99.7]"
2024-06-06,23.5,14.1,18.4,23.5,14.1,18.4,12.9,72.1,1.001,25.0,['rain'],0.0,0.0,39.6,21.9,250.9,1015.9,73.6,32.7,225.2,19.4,10.0,21.9,10.5,04:43:23,20:50:58,"[13.6, 20.2, 26.5]","[5.8, 10.9, 17.4]","[3.6, 20.2, 26.5]","[0.0, 2.6, 25.6]","[56.5, 74.9, 95.9]","[0.0, 0.0, 0.0]","[13.3, 21.6, 28.8]","[32.4, 54.7, 100.8]","[37.3, 147.2, 241.4]","[5.1, 58.8, 99.4]"
2024-06-07,22.8,14.0,17.8,22.8,14.0,17.8,12.9,74.7,0.075,12.5,['rain'],0.0,0.0,54.0,16.6,281.8,1016.1,69.1,37.3,246.5,21.2,10.0,16.6,10.9,04:42:56,20:51:45,"[10.5, 20.6, 24.9]","[5.6, 11.5, 16.2]","[3.1, 20.6, 24.9]","[0.0, 2.7, 23.7]","[54.1, 72.9, 87.8]","[0.0, 0.0, 0.0]","[10.8, 20.5, 30.6]","[32.4, 56.9, 104.4]","[36.9, 149.9, 243.0]","[8.1, 54.6, 91.2]"
2024-06-08,24.8,12.3,19.1,24.8,12.3,19.1,12.0,65.8,0.988,12.5,['rain'],0.0,0.0,34.2,16.8,308.8,1013.2,40.6,31.6,275.3,23.7,9.0,16.8,10.5,04:42:33,20:52:30,"[7.9, 20.9, 29.7]","[4.9, 11.1, 15.4]","[1.1, 20.9, 28.5]","[0.0, 3.4, 16.9]","[52.5, 74.6, 96.3]","[0.0, 0.0, 0.0]","[14.0, 20.5, 29.2]","[43.2, 54.4, 93.6]","[39.6, 163.4, 255.0]","[8.6, 55.3, 99.9]"
2024-06-09,22.9,15.9,19.2,22.9,15.9,19.2,13.5,71.3,0.915,20.83,['rain'],0.0,0.0,48.6,15.7,270.2,1007.0,82.6,30.2,251.3,21.6,10.0,15.7,10.4,04:42:12,20:53:13,"[10.2, 21.1, 29.3]","[3.0, 11.7, 17.7]","[-2.0, 21.1, 28.5]","[0.0, 4.2, 25.5]","[50.3, 75.0, 93.8]","[0.0, 0.0, 0.0]","[11.9, 20.2, 31.3]","[21.6, 52.2, 86.4]","[34.5, 169.1, 248.4]","[12.2, 61.3, 100.0]"
2024-06-10,18.0,14.0,16.2,18.0,14.0,16.2,14.7,90.8,6.38,50.0,['rain'],0.0,0.1,31.0,13.5,311.6,1004.9,90.1,14.4,109.4,9.4,6.0,13.5,10.1,04:41:54,20:53:53,"[11.6, 20.6, 29.6]","[7.4, 12.2, 19.7]","[3.3, 20.6, 28.9]","[0.0, 4.1, 23.8]","[54.9, 75.9, 93.9]","[0.0, 0.0, 0.0]","[14.0, 22.3, 35.6]","[32.4, 57.6, 97.2]","[28.1, 164.7, 283.5]","[22.8, 65.5, 98.8]"
2024-06-11,19.3,11.4,15.1,19.3,11.4,15.1,10.1,74.7,7.642,8.33,['rain'],0.0,0.0,46.8,20.6,300.2,1010.1,73.1,23.7,171.7,15.0,9.0,20.6,14.0,04:41:38,20:54:31,"[13.8, 21.4, 31.1]","[7.1, 11.7, 16.7]","[4.8, 21.4, 31.2]","[0.0, 4.0, 35.5]","[59.9, 74.6, 91.8]","[0.0, 0.0, 0.0]","[13.0, 20.2, 28.4]","[39.6, 57.2, 97.2]","[44.6, 192.1, 311.6]","[14.6, 55.6, 97.8]"
2024-06-12,13.2,9.0,10.7,13.2,7.9,10.4,6.3,74.5,0.651,25.0,['rain'],0.0,0.0,39.6,13.9,34.3,1017.8,76.7,30.5,163.8,14.1,6.0,13.9,11.1,04:41:26,20:55:07,"[12.6, 21.6, 28.7]","[7.4, 11.6, 16.8]","[3.7, 21.6, 29.2]","[0.0, 3.0, 17.9]","[52.3, 72.8, 90.4]","[0.0, 0.0, 0.0]","[11.5, 20.5, 36.4]","[39.6, 58.0, 82.4]","[57.7, 179.7, 282.9]","[13.7, 55.9, 91.6]"
2024-06-13,15.1,8.0,11.6,15.1,6.3,11.0,6.7,72.9,0.704,12.5,['rain'],0.0,0.0,43.2,16.6,33.1,1016.9,72.0,31.7,243.0,21.0,8.0,16.6,11.7,04:41:16,20:55:40,"[14.4, 20.9, 29.7]","[5.7, 11.9, 18.7]","[1.8, 20.9, 29.2]","[0.0, 4.0, 32.0]","[55.8, 73.7, 93.3]","[0.0, 0.0, 0.0]","[11.5, 22.0, 32.0]","[32.4, 60.5, 90.0]","[31.0, 185.4, 337.6]","[25.6, 59.6, 99.7]"
2024-06-14,18.4,6.5,13.4,18.4,5.0,13.1,6.9,66.9,0.0,0.0,,0.0,0.0,23.4,8.4,342.0,1016.1,51.1,35.4,281.9,24.4,9.0,8.4,6.6,04:41:09,20:56:11,"[14.8, 20.3, 27.1]","[4.6, 11.0, 18.6]","[1.6, 20.3, 27.6]","[0.0, 2.5, 21.9]","[60.4, 74.4, 90.8]","[0.0, 0.0, 0.0]","[12.6, 19.8, 29.5]","[39.6, 55.8, 79.2]","[51.8, 189.6, 310.3]","[15.5, 58.8, 100.0]"
2024-06-15,23.8,10.5,17.6,23.8,10.5,17.6,9.7,61.8,0.0,0.0,,0.0,0.0,51.0,23.1,196.8,1010.9,37.0,42.6,334.0,28.7,9.0,23.1,15.3,04:41:05,20:56:39,"[14.1, 21.8, 29.2]","[6.7, 10.9, 17.5]","[5.4, 21.8, 28.8]","[0.0, 1.1, 13.1]","[59.9, 72.1, 89.2]","[0.0, 0.0, 0.0]","[8.3, 20.5, 43.2]","[39.6, 52.6, 75.6]","[31.0, 181.5, 258.8]","[19.6, 55.4, 92.0]"
2024-06-16,19.8,13.1,16.0,19.8,13.1,16.0,12.3,79.9,0.771,29.17,['rain'],0.0,0.1,39.6,15.9,6.7,1011.5,72.6,25.6,246.7,21.3,10.0,15.9,9.9,04:41:04,20:57:04,"[15.5, 21.4, 27.2]","[5.3, 11.8, 17.1]","[2.5, 21.4, 27.2]","[0.0, 1.5, 8.2]","[57.7, 72.1, 86.0]","[0.0, 0.0, 0.0]","[14.4, 24.1, 32.4]","[28.8, 60.8, 90.0]","[31.4, 179.5, 254.1]","[6.7, 59.8, 88.5]"
2024-06-17,25.2,11.9,18.8,25.2,11.9,18.8,12.3,68.7,0.0,0.0,,0.0,0.0,26.6,14.9,276.3,1014.8,41.2,42.3,320.9,27.7,10.0,14.9,9.7,04:41:05,20:57:27,"[11.7, 21.5, 27.1]","[6.4, 11.9, 15.5]","[4.0, 21.5, 27.5]","[0.0, 1.9, 15.4]","[55.5, 71.4, 89.6]","[0.0, 0.0, 0.0]","[11.9, 21.2, 49.7]","[36.0, 56.5, 108.0]","[49.8, 172.7, 299.9]","[17.5, 57.4, 95.8]"
2024-06-18,26.9,16.2,21.7,27.3,16.2,21.8,14.7,65.9,1.19,16.67,['rain'],0.0,0.0,43.2,18.5,237.1,1016.0,68.7,41.6,321.5,27.8,9.0,18.5,12.0,04:41:09,20:57:47,"[17.1, 22.4, 29.5]","[5.5, 12.1, 16.4]","[3.2, 22.4, 30.0]","[0.0, 1.7, 19.3]","[57.2, 71.1, 92.0]","[0.0, 0.0, 0.0]","[15.5, 22.3, 32.4]","[39.6, 52.6, 93.6]","[63.6, 190.3, 308.7]","[13.3, 54.5, 95.5]"
2024-06-19,28.9,17.6,23.0,29.0,17.6,23.1,15.9,66.6,0.082,4.17,['rain'],0.0,0.0,72.0,22.7,217.4,1012.5,54.5,32.3,325.9,28.3,9.0,22.7,17.4,04:41:16,20:58:04,"[13.2, 22.5, 31.1]","[8.7, 12.8, 18.5]","[6.8, 22.5, 30.2]","[0.0, 6.8, 67.1]","[53.3, 71.9, 97.7]","[0.0, 0.0, 0.0]","[10.4, 20.5, 38.5]","[39.6, 52.9, 79.2]","[86.0, 195.2, 300.2]","[13.5, 53.5, 99.6]"
2024-06-20,21.2,13.8,17.1,21.2,13.8,17.1,11.9,72.9,0.0,0.0,,0.0,0.1,39.2,20.8,24.4,1021.0,81.0,35.3,273.3,23.7,8.0,20.8,13.5,04:41:26,20:58:19,"[10.8, 21.6, 30.8]","[6.5, 13.1, 18.2]","[3.7, 21.6, 31.6]","[0.0, 5.3, 30.6]","[59.5, 74.7, 96.5]","[0.0, 0.0, 0.0]","[13.3, 20.9, 31.7]","[39.6, 53.6, 79.2]","[23.4, 190.0, 282.6]","[13.0, 59.5, 100.0]"
2024-06-21,28.2,15.4,21.9,29.7,15.4,22.2,16.5,72.6,2.055,4.17,['rain'],0.0,0.0,61.2,15.0,239.8,1015.5,67.2,29.0,291.9,25.2,9.0,15.0,9.5,04:41:38,20:58:31,"[12.6, 21.3, 30.4]","[6.3, 12.6, 19.1]","[4.5, 21.3, 29.7]","[0.0, 5.2, 29.3]","[65.3, 76.4, 95.9]","[0.0, 0.0, 0.0]","[13.0, 22.3, 32.0]","[39.6, 56.2, 82.8]","[30.1, 195.5, 285.9]","[20.6, 64.4, 99.6]"
2024-06-22,22.8,16.0,19.3,22.8,16.0,19.3,15.0,77.5,6.651,20.83,['rain'],0.0,0.1,68.4,20.8,258.5,1011.5,64.9,33.8,228.9,19.9,10.0,20.8,14.9,04:41:53,20:58:40,"[11.3, 21.5, 27.7]","[6.1, 12.3, 17.8]","[3.9, 21.5, 27.3]","[0.0, 4.5, 19.2]","[58.2, 75.9, 96.0]","[0.0, 0.0, 0.0]","[12.2, 24.1, 33.5]","[46.8, 66.6, 93.6]","[29.0, 193.1, 276.1]","[19.2, 67.1, 100.0]"
2024-06-23,22.8,12.5,18.2,22.8,12.5,18.2,10.7,63.6,1.073,4.17,['rain'],0.0,0.0,36.0,17.3,15.6,1015.1,41.7,43.6,320.0,27.5,10.0,17.3,13.2,04:42:11,20:58:46,"[12.8, 21.7, 28.7]","[7.0, 13.0, 18.3]","[4.4, 21.7, 29.4]","[0.0, 2.9, 19.6]","[59.2, 73.8, 96.3]","[0.0, 0.0, 0.0]","[15.1, 24.1, 36.0]","[39.6, 64.4, 100.8]","[43.2, 186.4, 299.9]","[13.8, 62.1, 100.0]"
2024-06-24,20.0,12.8,16.9,20.0,12.8,16.9,11.0,69.0,0.0,0.0,,0.0,0.0,57.6,17.4,15.6,1018.5,40.8,30.8,212.0,18.3,9.0,17.4,13.7,04:42:31,20:58:50,"[13.7, 22.1, 32.2]","[7.3, 12.5, 17.1]","[4.6, 22.1, 32.1]","[0.0, 4.0, 22.6]","[55.8, 72.2, 94.5]","[0.0, 0.0, 0.0]","[13.3, 22.3, 46.8]","[32.4, 52.9, 82.8]","[48.0, 178.6, 324.4]","[12.9, 58.3, 96.3]"
2024-06-25,24.9,12.7,19.3,24.9,12.7,19.3,12.8,67.6,0.0,0.0,,0.0,0.0,46.8,14.6,42.7,1016.8,26.6,36.9,213.3,18.3,8.0,14.6,11.1,04:42:54,20:58:50,"[13.1, 21.5, 32.2]","[7.2, 12.3, 18.8]","[5.4, 21.5, 32.0]","[0.0, 3.8, 26.6]","[61.8, 74.2, 91.3]","[0.0, 0.0, 0.0]","[13.0, 22.3, 33.5]","[25.2, 58.0, 90.0]","[56.7, 198.0, 307.9]","[19.1, 62.9, 100.0]"
2024-06-26,26.7,15.5,20.2,26.7,15.5,20.2,15.3,74.8,0.414,12.5,['rain'],0.0,0.0,43.2,22.0,21.0,1013.9,62.2,28.4,219.7,19.2,9.0,22.0,8.6,04:43:20,20:58:48,"[11.6, 20.4, 30.8]","[7.0, 12.1, 18.1]","[4.5, 20.4, 31.0]","[0.0, 5.9, 47.4]","[64.6, 78.1, 91.8]","[0.0, 0.0, 0.0]","[13.0, 22.0, 35.3]","[43.2, 61.9, 104.4]","[42.0, 199.1, 266.0]","[21.6, 67.4, 98.3]"
2024-06-27,25.4,16.4,19.6,25.4,16.4,19.6,16.4,82.8,5.001,41.67,['rain'],0.0,0.0,50.4,14.2,65.9,1011.4,84.8,19.2,207.8,17.8,8.0,14.2,9.0,04:43:48,20:58:43,"[13.8, 21.5, 30.2]","[5.8, 12.0, 18.2]","[3.3, 21.5, 29.3]","[0.0, 1.8, 8.7]","[55.9, 71.8, 92.8]","[0.0, 0.0, 0.0]","[11.5, 22.0, 35.3]","[43.2, 59.4, 75.6]","[31.5, 180.5, 308.1]","[20.9, 58.7, 95.0]"
2024-06-28,26.9,16.2,21.6,27.7,16.2,21.6,17.0,76.7,1.533,4.17,['rain'],0.0,0.0,31.7,15.8,255.2,1013.6,52.2,24.5,287.5,24.9,10.0,15.8,11.5,04:44:18,20:58:36,"[12.7, 21.4, 29.1]","[6.8, 12.5, 18.1]","[4.8, 21.4, 28.8]","[0.0, 3.2, 16.4]","[57.8, 74.6, 99.4]","[0.0, 0.0, 0.0]","[9.7, 22.3, 42.5]","[39.6, 57.2, 75.6]","[21.4, 173.7, 259.0]","[24.5, 58.8, 100.0]"
2024-06-29,28.9,17.5,23.5,29.3,17.5,23.6,16.8,68.5,0.0,0.0,,0.0,0.0,19.8,14.1,26.1,1016.1,34.6,26.5,302.9,26.1,9.0,14.1,7.8,04:44:51,20:58:25,"[17.2, 22.7, 27.4]","[8.3, 12.8, 17.0]","[6.0, 22.7, 28.6]","[0.0, 2.6, 24.1]","[51.4, 72.1, 91.1]","[0.0, 0.0, 0.0]","[13.3, 21.6, 34.2]","[25.2, 53.6, 90.0]","[58.5, 176.0, 259.8]","[5.7, 57.0, 90.9]"
2024-06-30,29.3,17.5,23.1,30.1,17.5,23.2,17.0,70.5,0.682,8.33,['rain'],0.0,0.1,79.2,35.8,166.6,1008.3,80.5,24.9,227.1,19.7,9.0,35.8,22.9,04:45:26,20:58:11,"[12.1, 22.4, 31.3]","[6.7, 12.6, 18.7]","[4.0, 22.4, 30.3]","[0.0, 5.2, 34.1]","[50.0, 72.8, 95.1]","[0.0, 0.0, 0.0]","[11.5, 22.7, 31.7]","[39.6, 55.4, 70.9]","[62.7, 205.3, 327.3]","[1.8, 57.6, 98.6]"
2024-07-01,19.3,16.2,17.9,19.3,16.2,17.9,15.7,87.3,24.698,8.33,['rain'],0.0,0.1,43.2,16.1,318.7,1010.4,92.0,22.8,194.1,16.8,5.0,16.1,10.4,04:46:04,20:57:55,"[12.5, 23.2, 32.4]","[6.1, 12.9, 18.4]","[3.0, 23.2, 31.8]","[0.0, 3.4, 34.6]","[58.3, 71.1, 93.2]","[0.0, 0.0, 0.0]","[12.2, 22.0, 44.6]","[39.6, 55.4, 82.8]","[32.3, 204.0, 275.5]","[22.2, 58.6, 100.0]"
2024-07-02,18.4,13.5,15.5,18.4,13.5,15.5,10.2,72.3,2.697,12.5,['rain'],0.0,0.0,42.1,18.7,335.4,1010.4,77.6,36.8,248.7,21.4,10.0,18.7,12.6,04:46:44,20:57:36,"[13.3, 22.1, 30.1]","[5.5, 13.0, 17.2]","[2.6, 22.1, 29.4]","[0.0, 3.8, 15.9]","[55.1, 73.1, 94.5]","[0.0, 0.0, 0.0]","[13.3, 23.8, 42.8]","[39.6, 55.8, 90.0]","[51.5, 192.0, 274.2]","[7.8, 56.6, 90.9]"
2024-07-03,16.9,11.4,14.5,16.9,11.4,14.5,10.7,78.5,0.0,0.0,,0.0,0.0,18.7,9.9,336.7,1009.0,82.7,27.6,122.6,10.7,4.0,9.9,6.7,04:47:26,20:57:14,"[11.9, 22.1, 28.8]","[7.9, 12.5, 17.7]","[5.0, 22.1, 29.6]","[0.0, 3.3, 31.0]","[52.4, 71.4, 91.6]","[0.0, 0.0, 0.0]","[11.5, 20.9, 35.3]","[39.6, 54.7, 79.2]","[80.0, 192.5, 269.3]","[11.0, 49.5, 99.0]"
2024-07-04,19.2,10.8,14.8,19.2,10.8,14.8,9.8,73.9,0.0,0.0,,0.0,0.0,43.2,19.9,261.9,1009.6,73.5,32.7,158.7,13.7,10.0,19.9,11.5,04:48:11,20:56:49,"[15.5, 23.0, 28.5]","[8.4, 11.7, 17.2]","[6.0, 23.0, 27.6]","[0.0, 2.4, 24.6]","[48.8, 69.0, 91.1]","[0.0, 0.0, 0.0]","[10.8, 19.8, 35.3]","[39.6, 56.9, 90.0]","[117.3, 216.0, 259.1]","[9.3, 47.4, 90.8]"
2024-07-05,21.8,12.5,17.3,21.8,12.5,17.3,10.3,65.6,0.0,0.0,,0.0,0.0,43.6,19.5,250.1,1013.2,64.0,38.8,182.8,16.0,10.0,19.5,12.3,04:48:58,20:56:22,"[15.2, 22.8, 30.7]","[8.5, 12.6, 16.9]","[5.2, 22.8, 30.7]","[0.0, 2.2, 14.7]","[49.0, 70.9, 90.4]","[0.0, 0.0, 0.0]","[14.0, 23.4, 40.7]","[43.2, 55.1, 90.0]","[105.9, 227.6, 304.5]","[22.9, 56.7, 99.4]"
2024-07-06,26.3,13.6,20.9,26.3,13.6,20.9,12.4,61.2,0.0,0.0,,0.0,0.0,65.9,36.5,166.0,1010.2,50.2,43.7,328.5,28.3,10.0,36.5,20.2,04:49:46,20:55:51,"[12.1, 22.3, 32.1]","[8.7, 13.0, 19.4]","[6.0, 22.3, 31.4]","[0.0, 6.0, 30.7]","[49.8, 73.3, 93.8]","[0.0, 0.0, 0.0]","[11.9, 22.0, 37.8]","[28.8, 57.6, 97.2]","[23.2, 208.4, 265.7]","[9.2, 56.8, 97.9]"
2024-07-07,22.6,17.1,18.7,22.6,17.1,18.7,15.0,79.7,0.0,0.0,,0.0,0.0,62.3,24.7,2.5,1013.0,86.1,24.4,163.4,14.0,7.0,24.7,12.4,04:50:37,20:55:18,"[15.0, 22.4, 30.5]","[7.9, 12.6, 18.4]","[5.6, 22.4, 29.8]","[0.0, 2.1, 15.8]","[55.0, 70.7, 84.2]","[0.0, 0.0, 0.0]","[14.0, 21.2, 36.0]","[43.2, 58.7, 86.4]","[57.8, 213.3, 319.2]","[8.6, 54.6, 95.4]"
2024-07-08,23.4,16.3,19.4,23.4,16.3,19.4,16.3,83.4,1.066,25.0,['rain'],0.0,0.0,27.4,14.5,18.9,1017.4,72.2,14.0,194.6,16.7,7.0,14.5,10.1,04:51:30,20:54:42,"[16.7, 22.4, 27.5]","[7.6, 12.6, 18.2]","[5.5, 22.4, 28.4]","[0.0, 2.4, 19.5]","[55.8, 72.2, 84.2]","[0.0, 0.0, 0.0]","[11.2, 22.0, 31.7]","[39.6, 57.2, 79.2]","[45.7, 199.9, 318.6]","[14.0, 55.6, 88.7]"
2024-07-09,28.3,16.1,22.2,29.3,16.1,22.5,17.4,76.0,0.0,0.0,,0.0,0.0,21.6,9.4,25.2,1018.4,32.1,17.5,317.5,27.3,9.0,9.4,6.6,04:52:24,20:54:04,"[16.5, 21.9, 29.1]","[9.4, 12.4, 16.2]","[7.8, 21.9, 29.6]","[0.0, 3.0, 18.6]","[57.8, 74.1, 94.7]","[0.0, 0.0, 0.0]","[10.8, 20.2, 33.8]","[39.6, 55.4, 64.8]","[47.3, 204.7, 318.8]","[5.7, 57.9, 97.9]"
2024-07-10,31.2,19.6,25.7,31.9,19.6,26.1,18.2,65.4,0.0,0.0,,0.0,0.0,43.2,16.0,60.8,1015.5,24.6,25.3,309.8,26.7,8.0,16.0,10.4,04:53:21,20:53:23,"[14.5, 21.8, 29.4]","[6.2, 12.6, 17.6]","[4.0, 21.8, 29.0]","[0.0, 3.7, 26.6]","[58.2, 72.9, 95.3]","[0.0, 0.0, 0.0]","[13.0, 20.9, 34.6]","[39.6, 52.2, 75.6]","[49.9, 205.0, 296.3]","[4.0, 59.5, 97.9]"
2024-07-11,28.3,19.2,23.5,28.8,19.2,23.7,17.7,71.1,11.271,12.5,['rain'],0.0,0.1,49.8,15.8,338.4,1015.5,65.9,30.1,271.4,23.5,9.0,15.8,9.5,04:54:19,20:52:39,"[15.9, 21.3, 30.6]","[4.4, 12.3, 16.7]","[0.9, 21.3, 30.9]","[0.0, 4.0, 24.1]","[59.9, 75.9, 92.4]","[0.0, 0.0, 0.0]","[13.0, 21.6, 36.7]","[39.6, 54.7, 75.6]","[37.5, 185.9, 252.3]","[5.5, 63.4, 96.2]"
2024-07-12,26.9,18.4,22.3,28.0,18.4,22.3,18.0,77.7,15.576,12.5,['rain'],0.0,0.0,66.1,21.2,66.9,1012.1,77.1,23.8,208.1,18.0,8.0,21.2,11.0,04:55:19,20:51:53,"[15.1, 21.5, 28.8]","[7.9, 11.8, 17.4]","[5.3, 21.5, 28.7]","[0.0, 3.4, 32.8]","[56.0, 73.6, 89.0]","[0.0, 0.0, 0.0]","[13.0, 22.0, 30.2]","[43.2, 55.8, 75.6]","[39.3, 188.3, 290.7]","[13.3, 58.4, 90.4]"
2024-07-13,26.9,17.7,20.9,27.8,17.7,21.0,17.3,80.7,15.888,12.5,['rain'],0.0,0.1,43.2,18.5,299.1,1010.8,66.4,21.0,287.5,24.9,10.0,18.5,11.2,04:56:21,20:51:04,"[13.6, 21.6, 28.7]","[7.9, 12.4, 16.4]","[5.3, 21.6, 28.7]","[0.0, 4.4, 26.8]","[53.3, 75.2, 87.0]","[0.0, 0.0, 0.0]","[14.4, 22.7, 37.1]","[25.2, 56.9, 86.4]","[74.5, 212.1, 295.9]","[24.9, 63.6, 95.3]"
2024-07-14,25.3,17.0,21.2,25.3,17.0,21.2,16.6,75.8,0.137,8.33,['rain'],0.0,0.0,39.6,21.2,20.3,1012.9,58.5,26.7,326.8,28.3,9.0,21.2,11.7,04:57:24,20:50:12,"[13.1, 22.2, 28.2]","[6.4, 12.8, 18.7]","[5.1, 22.2, 28.2]","[0.0, 5.5, 21.0]","[50.6, 74.6, 94.2]","[0.0, 0.0, 0.0]","[10.4, 21.6, 34.2]","[39.6, 59.0, 100.8]","[58.7, 197.8, 293.8]","[19.9, 66.5, 97.1]"
2024-07-15,28.6,17.5,23.0,28.5,17.5,23.0,15.9,66.9,0.0,0.0,,0.0,0.0,22.3,9.2,23.7,1013.7,62.7,34.4,255.3,22.1,10.0,9.2,6.8,04:58:29,20:49:18,"[14.3, 21.8, 31.1]","[7.9, 12.6, 17.9]","[5.3, 21.8, 30.5]","[0.0, 3.0, 16.6]","[56.1, 73.1, 87.5]","[0.0, 0.0, 0.0]","[13.0, 20.5, 28.4]","[39.6, 54.4, 72.0]","[47.3, 202.4, 283.4]","[15.6, 56.9, 93.8]"
2024-07-16,29.4,19.0,23.7,30.7,19.0,24.1,17.8,70.6,0.016,8.33,['rain'],0.0,0.0,43.2,21.5,295.5,1011.6,45.5,30.9,225.7,19.5,8.0,21.5,11.8,04:59:35,20:48:22,"[14.1, 23.0, 30.7]","[7.9, 12.8, 19.5]","[6.1, 23.0, 32.2]","[0.0, 1.9, 13.7]","[51.0, 71.1, 91.5]","[0.0, 0.0, 0.0]","[11.5, 20.9, 33.8]","[39.6, 54.4, 75.6]","[30.7, 185.2, 272.0]","[0.8, 54.1, 97.9]"
2024-07-17,23.5,17.4,20.6,23.5,17.4,20.6,15.0,71.4,1.041,12.5,['rain'],0.0,0.0,35.3,21.4,357.7,1018.4,74.0,34.6,259.8,22.3,9.0,21.4,13.1,05:00:43,20:47:23,"[15.9, 23.8, 32.3]","[7.8, 13.1, 18.9]","[6.1, 23.8, 32.4]","[0.0, 2.4, 16.2]","[52.1, 71.2, 87.8]","[0.0, 0.0, 0.0]","[11.5, 18.4, 32.0]","[28.8, 54.4, 82.8]","[32.5, 180.3, 304.0]","[5.9, 51.5, 91.7]"
2024-07-18,25.5,14.1,20.4,25.5,14.1,20.4,13.2,64.9,0.138,4.17,['rain'],0.0,0.0,36.7,16.9,27.0,1021.4,36.9,42.1,308.5,26.6,9.0,16.9,11.8,05:01:52,20:46:22,"[17.2, 23.5, 31.8]","[9.0, 13.7, 20.6]","[8.0, 23.5, 31.1]","[0.0, 7.4, 51.5]","[51.2, 74.4, 92.2]","[0.0, 0.0, 0.0]","[12.2, 19.8, 32.8]","[39.6, 58.7, 82.8]","[47.8, 190.8, 293.3]","[7.9, 58.4, 98.8]"
2024-07-19,26.3,16.3,21.4,26.3,16.3,21.4,13.1,60.8,0.0,0.0,,0.0,0.0,31.3,15.3,33.5,1019.1,53.0,39.6,283.9,24.5,8.0,15.3,12.2,05:03:02,20:45:18,"[14.9, 23.6, 32.1]","[11.3, 14.1, 17.9]","[11.3, 23.6, 31.1]","[0.0, 4.1, 23.3]","[48.1, 73.5, 92.6]","[0.0, 0.0, 0.0]","[9.7, 21.6, 38.9]","[39.6, 58.0, 90.0]","[39.8, 180.4, 335.1]","[1.3, 59.2, 100.0]"
2024-07-20,24.3,15.7,20.5,24.3,15.7,20.5,13.6,65.9,0.0,0.0,,0.0,0.0,20.9,12.4,36.0,1012.6,81.1,34.2,169.7,14.5,7.0,12.4,9.4,05:04:14,20:44:12,"[18.5, 24.4, 33.1]","[11.1, 14.9, 19.5]","[11.1, 24.4, 32.4]","[0.0, 1.7, 14.8]","[47.1, 69.5, 89.3]","[0.0, 0.0, 0.0]","[11.9, 19.4, 26.3]","[39.6, 54.7, 75.6]","[66.2, 198.1, 311.5]","[7.0, 54.9, 92.6]"
2024-07-21,26.9,16.2,21.9,26.9,16.2,21.9,13.5,61.5,0.0,0.0,,0.0,0.0,24.5,10.8,32.9,1008.9,40.8,38.3,256.3,22.0,9.0,10.8,8.0,05:05:26,20:43:04,"[14.8, 24.2, 32.3]","[9.5, 14.0, 18.4]","[7.3, 24.2, 31.1]","[0.0, 3.4, 29.4]","[49.7, 70.9, 91.9]","[0.0, 0.0, 0.0]","[12.2, 21.6, 36.0]","[43.2, 53.6, 64.8]","[48.2, 194.0, 254.6]","[7.3, 52.3, 97.4]"
2024-07-22,28.7,15.7,22.2,28.0,15.7,22.2,13.9,61.5,0.0,0.0,,0.0,0.0,28.8,15.3,347.1,1011.7,34.5,34.3,303.8,26.1,9.0,15.3,8.7,05:06:40,20:41:53,"[12.6, 24.1, 32.7]","[7.6, 14.5, 18.9]","[6.1, 24.1, 31.6]","[0.0, 3.3, 38.4]","[52.4, 68.8, 90.1]","[0.0, 0.0, 0.0]","[11.9, 21.2, 35.3]","[39.6, 54.4, 97.2]","[56.5, 183.3, 278.6]","[10.4, 56.8, 97.5]"
2024-07-23,24.8,18.1,21.2,24.8,18.1,21.2,14.2,65.7,0.297,8.33,['rain'],0.0,0.0,28.1,15.9,5.7,1016.3,72.0,35.0,254.5,21.9,8.0,15.9,10.7,05:07:55,20:40:41,"[15.2, 23.6, 31.3]","[8.0, 14.0, 19.1]","[6.7, 23.6, 30.8]","[0.0, 2.7, 30.5]","[54.7, 71.1, 87.6]","[0.0, 0.0, 0.0]","[13.3, 20.9, 35.3]","[43.2, 64.8, 111.6]","[16.3, 170.4, 263.0]","[5.8, 54.4, 99.9]"
2024-07-24,20.0,14.6,17.5,20.0,14.6,17.5,13.7,79.0,0.0,0.0,,0.0,0.0,33.5,15.7,331.3,1014.3,70.5,28.6,254.4,22.1,10.0,15.7,10.6,05:09:11,20:39:26,"[16.6, 23.4, 28.3]","[10.1, 13.6, 18.9]","[10.1, 23.4, 28.2]","[0.0, 4.1, 34.1]","[55.3, 72.2, 95.0]","[0.0, 0.0, 0.0]","[13.0, 22.3, 32.4]","[39.6, 59.0, 82.8]","[13.1, 157.4, 247.0]","[9.4, 58.1, 100.0]"
2024-07-25,21.3,12.8,16.9,21.3,12.8,16.9,11.3,71.3,3.414,12.5,['rain'],0.0,0.0,43.2,14.2,7.3,1014.5,61.9,35.9,255.9,22.0,9.0,14.2,9.4,05:10:28,20:38:09,"[13.9, 22.3, 29.5]","[10.8, 13.8, 17.5]","[10.8, 22.3, 28.2]","[0.0, 3.2, 18.4]","[48.1, 74.2, 93.3]","[0.0, 0.0, 0.0]","[9.7, 22.3, 46.8]","[28.8, 60.5, 79.2]","[49.8, 177.0, 311.8]","[19.5, 67.0, 100.0]"
2024-07-26,24.5,11.4,18.5,24.5,11.4,18.5,10.1,61.0,0.0,0.0,,0.0,0.0,20.9,10.7,293.0,1013.9,41.2,41.2,288.0,24.8,8.0,10.7,7.3,05:11:46,20:36:50,"[15.7, 23.1, 29.6]","[8.3, 13.4, 16.3]","[5.9, 23.1, 28.3]","[0.0, 3.6, 28.2]","[51.8, 72.8, 90.1]","[0.0, 0.0, 0.0]","[10.8, 19.4, 27.0]","[28.8, 54.7, 86.4]","[42.5, 174.8, 273.0]","[12.7, 56.2, 98.1]"
2024-07-27,29.1,15.8,23.1,28.7,15.8,23.0,13.0,54.4,0.0,0.0,,0.0,0.0,57.6,20.0,215.1,1014.5,40.8,43.1,302.2,26.0,8.0,20.0,12.4,05:13:05,20:35:29,"[16.1, 23.8, 31.0]","[9.3, 14.0, 17.5]","[8.0, 23.8, 29.5]","[0.0, 2.2, 13.6]","[47.5, 71.7, 88.7]","[0.0, 0.0, 0.0]","[11.9, 20.2, 37.4]","[32.4, 50.4, 75.6]","[58.2, 179.1, 285.5]","[18.9, 53.8, 92.8]"
2024-07-28,22.7,14.6,20.2,22.7,14.6,20.2,13.6,66.1,0.379,20.83,['rain'],0.0,0.0,79.2,22.8,264.6,1018.0,68.9,36.4,146.5,12.6,6.0,22.8,18.0,05:14:24,20:34:07,"[15.7, 24.9, 33.1]","[11.4, 14.4, 19.2]","[11.4, 24.9, 34.8]","[0.0, 2.8, 12.0]","[44.7, 71.9, 87.5]","[0.0, 0.0, 0.0]","[11.9, 22.3, 29.5]","[39.6, 56.9, 75.6]","[42.5, 178.1, 263.8]","[11.5, 52.3, 98.9]"
2024-07-29,22.4,10.9,16.7,22.4,10.9,16.7,8.9,63.0,0.0,0.0,,0.0,0.0,43.2,17.6,337.0,1022.4,23.0,43.1,311.5,26.8,9.0,17.6,12.0,05:15:44,20:32:42,"[14.2, 24.2, 32.9]","[11.2, 14.9, 19.2]","[11.2, 24.2, 32.2]","[0.0, 2.1, 11.2]","[53.4, 73.2, 89.9]","[0.0, 0.0, 0.0]","[10.8, 21.2, 28.4]","[39.6, 52.9, 86.4]","[48.6, 185.6, 252.7]","[4.1, 54.6, 99.2]"
2024-07-30,23.6,10.3,17.3,23.6,10.3,17.3,9.3,62.0,0.0,0.0,,0.0,0.0,19.1,12.3,359.5,1020.1,13.1,42.7,294.8,25.4,8.0,12.3,8.1,05:17:05,20:31:15,"[14.6, 23.2, 30.2]","[9.2, 14.3, 19.9]","[6.4, 23.2, 31.8]","[0.0, 4.1, 25.5]","[60.3, 75.1, 95.5]","[0.0, 0.0, 0.6]","[14.4, 22.7, 30.6]","[39.6, 56.9, 75.6]","[36.2, 203.9, 287.2]","[24.0, 58.8, 100.0]"
2024-07-31,28.7,13.1,21.0,27.7,13.1,20.8,10.3,54.2,0.0,0.0,,0.0,0.0,27.0,15.2,241.2,1014.9,23.7,42.7,295.8,25.8,8.0,15.2,10.3,05:18:27,20:29:47,"[14.3, 23.1, 29.9]","[8.4, 14.2, 18.5]","[6.0, 23.1, 29.8]","[0.0, 7.8, 56.4]","[54.6, 74.7, 95.4]","[0.0, 0.0, 0.7]","[12.6, 19.8, 25.2]","[39.6, 50.0, 64.8]","[41.8, 172.6, 269.2]","[13.1, 62.4, 100.0]"
2024-08-01,23.7,17.1,19.9,23.7,17.1,19.9,13.3,66.3,0.0,0.0,,0.0,0.0,39.6,15.5,24.5,1011.5,73.0,33.7,160.5,13.9,7.0,15.5,9.0,05:19:49,20:28:16,"[17.2, 23.5, 31.5]","[7.7, 13.9, 18.1]","[7.7, 23.5, 31.4]","[0.0, 3.2, 29.8]","[53.0, 74.2, 95.4]","[0.0, 0.0, 0.0]","[13.0, 18.4, 46.8]","[28.8, 50.0, 75.6]","[41.3, 158.3, 291.8]","[0.8, 56.8, 99.9]"
2024-08-02,23.1,15.5,18.6,23.1,15.5,18.6,15.2,81.1,0.008,4.17,['rain'],0.0,0.0,27.7,19.7,301.9,1008.1,86.5,23.4,120.7,10.6,7.0,19.7,9.0,05:21:11,20:26:44,"[19.7, 25.1, 29.9]","[7.9, 14.2, 20.9]","[5.7, 25.1, 29.3]","[0.0, 1.8, 20.0]","[56.8, 69.5, 90.5]","[0.0, 0.0, 0.0]","[11.5, 19.1, 27.7]","[39.6, 55.8, 90.0]","[69.3, 191.3, 271.5]","[5.9, 46.8, 80.1]"
2024-08-03,19.9,13.6,16.3,19.9,13.6,16.3,12.4,78.9,9.394,12.5,['rain'],0.0,0.0,43.2,18.6,347.9,1010.2,78.3,30.3,195.7,17.0,9.0,18.6,13.6,05:22:35,20:25:11,"[19.0, 24.1, 31.6]","[10.8, 14.8, 18.4]","[10.8, 24.1, 30.6]","[0.0, 2.0, 16.9]","[54.0, 72.2, 84.1]","[0.0, 0.0, 0.0]","[10.8, 18.7, 28.8]","[39.6, 51.5, 68.4]","[55.0, 188.8, 284.9]","[8.7, 58.8, 96.2]"
2024-08-04,21.3,11.7,16.7,21.3,11.7,16.7,13.1,80.3,0.016,4.17,['rain'],0.0,0.0,29.9,18.9,273.7,1012.6,66.3,26.7,159.3,14.0,6.0,18.9,11.2,05:23:58,20:23:35,"[15.1, 23.1, 32.1]","[11.4, 14.0, 18.1]","[11.4, 23.1, 32.5]","[0.0, 4.7, 31.5]","[53.7, 74.9, 95.4]","[0.0, 0.0, 0.0]","[11.5, 20.5, 42.8]","[39.6, 55.4, 104.4]","[55.0, 182.5, 281.1]","[25.7, 59.5, 100.0]"
2024-08-05,17.8,13.9,15.5,17.8,13.9,15.5,12.6,83.5,2.068,12.5,['rain'],0.0,0.0,30.6,14.4,335.5,1013.6,76.5,22.6,134.2,11.5,6.0,14.4,9.5,05:25:22,20:21:58,"[15.1, 23.5, 30.6]","[7.4, 14.1, 18.9]","[5.1, 23.5, 29.7]","[0.0, 4.1, 52.1]","[55.6, 74.8, 96.0]","[0.0, 0.0, 0.0]","[12.2, 21.2, 30.6]","[32.4, 55.4, 82.8]","[28.3, 161.8, 261.2]","[13.3, 52.7, 99.9]"
2024-08-06,21.9,12.1,16.9,21.9,12.1,16.9,10.2,67.1,0.856,4.17,['rain'],0.0,0.0,54.0,12.1,5.6,1014.9,37.1,39.8,283.2,24.6,9.0,12.1,9.1,05:26:47,20:20:20,"[16.5, 23.0, 31.4]","[7.1, 13.8, 18.6]","[6.0, 23.0, 31.1]","[0.0, 4.3, 20.4]","[57.2, 75.6, 91.6]","[0.0, 0.0, 0.0]","[12.6, 21.2, 40.7]","[39.6, 57.2, 82.8]","[25.7, 149.1, 284.5]","[10.3, 58.1, 93.8]"
2024-08-07,25.9,11.8,19.2,25.9,11.8,19.2,11.6,64.4,0.0,0.0,,0.0,0.0,46.8,14.5,241.7,1013.5,39.5,41.3,263.2,22.7,9.0,14.5,8.2,05:28:12,20:18:40,"[19.1, 23.8, 32.1]","[8.1, 13.8, 19.5]","[6.7, 23.8, 31.5]","[0.0, 2.7, 17.1]","[54.3, 71.7, 94.7]","[0.0, 0.0, 0.0]","[12.2, 20.2, 30.6]","[39.6, 59.0, 90.0]","[41.5, 148.5, 244.0]","[5.5, 48.4, 97.0]"
2024-08-08,26.1,16.0,19.1,26.1,16.0,19.1,14.7,76.6,0.819,33.33,['rain'],0.0,0.0,46.8,20.7,306.7,1013.9,78.1,29.0,178.8,15.2,8.0,20.7,9.8,05:29:37,20:16:58,"[14.2, 23.5, 34.3]","[8.0, 13.6, 20.0]","[5.9, 23.5, 32.8]","[0.0, 4.2, 33.6]","[47.2, 70.0, 94.2]","[0.0, 0.0, 0.0]","[12.6, 22.7, 39.2]","[28.8, 55.8, 86.4]","[41.9, 179.9, 301.4]","[6.5, 51.5, 96.1]"
2024-08-09,23.7,14.5,18.6,23.7,14.5,18.6,13.4,73.9,8.252,4.17,['rain'],0.0,0.0,24.5,11.6,314.2,1017.0,63.0,29.2,282.0,24.4,8.0,11.6,8.8,05:31:03,20:15:15,"[14.6, 23.6, 31.8]","[8.2, 13.4, 18.8]","[5.1, 23.6, 30.9]","[0.0, 2.4, 21.0]","[51.3, 71.0, 90.0]","[0.0, 0.0, 0.0]","[11.9, 21.2, 28.8]","[39.6, 52.9, 72.0]","[51.1, 172.8, 288.7]","[25.9, 49.4, 88.7]"
2024-08-10,26.5,15.9,20.9,26.5,15.9,20.9,14.2,67.1,0.0,0.0,,0.0,0.0,27.0,16.6,274.2,1018.9,40.6,38.1,273.8,23.4,9.0,16.6,10.6,05:32:28,20:13:31,"[12.3, 22.8, 30.6]","[6.6, 13.2, 19.3]","[3.9, 22.8, 31.3]","[0.0, 3.5, 22.8]","[55.9, 72.8, 94.2]","[0.0, 0.0, 0.0]","[13.0, 21.2, 36.0]","[39.6, 51.5, 68.4]","[28.3, 174.4, 252.1]","[11.4, 54.2, 99.6]"
2024-08-11,27.8,15.6,21.5,27.6,15.6,21.5,13.8,63.9,0.0,0.0,,0.0,0.0,28.8,16.8,333.2,1019.6,19.1,41.5,256.8,22.1,8.0,16.8,10.4,05:33:54,20:11:45,"[13.0, 22.5, 32.0]","[6.5, 13.1, 19.0]","[3.7, 22.5, 31.1]","[0.0, 4.3, 30.5]","[53.7, 74.7, 89.5]","[0.0, 0.0, 0.0]","[9.4, 20.5, 37.1]","[39.6, 56.2, 68.4]","[57.5, 174.9, 272.7]","[19.0, 55.7, 94.6]"
2024-08-12,27.5,14.1,21.3,27.3,14.1,21.3,13.0,62.2,0.0,0.0,,0.0,0.0,28.1,11.2,11.5,1016.3,23.5,30.4,271.7,23.4,8.0,11.2,7.5,05:35:21,20:09:58,"[14.5, 22.3, 31.9]","[6.2, 12.6, 19.1]","[3.9, 22.3, 30.9]","[0.0, 3.1, 23.3]","[55.2, 72.9, 89.0]","[0.0, 0.0, 0.0]","[9.7, 19.8, 38.5]","[39.6, 51.8, 97.2]","[55.1, 187.3, 259.2]","[13.6, 55.1, 92.1]"
2024-08-13,28.1,16.2,22.3,27.6,16.2,22.2,12.1,54.5,0.0,0.0,,0.0,0.0,29.2,13.9,31.7,1013.1,35.0,42.2,275.8,23.9,8.0,13.9,10.6,05:36:47,20:08:10,"[15.8, 21.9, 31.8]","[8.7, 13.3, 19.4]","[7.4, 21.9, 31.2]","[0.0, 4.2, 26.3]","[54.0, 77.0, 93.6]","[0.0, 0.0, 0.0]","[14.4, 23.8, 34.2]","[25.2, 55.4, 100.8]","[38.8, 196.0, 254.3]","[21.5, 64.3, 93.8]"
2024-08-14,31.3,15.1,23.4,31.2,15.1,23.4,13.9,57.1,0.0,0.0,,0.0,0.0,24.1,13.0,4.8,1012.7,14.0,40.3,266.2,23.2,8.0,13.0,8.4,05:38:14,20:06:21,"[15.0, 22.0, 30.0]","[7.1, 13.3, 17.8]","[4.6, 22.0, 29.2]","[0.0, 3.5, 40.1]","[61.2, 76.1, 93.1]","[0.0, 0.0, 0.0]","[13.3, 21.2, 36.0]","[28.8, 52.6, 97.2]","[51.5, 203.5, 291.3]","[34.4, 62.0, 100.0]"
2024-08-15,27.6,20.1,22.9,28.1,20.1,22.9,16.4,67.6,0.328,4.17,['rain'],0.0,0.0,50.4,16.8,284.4,1014.9,59.0,32.0,191.4,16.7,9.0,16.8,9.4,05:39:40,20:04:30,"[14.9, 22.9, 31.2]","[7.4, 12.6, 17.6]","[5.1, 22.9, 30.2]","[0.0, 5.4, 32.1]","[60.4, 73.8, 89.5]","[0.0, 0.0, 0.0]","[12.6, 21.2, 39.6]","[28.8, 54.7, 111.6]","[75.4, 189.9, 277.0]","[18.9, 52.5, 98.0]"
2024-08-16,30.4,17.2,23.9,30.1,17.2,23.9,16.1,64.8,0.0,0.0,,0.0,0.0,20.9,11.5,306.6,1015.3,26.5,31.7,242.0,21.0,8.0,11.5,7.2,05:41:07,20:02:38,"[13.9, 22.2, 30.0]","[7.5, 12.6, 17.5]","[5.5, 22.2, 29.2]","[0.0, 4.2, 34.8]","[58.3, 74.8, 96.4]","[0.0, 0.0, 0.0]","[10.8, 20.5, 32.0]","[39.6, 57.2, 97.2]","[65.9, 185.1, 282.5]","[19.4, 54.5, 100.0]"
2024-08-17,27.6,19.2,22.4,28.6,19.2,22.5,17.5,74.8,7.507,37.5,['rain'],0.0,0.1,43.2,16.8,15.0,1012.3,77.8,26.4,173.4,14.9,8.0,16.8,9.8,05:42:34,20:00:45,"[16.4, 21.9, 28.4]","[9.1, 12.8, 16.7]","[7.5, 21.9, 28.0]","[0.0, 2.1, 20.0]","[55.7, 75.6, 91.8]","[0.0, 0.0, 0.0]","[9.7, 19.8, 33.8]","[37.4, 53.3, 82.8]","[28.5, 169.3, 239.4]","[8.5, 55.6, 97.2]"
2024-08-18,27.4,18.3,21.9,28.1,18.3,22.1,17.9,79.7,12.099,8.33,['rain'],0.0,0.0,57.6,23.2,279.9,1008.2,75.9,20.8,235.8,20.3,8.0,23.2,9.7,05:44:01,19:58:51,"[16.7, 23.9, 31.3]","[9.2, 13.2, 16.3]","[7.3, 23.9, 30.9]","[0.0, 1.1, 10.4]","[52.5, 70.3, 90.8]","[0.0, 0.0, 0.0]","[13.3, 22.3, 40.3]","[39.6, 54.4, 100.8]","[43.4, 175.2, 239.8]","[15.7, 47.4, 93.0]"
2024-08-19,21.5,17.2,18.9,21.5,17.2,18.9,16.7,87.1,4.938,16.67,['rain'],0.0,0.0,75.6,21.7,355.7,1012.0,89.7,25.3,174.9,15.1,8.0,21.7,13.3,05:45:28,19:56:56,"[15.1, 23.4, 31.3]","[10.1, 13.8, 18.3]","[10.1, 23.4, 31.0]","[0.0, 4.5, 56.8]","[55.3, 72.9, 96.1]","[0.0, 0.0, 0.0]","[12.2, 22.0, 34.6]","[39.6, 57.2, 86.4]","[55.8, 182.0, 281.5]","[3.8, 48.7, 92.9]"
2024-08-20,23.9,16.9,19.8,23.9,16.9,19.8,16.0,79.5,0.405,4.17,['rain'],0.0,0.0,40.7,18.6,35.4,1014.1,67.4,20.5,223.8,19.5,7.0,18.6,13.8,05:46:56,19:55:00,"[15.1, 23.0, 31.9]","[7.5, 13.4, 17.5]","[5.0, 23.0, 30.6]","[0.0, 4.4, 33.2]","[46.3, 74.2, 92.5]","[0.0, 0.0, 0.0]","[11.5, 19.8, 28.8]","[39.6, 55.1, 79.2]","[57.1, 184.3, 271.9]","[1.8, 50.1, 99.7]"
2024-08-21,21.4,16.4,19.2,21.4,16.4,19.2,15.6,80.4,0.848,8.33,['rain'],0.0,0.0,57.6,23.8,286.5,1012.0,70.7,20.5,96.7,8.4,4.0,23.8,12.7,05:48:23,19:53:03,"[15.3, 21.9, 27.7]","[8.9, 12.5, 17.2]","[7.7, 21.9, 27.2]","[0.0, 4.0, 28.4]","[55.1, 75.4, 96.8]","[0.0, 0.0, 0.0]","[14.0, 19.8, 27.0]","[43.2, 55.4, 90.0]","[31.4, 187.2, 278.2]","[7.0, 50.9, 99.9]"
2024-08-22,20.9,11.6,16.0,20.9,11.6,16.0,8.7,63.7,0.0,0.0,,0.0,0.0,18.4,12.7,354.5,1016.2,84.1,41.6,208.3,18.0,8.0,12.7,7.3,05:49:50,19:51:05,"[15.2, 21.7, 29.0]","[7.4, 12.4, 16.7]","[5.6, 21.7, 28.9]","[0.0, 1.9, 16.2]","[61.1, 77.0, 97.2]","[0.0, 0.0, 0.0]","[14.0, 21.6, 31.7]","[39.6, 54.4, 82.8]","[43.3, 176.6, 324.2]","[5.0, 56.5, 100.0]"
2024-08-23,26.6,11.3,18.8,26.6,11.3,18.8,10.5,61.1,0.0,0.0,,0.0,0.0,35.3,18.0,230.0,1014.8,42.3,42.7,248.2,21.5,8.0,18.0,11.8,05:51:18,19:49:06,"[17.3, 22.3, 30.3]","[7.4, 12.7, 17.3]","[6.0, 22.3, 29.0]","[0.0, 3.3, 22.2]","[52.7, 76.5, 97.0]","[0.0, 0.0, 0.0]","[11.9, 20.2, 33.5]","[43.2, 56.9, 82.8]","[55.5, 178.0, 262.3]","[11.1, 54.4, 97.8]"
2024-08-24,30.7,15.1,23.0,30.2,15.1,22.9,14.6,62.2,0.0,0.0,,0.0,0.0,29.9,14.0,275.0,1015.5,24.7,33.0,244.7,21.2,7.0,14.0,9.7,05:52:45,19:47:07,"[12.3, 22.0, 29.5]","[7.1, 13.0, 18.0]","[4.6, 22.0, 30.0]","[0.0, 4.4, 51.5]","[60.8, 76.5, 95.4]","[0.0, 0.0, 0.0]","[10.4, 23.4, 43.2]","[39.6, 58.7, 90.0]","[41.8, 179.5, 325.8]","[19.8, 62.1, 98.3]"
2024-08-25,29.6,18.2,22.9,29.6,18.2,23.0,14.9,61.5,0.0,0.0,,0.0,0.0,72.0,23.5,336.3,1015.2,48.5,31.9,233.8,20.2,7.0,23.5,17.9,05:54:12,19:45:06,"[15.5, 21.4, 26.6]","[5.0, 12.4, 19.3]","[1.8, 21.4, 26.6]","[0.0, 1.7, 14.2]","[64.1, 75.6, 95.8]","[0.0, 0.0, 0.0]","[10.4, 21.2, 38.9]","[39.6, 56.9, 97.2]","[60.9, 183.4, 284.0]","[11.0, 53.3, 96.0]"
2024-08-26,22.1,15.3,18.4,22.1,15.3,18.4,13.2,71.7,0.19,4.17,['rain'],0.0,0.0,50.0,22.9,26.8,1020.3,77.7,25.7,230.3,19.9,7.0,22.9,19.5,05:55:40,19:43:05,"[13.4, 21.8, 30.5]","[8.5, 12.4, 18.0]","[6.0, 21.8, 31.1]","[0.0, 2.6, 15.0]","[61.4, 75.2, 89.3]","[0.0, 0.0, 0.0]","[11.5, 22.0, 32.4]","[28.8, 58.7, 90.0]","[60.0, 206.8, 258.9]","[2.8, 56.0, 97.8]"
2024-08-27,23.6,15.6,19.5,23.6,15.6,19.5,13.7,69.4,0.0,0.0,,0.0,0.0,44.6,20.6,33.5,1021.0,69.6,27.2,229.3,19.8,7.0,20.6,17.7,05:57:07,19:41:03,"[14.7, 21.9, 28.5]","[6.5, 11.9, 16.2]","[4.1, 21.9, 28.0]","[0.0, 0.9, 5.8]","[52.3, 73.9, 89.8]","[0.0, 0.0, 0.0]","[10.8, 22.7, 37.4]","[39.6, 59.4, 100.8]","[65.3, 206.1, 292.2]","[1.4, 53.1, 92.5]"
2024-08-28,28.5,16.3,22.7,29.0,16.3,22.8,16.3,68.8,0.0,0.0,,0.0,0.0,23.8,14.9,46.3,1019.7,31.9,25.1,229.7,19.8,7.0,14.9,9.9,05:58:34,19:39:00,"[15.7, 21.6, 29.1]","[6.1, 11.2, 17.2]","[3.9, 21.6, 28.9]","[0.0, 2.6, 32.6]","[62.4, 74.7, 92.3]","[0.0, 0.0, 0.0]","[8.6, 19.8, 32.4]","[39.6, 55.8, 86.4]","[100.7, 205.1, 276.4]","[4.3, 51.8, 94.6]"
2024-08-29,29.4,17.5,23.2,29.4,17.5,23.2,15.5,64.5,0.0,0.0,,0.0,0.0,18.7,11.3,15.9,1017.8,26.4,22.4,231.5,20.1,7.0,11.3,7.7,06:00:02,19:36:57,"[14.1, 21.2, 29.0]","[5.6, 11.9, 17.2]","[2.1, 21.2, 29.2]","[0.0, 2.3, 16.6]","[63.4, 75.4, 91.6]","[0.0, 0.0, 0.0]","[9.4, 20.5, 42.8]","[43.2, 58.7, 93.6]","[41.0, 184.0, 286.5]","[13.8, 54.7, 93.0]"
2024-08-30,29.7,16.1,22.8,29.0,16.1,22.6,13.9,60.3,0.0,0.0,,0.0,0.0,15.1,9.9,5.1,1017.5,11.5,24.6,238.3,20.4,7.0,9.9,7.7,06:01:29,19:34:53,"[11.6, 20.8, 31.4]","[7.6, 11.5, 17.9]","[4.0, 20.8, 30.5]","[0.0, 1.5, 8.8]","[59.1, 74.3, 94.6]","[0.0, 0.0, 0.0]","[11.9, 20.9, 36.0]","[39.6, 54.4, 97.2]","[72.1, 192.7, 260.2]","[1.1, 52.5, 95.4]"
2024-08-31,25.5,16.6,20.9,25.5,16.6,20.9,15.1,70.0,0.0,0.0,,0.0,0.0,40.7,25.6,25.0,1019.8,36.7,22.1,223.3,19.3,7.0,25.6,14.7,06:02:56,19:32:48,"[10.6, 20.1, 31.7]","[5.9, 10.9, 16.5]","[2.5, 20.1, 30.4]","[0.0, 7.0, 67.5]","[51.1, 76.1, 95.2]","[0.0, 0.0, 0.0]","[9.4, 21.6, 37.8]","[39.6, 59.8, 104.4]","[39.5, 187.2, 305.3]","[2.9, 56.8, 100.0]"
2024-09-01,24.6,17.3,20.3,24.6,17.3,20.3,15.5,74.8,0.0,0.0,,0.0,0.0,39.6,19.4,38.8,1018.7,47.5,18.8,218.7,19.0,7.0,19.4,14.5,06:04:24,19:30:43,"[11.5, 19.2, 31.5]","[6.9, 10.6, 16.2]","[4.8, 19.2, 30.5]","[0.0, 7.7, 43.7]","[54.4, 78.2, 97.2]","[0.0, 0.0, 0.0]","[11.9, 21.2, 29.5]","[39.6, 55.1, 111.6]","[30.3, 182.8, 327.7]","[4.7, 62.4, 100.0]"
2024-09-02,28.3,16.0,21.5,28.0,16.0,21.5,14.5,67.0,0.0,0.0,,0.0,0.0,23.8,12.8,38.1,1014.7,46.0,21.9,211.3,18.2,7.0,12.8,7.8,06:05:51,19:28:37,"[12.3, 18.5, 23.6]","[6.3, 10.4, 14.8]","[3.0, 18.5, 23.6]","[0.0, 4.0, 24.9]","[61.4, 78.0, 96.6]","[0.0, 0.0, 0.0]","[9.4, 19.1, 29.9]","[39.6, 55.1, 75.6]","[28.5, 176.3, 288.1]","[7.4, 63.7, 99.5]"
2024-09-03,29.9,17.0,23.2,28.8,17.0,22.9,13.1,56.0,0.0,0.0,,0.0,0.0,43.2,11.8,39.4,1016.2,51.3,27.0,225.4,19.3,7.0,11.8,8.4,06:07:18,19:26:31,"[11.0, 19.5, 25.8]","[5.7, 10.4, 15.2]","[3.2, 19.5, 25.8]","[0.0, 2.7, 19.4]","[62.4, 76.6, 93.4]","[0.0, 0.0, 0.0]","[11.5, 20.9, 36.0]","[28.8, 58.3, 79.2]","[38.0, 175.5, 314.5]","[17.0, 60.1, 100.0]"
2024-09-04,29.7,16.6,22.9,28.6,16.6,22.7,12.5,54.9,0.0,0.0,,0.0,0.0,43.2,13.1,30.1,1015.5,27.6,27.8,253.8,21.9,7.0,13.1,7.8,06:08:45,19:24:24,"[11.1, 19.3, 26.3]","[6.3, 10.8, 16.2]","[2.8, 19.3, 26.3]","[0.0, 2.6, 13.5]","[65.4, 77.6, 92.8]","[0.0, 0.0, 0.0]","[10.8, 20.5, 36.7]","[39.6, 57.2, 90.0]","[43.3, 189.0, 288.3]","[8.3, 60.7, 100.0]"
2024-09-05,27.6,16.2,21.4,27.0,16.2,21.3,11.1,54.4,0.0,0.0,,0.0,0.0,30.2,20.0,52.3,1014.4,40.4,30.3,171.2,14.6,7.0,20.0,12.3,06:10:13,19:22:17,"[7.7, 19.4, 27.4]","[3.4, 10.6, 14.7]","[-3.5, 19.4, 27.2]","[0.0, 2.7, 32.1]","[66.7, 77.5, 91.3]","[0.0, 0.0, 0.0]","[9.0, 22.0, 50.4]","[43.2, 63.0, 100.8]","[33.8, 157.0, 269.7]","[21.0, 55.9, 94.3]"
2024-09-06,27.0,13.2,19.9,26.4,13.2,19.9,9.3,52.4,0.0,0.0,,0.0,0.0,68.4,15.2,65.3,1014.4,44.4,30.3,195.1,16.6,7.0,15.2,11.5,06:11:40,19:20:09,"[12.7, 18.7, 27.1]","[3.2, 9.4, 14.7]","[0.9, 18.7, 27.1]","[0.0, 5.3, 49.9]","[67.1, 78.5, 96.8]","[0.0, 0.0, 0.0]","[11.5, 20.2, 36.7]","[43.2, 56.5, 97.2]","[35.0, 178.1, 259.9]","[11.3, 56.4, 100.0]"
2024-09-07,27.9,15.6,21.3,27.5,15.6,21.3,12.9,61.0,0.0,0.0,,0.0,0.0,39.6,15.1,98.5,1016.0,45.4,30.2,198.2,17.1,8.0,15.1,11.3,06:13:07,19:18:01,"[10.9, 19.3, 24.1]","[3.9, 9.8, 16.3]","[0.9, 19.3, 24.1]","[0.0, 4.3, 74.3]","[63.6, 76.3, 92.5]","[0.0, 0.0, 0.0]","[9.4, 20.2, 34.6]","[39.6, 63.7, 90.0]","[51.6, 194.1, 285.1]","[2.6, 51.6, 99.6]"
2024-09-08,27.9,16.6,22.0,27.3,16.6,22.0,12.3,56.9,0.0,0.0,,0.0,0.0,46.8,22.0,124.6,1012.7,35.6,31.4,183.3,16.0,7.0,22.0,15.8,06:14:34,19:15:53,"[12.3, 19.1, 25.2]","[4.5, 9.9, 13.5]","[1.9, 19.1, 25.2]","[0.0, 4.1, 21.7]","[58.7, 76.7, 98.5]","[0.0, 0.0, 0.0]","[10.4, 22.0, 31.3]","[39.6, 60.5, 82.8]","[75.0, 203.6, 317.9]","[13.9, 52.7, 99.4]"
2024-09-09,23.0,13.2,17.4,23.0,13.2,17.4,12.2,74.6,5.1,66.67,['rain'],0.0,0.0,68.4,33.3,175.7,1005.2,97.9,18.7,30.3,2.5,1.0,33.3,21.7,06:16:02,19:13:44,"[11.9, 19.4, 25.9]","[4.8, 10.0, 13.4]","[1.8, 19.4, 25.9]","[0.0, 3.5, 32.5]","[62.3, 76.1, 94.5]","[0.0, 0.0, 0.0]","[11.5, 22.7, 50.4]","[39.6, 60.1, 86.4]","[65.8, 177.6, 277.5]","[8.0, 51.4, 96.6]"
2024-09-10,17.0,13.0,14.7,17.0,13.0,14.7,12.4,86.7,7.645,33.33,['rain'],0.0,0.0,39.6,14.8,294.7,1008.7,80.9,20.2,130.7,11.5,8.0,14.8,10.6,06:17:29,19:11:35,"[11.9, 19.8, 25.5]","[2.7, 9.8, 14.0]","[0.7, 19.8, 25.5]","[0.0, 0.5, 5.8]","[57.6, 75.7, 89.8]","[0.0, 0.0, 0.0]","[9.4, 20.2, 39.6]","[39.6, 54.4, 75.6]","[35.5, 173.1, 274.3]","[9.5, 52.8, 86.7]"
2024-09-11,20.1,10.6,14.9,20.1,10.6,14.9,10.3,76.1,1.258,4.17,['rain'],0.0,0.0,33.5,17.9,292.5,1008.8,60.7,28.4,199.4,17.3,7.0,17.9,10.5,06:18:56,19:09:26,"[10.9, 19.5, 27.0]","[5.8, 10.8, 14.2]","[1.7, 19.5, 27.2]","[0.0, 2.6, 10.1]","[48.3, 78.7, 96.9]","[0.0, 0.0, 0.0]","[10.8, 21.2, 40.7]","[39.6, 56.2, 86.4]","[40.0, 183.2, 286.6]","[5.9, 61.9, 100.0]"
2024-09-12,12.9,7.9,10.3,12.9,4.4,9.0,8.8,90.7,3.192,33.33,['rain'],0.0,0.1,41.4,23.1,352.9,1010.4,94.2,14.9,26.7,2.4,1.0,23.1,14.2,06:20:24,19:07:16,"[12.2, 18.8, 26.1]","[5.1, 10.1, 14.8]","[2.4, 18.8, 26.1]","[0.0, 2.0, 9.5]","[57.4, 78.5, 94.6]","[0.0, 0.0, 0.0]","[11.9, 22.0, 31.0]","[39.6, 55.4, 97.2]","[24.2, 187.8, 297.1]","[2.9, 57.8, 98.8]"
2024-09-13,10.5,7.3,8.4,10.5,3.3,5.2,7.5,94.3,26.96,41.67,['rain'],0.0,0.2,54.4,29.3,17.6,1008.4,99.9,9.1,22.4,2.0,1.0,29.3,22.8,06:21:51,19:05:07,"[8.7, 18.1, 25.6]","[4.1, 9.6, 14.2]","[0.1, 18.1, 25.6]","[0.0, 4.9, 43.8]","[59.1, 79.0, 95.1]","[0.0, 0.0, 0.0]","[13.0, 22.0, 41.0]","[39.6, 58.3, 86.4]","[32.1, 178.3, 273.4]","[2.4, 61.5, 100.0]"
2024-09-14,13.7,10.8,12.3,13.7,10.8,12.3,11.4,94.8,66.372,79.17,['rain'],0.0,0.4,72.0,34.4,342.8,1006.5,99.7,9.6,28.3,2.4,1.0,34.4,22.4,06:23:19,19:02:57,"[9.1, 18.6, 25.2]","[2.8, 9.6, 14.2]","[-0.5, 18.6, 25.2]","[0.0, 2.6, 15.2]","[60.6, 78.6, 93.1]","[0.0, 0.0, 0.0]","[9.7, 23.0, 43.9]","[43.2, 59.8, 90.0]","[46.5, 152.3, 250.3]","[3.7, 56.2, 98.3]"
2024-09-15,15.4,10.2,12.2,15.4,10.2,12.2,10.0,86.8,103.389,50.0,['rain'],0.0,0.0,72.3,37.1,359.1,1009.0,83.6,20.4,88.9,7.6,3.0,37.1,20.2,06:24:46,19:00:47,"[7.6, 18.1, 26.1]","[4.9, 9.7, 13.5]","[1.6, 18.1, 26.1]","[0.0, 3.1, 21.8]","[68.4, 81.2, 97.3]","[0.0, 0.0, 0.0]","[10.8, 24.5, 36.0]","[39.6, 55.4, 72.0]","[29.7, 194.6, 313.0]","[4.1, 63.7, 100.0]"
2024-09-16,15.0,11.3,13.1,15.0,11.3,13.1,11.3,89.4,9.908,62.5,['rain'],0.0,0.0,60.3,27.3,18.6,1011.7,95.6,13.7,63.1,5.6,2.0,27.3,18.1,06:26:14,18:58:36,"[8.1, 18.2, 25.3]","[3.6, 9.7, 15.9]","[-1.0, 18.2, 25.3]","[0.0, 2.4, 15.8]","[66.8, 79.7, 93.8]","[0.0, 0.0, 1.0]","[11.5, 22.0, 37.4]","[39.6, 54.7, 75.6]","[15.8, 198.4, 297.4]","[29.1, 66.1, 100.0]"
2024-09-17,18.8,10.6,14.3,18.8,10.6,14.3,11.3,82.9,0.016,8.33,['rain'],0.0,0.0,50.4,13.8,44.6,1021.4,69.3,16.2,115.2,10.0,5.0,13.8,10.5,06:27:41,18:56:26,"[7.1, 16.2, 27.4]","[2.7, 8.6, 16.3]","[-1.0, 16.2, 27.2]","[0.0, 5.5, 39.1]","[63.3, 83.4, 96.0]","[0.0, 0.1, 1.6]","[8.3, 21.2, 37.8]","[46.8, 59.8, 79.2]","[17.3, 182.9, 250.9]","[6.1, 68.5, 100.0]"
2024-09-18,21.5,11.1,15.9,21.5,11.1,15.9,9.6,68.0,0.0,0.0,,0.0,0.0,50.4,19.6,38.0,1024.9,19.3,24.1,171.9,14.9,6.0,19.6,14.0,06:29:09,18:54:16,"[8.5, 17.1, 26.1]","[2.7, 8.4, 15.7]","[-0.6, 17.1, 26.1]","[0.0, 1.4, 10.8]","[48.7, 77.3, 88.2]","[0.0, 0.0, 0.6]","[12.6, 24.5, 39.6]","[39.6, 60.1, 82.8]","[35.1, 192.6, 267.8]","[9.1, 58.6, 97.9]"
2024-09-19,18.0,11.0,14.2,18.0,11.0,14.2,9.0,72.0,0.0,0.0,,0.0,0.0,45.0,22.7,44.8,1023.3,36.1,28.8,193.9,16.9,6.0,22.7,17.3,06:30:37,18:52:05,"[8.5, 15.2, 26.6]","[3.7, 7.5, 12.8]","[-1.0, 15.2, 26.6]","[0.0, 2.6, 10.0]","[60.0, 81.7, 96.6]","[0.0, 0.0, 0.1]","[13.0, 22.0, 34.6]","[39.6, 61.9, 90.0]","[21.8, 182.3, 290.7]","[0.5, 65.4, 99.4]"
2024-09-20,19.6,9.5,14.1,19.6,8.3,14.0,8.2,69.0,0.0,0.0,,0.0,0.0,43.2,13.8,43.1,1025.0,23.0,29.5,165.0,14.2,6.0,13.8,10.1,06:32:05,18:49:55,"[7.1, 15.1, 28.5]","[2.3, 7.5, 12.8]","[-1.4, 15.1, 27.4]","[0.0, 2.3, 19.1]","[53.9, 81.3, 95.5]","[0.0, 0.0, 0.0]","[11.9, 20.2, 29.5]","[39.6, 58.0, 86.4]","[24.2, 187.9, 284.8]","[10.2, 66.8, 100.0]"
2024-09-21,21.3,8.1,13.9,21.3,7.0,13.5,5.5,60.6,0.0,0.0,,0.0,0.0,43.2,10.1,50.6,1024.9,9.1,33.9,202.0,17.5,7.0,10.1,7.4,06:33:33,18:47:45,"[7.3, 15.9, 26.9]","[2.2, 7.5, 13.8]","[-0.1, 15.9, 26.5]","[0.0, 2.1, 18.2]","[53.7, 79.3, 94.5]","[0.0, 0.0, 0.0]","[13.0, 22.3, 36.4]","[39.6, 58.0, 90.0]","[29.1, 191.2, 289.0]","[0.3, 55.8, 100.0]"
2024-09-22,21.4,7.3,13.8,21.4,5.9,13.5,5.8,61.4,0.0,0.0,,0.0,0.0,50.4,13.6,114.6,1020.0,8.8,38.1,199.8,17.4,7.0,13.6,8.8,06:35:01,18:45:34,"[9.2, 16.2, 27.8]","[2.5, 6.8, 11.3]","[-1.5, 16.2, 26.7]","[0.0, 2.7, 17.8]","[48.9, 78.5, 92.8]","[0.0, 0.0, 0.0]","[10.4, 22.7, 43.2]","[39.6, 60.5, 104.4]","[86.1, 210.5, 264.7]","[0.0, 52.4, 99.3]"
2024-09-23,20.4,8.6,14.3,20.4,5.9,13.8,6.5,61.1,0.0,0.0,,0.0,0.0,64.8,24.2,155.2,1013.7,53.4,35.4,177.5,15.3,7.0,24.2,16.9,06:36:30,18:43:24,"[9.3, 16.1, 26.1]","[2.6, 7.1, 11.6]","[-0.3, 16.1, 26.1]","[0.0, 2.5, 26.3]","[53.4, 78.9, 96.6]","[0.0, 0.0, 0.0]","[7.9, 22.7, 49.7]","[39.6, 60.5, 94.3]","[40.0, 214.0, 311.8]","[2.7, 60.0, 98.1]"
2024-09-24,20.8,11.0,14.4,20.8,11.0,14.4,9.2,73.2,1.044,29.17,['rain'],0.0,0.0,75.6,27.5,181.0,1009.7,81.3,26.2,63.2,5.5,3.0,27.5,18.2,06:37:58,18:41:14,"[6.1, 15.5, 22.5]","[1.2, 7.4, 13.8]","[-2.5, 15.5, 22.5]","[0.0, 2.7, 21.3]","[66.3, 80.5, 95.7]","[0.0, 0.0, 0.0]","[9.4, 21.6, 42.5]","[39.6, 63.4, 97.2]","[30.3, 174.8, 277.6]","[5.2, 61.3, 100.0]"
2024-09-25,19.1,10.1,14.0,19.1,10.1,14.0,10.2,79.4,0.0,0.0,,0.0,0.0,57.6,19.4,199.8,1012.1,59.5,31.4,157.2,13.7,6.0,19.4,13.5,06:39:27,18:39:04,"[7.1, 15.3, 22.7]","[3.1, 7.7, 11.8]","[-0.5, 15.3, 22.7]","[0.0, 2.0, 25.1]","[69.1, 80.9, 96.7]","[0.0, 0.0, 0.0]","[12.6, 22.3, 43.2]","[39.6, 61.9, 86.4]","[32.1, 164.0, 295.0]","[10.7, 64.7, 100.0]"
2024-09-26,18.8,12.3,15.9,18.8,12.3,15.9,11.5,75.7,0.047,12.5,['rain'],0.0,0.0,72.3,36.5,178.7,1004.8,93.6,28.9,91.0,7.9,5.0,36.5,24.0,06:40:56,18:36:54,"[10.1, 15.5, 23.2]","[0.6, 6.9, 9.7]","[-3.5, 15.5, 23.2]","[0.0, 4.6, 31.4]","[67.0, 84.2, 95.6]","[0.0, 0.0, 0.0]","[9.0, 20.5, 46.4]","[39.6, 59.0, 115.2]","[26.2, 171.1, 259.2]","[4.4, 60.1, 99.5]"
2024-09-27,17.5,12.3,15.2,17.5,12.3,15.2,12.2,82.9,5.926,50.0,['rain'],0.0,0.0,59.0,25.1,211.2,1006.1,94.1,27.2,65.0,5.7,2.0,25.1,18.5,06:42:25,18:34:45,"[8.3, 15.0, 21.8]","[2.9, 7.4, 11.9]","[-0.7, 15.0, 21.8]","[0.0, 2.2, 17.4]","[63.9, 83.0, 93.5]","[0.0, 0.0, 0.0]","[10.8, 22.0, 45.7]","[43.2, 61.6, 136.8]","[58.9, 190.6, 263.8]","[5.8, 65.1, 100.0]"
2024-09-28,15.0,9.7,11.8,15.0,7.3,11.6,8.4,80.0,1.098,16.67,['rain'],0.0,0.0,54.0,18.0,243.6,1013.7,72.7,33.2,106.4,9.1,5.0,18.0,13.3,06:43:54,18:32:35,"[7.1, 15.3, 21.6]","[1.1, 7.1, 11.9]","[-2.5, 15.3, 21.6]","[0.0, 1.4, 12.0]","[67.3, 81.1, 94.8]","[0.0, 0.0, 0.0]","[13.3, 23.0, 42.5]","[43.2, 61.2, 104.4]","[36.6, 178.5, 236.7]","[11.4, 63.1, 100.0]"
2024-09-29,11.0,4.7,7.9,11.0,2.8,5.9,3.6,75.0,0.342,8.33,['rain'],0.0,0.0,50.4,17.4,359.5,1025.8,57.9,28.7,126.9,10.7,5.0,17.4,13.1,06:45:23,18:30:26,"[8.6, 14.7, 21.0]","[1.3, 7.2, 13.5]","[-2.2, 14.7, 21.0]","[0.0, 2.7, 13.4]","[62.8, 80.8, 94.6]","[0.0, 0.0, 0.0]","[9.7, 23.4, 41.4]","[39.6, 60.5, 104.4]","[39.3, 188.7, 271.6]","[16.7, 63.8, 99.2]"
2024-09-30,12.5,2.1,6.9,12.5,-0.8,5.5,2.8,77.2,0.0,0.0,,0.0,0.0,46.8,11.4,51.1,1024.0,46.1,32.4,140.8,12.2,5.0,11.4,9.2,06:46:53,18:28:17,"[5.0, 14.2, 22.1]","[0.2, 6.3, 12.7]","[-3.4, 14.2, 22.1]","[0.0, 2.5, 18.8]","[64.9, 80.3, 95.0]","[0.0, 0.0, 0.0]","[12.6, 20.5, 42.5]","[32.4, 59.0, 76.3]","[47.5, 194.5, 338.2]","[9.0, 60.6, 99.5]"
2024-10-01,15.0,2.7,8.5,15.0,1.1,7.6,4.0,75.2,0.021,4.17,['rain'],0.0,0.0,68.4,21.7,190.8,1016.5,53.7,35.8,154.5,13.3,5.0,21.7,10.8,06:48:23,18:26:09,"[8.1, 14.9, 21.7]","[0.1, 5.9, 12.6]","[-4.5, 14.9, 21.7]","[0.0, 2.1, 20.5]","[70.0, 81.7, 97.9]","[0.0, 0.0, 0.0]","[11.9, 23.4, 50.4]","[39.6, 64.1, 79.2]","[51.2, 182.5, 321.2]","[3.9, 60.7, 100.0]"
2024-10-02,9.7,7.3,8.6,7.2,4.6,6.1,6.6,87.2,7.65,66.67,['rain'],0.0,0.0,79.2,25.4,169.0,1009.6,92.7,20.2,24.2,2.0,1.0,25.4,16.6,06:49:53,18:24:01,"[7.4, 14.7, 19.2]","[0.7, 6.5, 11.8]","[-3.4, 14.7, 19.2]","[0.0, 3.1, 15.9]","[66.3, 80.9, 93.5]","[0.0, 0.0, 0.2]","[11.5, 24.1, 44.3]","[43.2, 62.6, 90.0]","[53.9, 194.0, 257.0]","[7.1, 63.2, 97.9]"
2024-10-03,10.3,7.8,8.9,10.3,5.9,7.6,7.4,90.6,1.14,54.17,['rain'],0.0,0.0,25.9,12.6,336.3,1011.6,97.2,13.9,56.4,5.1,3.0,12.6,10.0,06:51:23,18:21:53,"[8.0, 14.5, 21.0]","[-2.4, 7.1, 15.9]","[-6.3, 14.5, 21.0]","[0.0, 3.3, 19.5]","[63.1, 80.6, 93.1]","[0.0, 0.0, 0.1]","[14.4, 27.0, 57.6]","[46.8, 68.0, 97.2]","[38.5, 192.8, 279.3]","[6.8, 67.6, 99.9]"
2024-10-04,8.8,7.7,8.1,5.7,4.8,5.2,7.0,92.8,6.155,87.5,['rain'],0.0,0.0,53.1,22.4,27.8,1012.5,99.4,8.8,0.6,0.0,0.0,22.4,18.7,06:52:54,18:19:46,"[9.1, 14.7, 21.0]","[-3.3, 7.1, 12.8]","[-7.1, 14.7, 21.0]","[0.0, 3.7, 29.6]","[63.8, 81.6, 94.9]","[0.0, 0.0, 0.0]","[13.3, 24.8, 37.1]","[39.6, 67.7, 93.6]","[53.8, 207.3, 285.1]","[23.3, 65.3, 93.8]"
2024-10-05,9.6,7.8,8.7,7.6,5.2,6.3,7.9,94.7,3.856,91.67,['rain'],0.0,0.0,54.0,18.2,22.3,1013.9,99.3,12.2,34.8,3.1,1.0,18.2,14.7,06:54:24,18:17:39,"[4.4, 14.1, 21.4]","[0.3, 6.7, 10.7]","[-4.7, 14.1, 21.4]","[0.0, 4.1, 27.3]","[48.0, 79.7, 96.7]","[0.0, 0.2, 4.8]","[14.4, 28.1, 55.1]","[39.6, 67.0, 97.2]","[64.9, 201.8, 333.3]","[2.5, 62.5, 99.9]"
2024-10-06,10.1,5.9,8.2,10.1,5.0,7.0,6.9,91.6,0.076,16.67,['rain'],0.0,0.0,26.3,12.9,20.7,1013.4,89.0,16.2,62.9,5.6,3.0,12.9,8.7,06:55:56,18:15:33,"[5.6, 14.2, 22.1]","[0.0, 6.3, 10.2]","[-2.8, 14.2, 22.1]","[0.0, 2.0, 14.0]","[61.5, 79.5, 89.9]","[0.0, 0.5, 10.3]","[11.5, 27.0, 46.8]","[39.6, 68.0, 100.8]","[21.2, 191.4, 255.5]","[13.9, 65.7, 94.7]"
2024-10-07,14.5,5.2,9.0,14.5,3.4,8.1,6.9,87.7,0.0,0.0,,0.0,0.0,61.2,21.7,215.4,1012.3,57.6,20.8,151.8,13.2,6.0,21.7,13.3,06:57:27,18:13:27,"[5.2, 13.5, 21.5]","[-1.9, 5.9, 13.8]","[-5.6, 13.5, 21.5]","[0.0, 4.0, 27.2]","[69.0, 84.4, 94.0]","[0.0, 0.6, 9.8]","[10.4, 23.4, 37.1]","[39.6, 64.1, 97.2]","[56.9, 182.4, 305.5]","[26.6, 67.7, 96.0]"
2024-10-08,17.1,8.1,13.2,17.1,5.5,12.4,10.0,81.5,0.0,0.0,,0.0,0.0,80.4,40.2,181.4,1008.5,62.4,23.3,74.8,6.3,3.0,40.2,23.3,06:58:59,18:11:22,"[3.6, 12.6, 22.2]","[-1.5, 5.4, 12.6]","[-5.9, 12.6, 22.2]","[0.0, 1.2, 8.1]","[72.9, 83.0, 93.2]","[0.0, 0.7, 9.1]","[8.3, 23.4, 43.6]","[43.2, 65.5, 100.8]","[56.1, 210.2, 264.7]","[40.5, 69.1, 92.0]"
2024-10-09,17.0,13.1,14.9,17.0,13.1,14.9,11.8,82.0,0.632,33.33,['rain'],0.0,0.0,73.3,37.8,191.1,1002.2,88.3,21.6,51.9,4.3,3.0,37.8,22.3,07:00:31,18:09:17,"[5.6, 12.0, 19.1]","[0.3, 4.5, 11.3]","[-4.0, 12.0, 19.1]","[0.0, 2.5, 15.4]","[65.0, 83.1, 95.5]","[0.0, 0.6, 8.3]","[10.4, 20.9, 40.3]","[43.2, 61.9, 97.2]","[60.2, 183.4, 276.3]","[6.1, 59.9, 98.8]"
2024-10-10,16.9,11.1,14.1,16.9,11.1,14.1,11.0,82.3,5.096,41.67,['rain'],0.0,0.0,76.4,28.7,202.3,998.5,79.6,24.2,85.0,7.3,5.0,28.7,21.6,07:02:03,18:07:13,"[5.7, 12.3, 20.5]","[-1.0, 4.5, 10.4]","[-5.3, 12.3, 20.5]","[0.0, 1.6, 11.8]","[66.3, 82.4, 91.8]","[0.0, 0.4, 7.7]","[9.0, 22.0, 33.1]","[39.6, 59.4, 82.8]","[57.5, 170.8, 255.2]","[0.6, 63.9, 100.0]"
2024-10-11,11.0,7.6,9.8,11.0,5.2,8.9,7.6,86.1,4.484,79.17,['rain'],0.0,0.0,54.0,15.1,350.7,1012.0,95.9,19.9,81.3,6.9,4.0,15.1,11.4,07:03:35,18:05:09,"[4.3, 12.4, 21.5]","[-1.1, 5.0, 9.9]","[-6.8, 12.4, 21.5]","[0.0, 1.5, 8.8]","[59.4, 81.5, 95.0]","[0.0, 0.4, 7.4]","[12.6, 24.1, 37.1]","[39.6, 57.6, 79.2]","[24.7, 157.8, 272.1]","[11.4, 65.9, 100.0]"
2024-10-12,11.9,5.6,8.0,11.9,3.7,6.3,4.9,81.2,0.034,8.33,['rain'],0.0,0.0,57.6,15.5,56.5,1020.5,73.2,24.8,146.0,12.6,6.0,15.5,11.5,07:05:08,18:03:07,"[1.5, 11.4, 20.1]","[-6.6, 3.8, 11.3]","[-17.2, 11.4, 20.1]","[0.0, 3.7, 25.6]","[73.9, 83.9, 96.1]","[0.0, 0.5, 7.1]","[11.5, 25.6, 50.4]","[43.2, 61.9, 82.8]","[28.5, 174.5, 272.9]","[0.8, 61.7, 100.0]"
2024-10-13,10.6,6.0,8.6,10.6,2.2,6.2,5.7,82.1,3.119,33.33,['rain'],0.0,0.0,71.0,29.8,210.1,1014.0,78.9,25.1,37.1,3.2,2.0,29.8,22.0,07:06:41,18:01:05,"[3.4, 11.0, 19.8]","[-2.7, 4.1, 10.9]","[-8.3, 11.0, 19.8]","[0.0, 3.2, 37.1]","[66.9, 84.2, 96.7]","[0.0, 1.0, 7.2]","[10.4, 21.2, 36.7]","[28.8, 59.0, 90.0]","[57.5, 204.9, 346.6]","[1.8, 65.8, 100.0]"
2024-10-14,10.5,3.9,6.8,10.5,0.1,4.2,2.8,76.5,0.0,0.0,,0.0,0.0,60.7,20.8,230.2,1019.9,68.1,34.1,123.3,10.7,6.0,20.8,15.1,07:08:15,17:59:04,"[1.2, 10.5, 20.0]","[-1.0, 4.2, 11.1]","[-6.8, 10.5, 20.0]","[0.0, 2.9, 29.5]","[65.0, 85.4, 96.9]","[0.0, 1.6, 18.4]","[10.8, 22.3, 34.9]","[43.2, 60.8, 93.6]","[40.4, 186.6, 322.8]","[0.0, 71.2, 100.0]"
2024-10-15,9.0,3.5,6.3,7.7,1.6,4.4,4.1,85.8,3.537,37.5,['rain'],0.0,0.0,43.2,14.0,21.5,1023.6,68.8,22.9,89.6,7.8,5.0,14.0,9.7,07:09:49,17:57:03,"[0.5, 11.7, 21.2]","[-1.3, 5.4, 10.4]","[-6.3, 11.7, 21.2]","[0.0, 2.3, 30.2]","[55.6, 83.2, 98.1]","[0.0, 2.0, 29.6]","[12.6, 25.2, 39.2]","[39.6, 65.2, 104.4]","[58.9, 208.4, 340.9]","[2.6, 75.4, 100.0]"
2024-10-16,12.7,1.2,5.8,12.7,-1.6,3.7,3.0,84.0,0.0,0.0,,0.0,0.0,57.6,15.2,112.1,1028.4,41.1,23.7,143.1,12.3,5.0,15.2,11.5,07:11:23,17:55:04,"[3.2, 11.2, 19.3]","[-2.7, 5.0, 10.7]","[-8.0, 11.2, 19.3]","[0.0, 3.8, 18.7]","[56.8, 85.4, 97.1]","[0.0, 2.1, 31.2]","[14.4, 27.7, 75.6]","[39.6, 60.8, 82.8]","[34.6, 170.1, 298.1]","[0.0, 71.8, 100.0]"
2024-10-17,14.4,3.9,8.5,14.4,0.1,6.5,1.8,64.8,0.0,0.0,,0.0,0.0,75.6,25.1,160.6,1025.5,51.0,36.4,123.7,10.8,5.0,25.1,20.0,07:12:57,17:53:05,"[4.1, 10.9, 19.7]","[-2.2, 3.9, 9.8]","[-6.3, 10.9, 19.7]","[0.0, 1.5, 11.5]","[63.4, 82.0, 96.2]","[0.0, 2.2, 31.5]","[16.6, 23.0, 34.2]","[39.6, 60.5, 90.0]","[44.2, 189.0, 249.6]","[4.2, 61.1, 100.0]"
2024-10-18,16.0,6.8,10.6,16.0,3.3,8.9,2.3,58.1,0.0,0.0,,0.0,0.0,75.6,23.1,160.3,1022.4,32.9,41.9,128.5,11.0,5.0,23.1,18.9,07:14:32,17:51:07,"[3.4, 10.7, 19.3]","[-3.5, 3.9, 9.6]","[-6.4, 10.7, 19.3]","[0.0, 2.4, 13.8]","[59.3, 82.3, 94.5]","[0.0, 2.1, 31.1]","[8.3, 25.9, 43.2]","[39.6, 65.2, 93.6]","[20.5, 207.5, 265.8]","[2.2, 65.4, 100.0]"
2024-10-19,15.6,5.9,9.5,15.6,3.0,7.9,1.0,56.6,0.0,0.0,,0.0,0.0,64.8,19.1,166.0,1023.8,63.4,38.6,121.5,10.4,5.0,19.1,14.1,07:16:07,17:49:11,"[4.0, 10.8, 18.2]","[-1.8, 3.6, 9.2]","[-7.7, 10.8, 18.2]","[0.0, 0.3, 6.0]","[51.0, 81.4, 94.6]","[0.0, 2.2, 30.3]","[16.6, 25.9, 42.5]","[39.6, 65.9, 108.0]","[51.1, 197.8, 300.3]","[13.7, 62.8, 99.6]"
2024-10-20,14.7,3.9,8.2,14.7,0.7,6.2,1.6,64.1,0.0,0.0,,0.0,0.0,61.2,23.3,204.1,1028.4,75.2,38.5,121.5,10.6,5.0,23.3,15.8,07:17:42,17:47:15,"[2.8, 10.7, 19.1]","[-1.6, 3.5, 10.3]","[-6.3, 10.7, 19.1]","[0.0, 1.9, 24.3]","[64.2, 81.7, 95.2]","[0.0, 2.3, 29.8]","[15.1, 26.3, 44.6]","[43.2, 67.0, 100.8]","[117.5, 197.0, 245.4]","[12.4, 67.0, 100.0]"
2024-10-21,14.7,4.9,9.1,14.7,1.1,7.1,3.5,68.9,0.0,0.0,,0.0,0.0,60.7,24.2,208.4,1030.4,44.3,34.0,123.2,10.7,5.0,24.2,17.6,07:19:17,17:45:20,"[3.2, 10.9, 21.1]","[-2.7, 4.1, 9.3]","[-7.2, 10.9, 21.1]","[0.0, 1.1, 5.2]","[67.6, 84.5, 95.9]","[0.0, 2.1, 27.9]","[15.5, 27.7, 40.7]","[32.4, 65.5, 104.4]","[67.1, 206.0, 274.4]","[5.9, 69.9, 99.6]"
2024-10-22,12.6,5.2,8.7,12.6,1.5,6.7,4.9,77.6,0.0,0.0,,0.0,0.0,57.6,22.7,228.6,1029.3,52.7,22.5,66.8,5.7,2.0,22.7,17.4,07:20:53,17:43:26,"[2.2, 11.4, 19.5]","[-3.2, 4.8, 9.9]","[-7.8, 11.4, 19.5]","[0.0, 3.0, 38.8]","[59.5, 85.0, 93.9]","[0.0, 1.8, 21.7]","[10.8, 24.5, 40.7]","[43.2, 61.9, 90.0]","[29.9, 191.7, 250.6]","[12.7, 63.3, 100.0]"
2024-10-23,11.2,6.6,9.2,11.2,4.9,7.9,6.8,85.4,0.431,33.33,['rain'],0.0,0.0,43.2,15.7,32.2,1034.4,89.8,16.9,53.1,4.5,2.0,15.7,11.3,07:22:29,17:41:34,"[0.4, 10.4, 18.0]","[-3.0, 4.6, 9.6]","[-8.7, 10.4, 18.0]","[0.0, 1.4, 7.6]","[74.3, 87.1, 95.8]","[0.0, 1.1, 13.6]","[17.6, 27.7, 43.2]","[43.2, 68.4, 97.2]","[19.5, 179.6, 258.3]","[37.2, 77.6, 100.0]"
2024-10-24,14.0,5.1,8.4,14.0,3.2,7.4,4.9,78.8,0.0,0.0,,0.0,0.0,50.4,10.8,58.7,1033.3,35.1,21.0,111.2,9.6,4.0,10.8,7.9,07:24:06,17:39:43,"[-1.0, 10.4, 22.9]","[-6.7, 4.6, 10.2]","[-11.7, 10.4, 22.9]","[0.0, 1.0, 8.7]","[65.4, 84.6, 98.0]","[0.0, 0.4, 3.6]","[14.4, 25.9, 41.4]","[43.2, 65.9, 93.6]","[24.9, 174.8, 305.2]","[23.0, 73.5, 100.0]"
2024-10-25,15.0,5.3,10.1,15.0,2.4,8.9,5.4,73.7,0.0,0.0,,0.0,0.0,68.4,23.3,182.1,1026.6,61.2,26.9,65.4,5.8,3.0,23.3,17.2,07:25:42,17:37:52,"[1.1, 10.7, 17.2]","[-8.1, 4.2, 9.9]","[-14.5, 10.7, 17.2]","[0.0, 1.0, 13.5]","[61.1, 84.6, 97.4]","[0.0, 0.4, 3.5]","[12.6, 28.8, 42.8]","[46.8, 65.9, 129.6]","[63.3, 202.1, 253.1]","[15.0, 70.8, 100.0]"
2024-10-26,13.2,8.7,11.0,13.2,7.0,10.4,8.4,84.2,0.0,0.0,,0.0,0.0,57.6,14.2,203.3,1023.4,97.0,15.0,33.7,3.1,2.0,14.2,11.0,07:27:19,17:36:04,"[2.7, 11.4, 18.0]","[-1.7, 4.4, 9.1]","[-8.0, 11.4, 18.0]","[0.0, 0.6, 4.1]","[73.5, 83.5, 92.5]","[0.0, 0.6, 5.9]","[14.0, 28.1, 57.6]","[43.2, 70.6, 118.8]","[18.6, 198.1, 248.6]","[18.7, 65.2, 94.8]"
2024-10-27,16.5,10.3,12.4,16.5,10.3,12.4,9.9,85.3,0.0,0.0,,0.0,0.0,75.6,21.9,253.0,1021.1,74.4,12.0,105.0,9.4,4.0,21.9,14.4,06:28:56,16:34:16,"[2.9, 11.2, 19.0]","[-4.6, 4.4, 9.9]","[-9.0, 11.2, 19.0]","[0.0, 2.8, 30.6]","[72.0, 84.3, 95.8]","[0.0, 0.7, 5.2]","[15.1, 27.0, 45.0]","[39.6, 65.9, 90.0]","[137.9, 214.5, 269.0]","[12.6, 65.5, 100.0]"
2024-10-28,14.6,9.3,11.1,14.6,7.7,10.8,9.0,87.0,0.057,12.5,['rain'],0.0,0.0,43.2,13.7,301.9,1026.6,77.7,18.2,57.8,5.0,3.0,13.7,9.8,06:30:34,16:32:30,"[-1.1, 10.2, 18.8]","[-5.8, 3.4, 9.3]","[-10.4, 10.2, 18.8]","[0.0, 1.5, 15.7]","[61.6, 81.0, 98.8]","[0.0, 0.7, 4.4]","[13.0, 28.8, 61.2]","[46.8, 64.8, 86.4]","[29.4, 184.8, 261.5]","[2.3, 65.9, 99.9]"
2024-10-29,13.2,8.0,10.1,13.2,5.8,9.1,8.5,90.0,0.0,0.0,,0.0,0.0,39.6,15.8,245.5,1026.5,74.9,11.3,60.8,5.3,2.0,15.8,11.6,06:32:11,16:30:45,"[-1.7, 10.4, 17.6]","[-3.1, 3.5, 11.5]","[-10.4, 10.4, 17.6]","[0.0, 1.9, 11.9]","[48.2, 80.8, 94.5]","[0.0, 0.8, 6.9]","[13.0, 30.2, 57.6]","[46.8, 69.8, 108.0]","[73.5, 199.0, 289.3]","[3.4, 71.0, 98.3]"
2024-10-30,13.3,7.8,10.4,13.3,6.6,9.9,9.3,93.1,0.354,16.67,['rain'],0.0,0.0,43.2,14.7,260.5,1026.0,88.3,6.8,41.5,3.7,2.0,14.7,9.4,06:33:49,16:29:01,"[1.0, 9.3, 18.1]","[-3.7, 3.1, 11.9]","[-10.0, 9.3, 18.1]","[0.0, 0.8, 6.7]","[48.1, 79.0, 93.6]","[0.0, 0.7, 5.3]","[18.7, 30.2, 59.0]","[47.9, 74.9, 140.4]","[31.8, 202.1, 310.1]","[0.0, 62.5, 100.0]"
2024-10-31,12.0,7.8,10.0,12.0,5.5,9.3,8.1,88.2,0.038,8.33,['rain'],0.0,0.0,41.0,16.7,299.4,1026.8,94.4,14.4,38.9,3.4,2.0,16.7,8.9,06:35:26,16:27:19,"[3.9, 10.1, 15.4]","[-2.4, 2.5, 10.7]","[-7.6, 10.1, 15.4]","[0.0, 2.3, 30.1]","[56.5, 76.6, 88.4]","[0.0, 0.5, 3.7]","[11.9, 27.0, 56.5]","[43.2, 77.0, 129.6]","[112.6, 192.1, 273.3]","[0.0, 51.0, 82.6]"
2024-11-01,11.9,6.2,8.3,11.9,2.8,6.0,5.2,80.7,0.0,0.0,,0.0,0.0,50.4,25.7,240.8,1023.5,56.8,21.7,100.8,8.7,4.0,25.7,20.1,06:37:04,16:25:39,"[2.2, 10.7, 16.7]","[-3.8, 3.8, 9.9]","[-8.7, 10.7, 16.7]","[0.0, 0.2, 2.5]","[51.6, 76.1, 95.4]","[0.0, 0.2, 2.0]","[14.0, 32.4, 61.2]","[39.6, 74.9, 126.0]","[70.2, 201.0, 250.3]","[4.6, 64.1, 99.6]"
2024-11-02,8.3,1.0,6.2,6.0,-2.4,3.5,3.9,85.8,0.897,20.83,['rain'],0.0,0.0,54.0,17.8,332.7,1027.6,76.7,16.4,69.3,6.0,4.0,17.8,13.5,06:38:42,16:24:00,"[-0.5, 9.9, 17.5]","[-6.6, 3.9, 9.1]","[-12.6, 9.9, 17.5]","[0.0, 2.5, 19.0]","[36.9, 83.6, 97.9]","[0.0, 0.3, 4.4]","[15.1, 26.6, 43.2]","[54.0, 71.3, 108.0]","[126.1, 215.7, 303.4]","[1.2, 71.7, 100.0]"
2024-11-03,7.3,-1.3,2.2,4.8,-3.8,-0.5,-3.1,68.4,0.0,0.0,,0.0,0.0,47.7,18.4,237.9,1032.8,64.4,32.3,86.7,7.5,4.0,18.4,10.8,06:40:20,16:22:23,"[-1.3, 9.7, 15.0]","[-7.8, 3.4, 11.5]","[-13.9, 9.7, 15.0]","[0.0, 1.1, 6.0]","[32.9, 83.0, 96.2]","[0.0, 0.7, 11.0]","[13.0, 28.4, 43.2]","[54.0, 76.3, 100.8]","[62.9, 200.7, 283.1]","[0.5, 68.7, 96.3]"
2024-11-04,6.6,-1.2,3.2,5.2,-4.9,0.2,1.1,86.3,0.111,25.0,['rain'],0.0,0.0,54.0,13.4,12.1,1031.0,73.5,15.3,61.8,5.5,4.0,13.4,11.2,06:41:58,16:20:47,"[0.4, 10.3, 15.8]","[-6.2, 3.6, 9.7]","[-12.1, 10.3, 15.8]","[0.0, 2.1, 14.5]","[48.2, 81.0, 94.5]","[0.0, 0.7, 12.1]","[20.9, 35.3, 56.9]","[64.8, 85.0, 118.8]","[63.6, 195.0, 309.7]","[37.3, 72.9, 99.6]"
2024-11-05,8.9,1.0,3.8,6.8,-1.6,1.1,1.3,84.9,0.0,0.0,,0.0,0.0,46.8,17.7,220.6,1031.0,50.1,22.4,97.5,8.4,4.0,17.7,11.1,06:43:36,16:19:13,"[0.2, 9.4, 19.5]","[-3.5, 3.5, 11.2]","[-9.4, 9.4, 19.5]","[0.0, 2.8, 24.2]","[43.3, 80.3, 94.3]","[0.0, 0.8, 12.0]","[15.1, 29.5, 56.2]","[57.6, 79.6, 104.4]","[27.6, 187.9, 260.2]","[23.4, 72.2, 99.6]"
2024-11-06,9.0,0.4,4.0,7.5,-2.4,1.5,0.2,77.2,0.0,0.0,,0.0,0.0,43.2,15.4,222.1,1032.1,84.1,25.8,81.5,7.0,4.0,15.4,9.8,06:45:14,16:17:41,"[0.8, 8.8, 16.8]","[-4.5, 2.4, 8.3]","[-11.4, 8.8, 16.8]","[0.0, 2.1, 22.0]","[55.4, 83.0, 96.7]","[0.0, 0.8, 10.5]","[11.5, 27.0, 50.4]","[39.6, 68.0, 97.2]","[53.5, 188.8, 260.7]","[3.2, 65.6, 100.0]"
2024-11-07,10.8,2.3,5.2,10.8,-0.2,3.5,1.2,76.7,0.0,0.0,,0.0,0.0,39.6,10.6,290.2,1034.3,70.0,16.9,89.9,7.9,4.0,10.6,8.1,06:46:52,16:16:11,"[2.1, 8.6, 15.3]","[-5.8, 3.1, 8.1]","[-16.1, 8.6, 15.3]","[0.0, 0.8, 6.0]","[64.8, 85.3, 96.8]","[0.0, 1.0, 8.6]","[18.7, 27.0, 50.4]","[46.8, 67.3, 93.6]","[57.2, 187.5, 242.8]","[12.9, 75.5, 100.0]"
2024-11-08,6.1,2.0,3.7,3.7,-1.8,0.8,0.3,78.3,0.0,0.0,,0.0,0.0,39.6,15.0,82.5,1034.1,71.4,15.5,86.5,7.5,4.0,15.0,11.6,06:48:30,16:14:42,"[1.4, 9.1, 15.0]","[-3.5, 2.9, 7.6]","[-7.7, 9.1, 15.0]","[0.0, 2.2, 25.1]","[69.7, 85.1, 95.1]","[0.0, 1.0, 9.8]","[13.0, 24.5, 34.9]","[43.2, 71.3, 100.8]","[35.5, 189.7, 266.3]","[10.0, 68.9, 100.0]"
2024-11-09,7.0,1.8,3.6,5.3,-0.7,1.5,-1.6,68.9,0.0,0.0,,0.0,0.0,15.5,10.2,69.7,1031.6,59.9,21.3,94.2,8.2,4.0,10.2,8.3,06:50:07,16:13:15,"[0.4, 8.1, 12.1]","[-4.1, 2.5, 7.5]","[-8.7, 8.1, 12.1]","[0.0, 1.5, 7.9]","[70.6, 87.6, 96.4]","[0.0, 1.1, 11.6]","[15.1, 27.0, 52.9]","[54.0, 68.8, 93.6]","[70.3, 184.5, 251.5]","[10.9, 69.3, 99.9]"
2024-11-10,4.7,0.9,2.5,3.2,-1.9,0.6,-2.1,72.0,0.0,0.0,,0.0,0.0,13.3,9.3,11.8,1030.0,78.4,21.6,89.3,7.8,4.0,9.3,6.6,06:51:45,16:11:51,"[0.5, 7.0, 13.9]","[-3.7, 1.5, 10.2]","[-8.5, 7.0, 13.9]","[0.0, 1.8, 13.1]","[72.2, 85.0, 96.2]","[0.0, 1.4, 13.1]","[16.2, 28.8, 44.3]","[39.6, 69.8, 122.4]","[43.6, 190.5, 293.5]","[34.5, 73.3, 99.7]"
2024-11-11,2.1,-0.2,0.9,-0.8,-4.1,-2.5,-1.0,87.2,0.0,0.0,,0.0,0.0,22.0,14.3,265.5,1030.5,94.5,14.4,19.3,1.7,1.0,14.3,11.3,06:53:22,16:10:28,"[0.3, 6.8, 15.2]","[-3.7, 2.0, 10.5]","[-9.5, 6.8, 15.2]","[0.0, 2.0, 29.0]","[57.3, 83.7, 95.1]","[0.0, 2.0, 14.0]","[16.2, 30.2, 51.5]","[46.8, 79.6, 133.2]","[58.3, 198.4, 330.8]","[12.9, 65.9, 100.0]"
2024-11-12,1.4,-0.1,0.6,-1.5,-4.6,-3.1,-1.3,87.1,0.0,0.0,,0.0,0.0,41.9,18.0,44.9,1030.8,92.7,15.4,34.7,2.9,2.0,18.0,12.8,06:54:58,16:09:08,"[-0.6, 7.1, 14.5]","[-4.1, 1.6, 7.7]","[-9.8, 7.1, 14.5]","[0.0, 1.9, 11.8]","[65.9, 84.8, 94.8]","[0.0, 2.3, 14.7]","[12.6, 25.9, 49.7]","[54.0, 74.9, 115.2]","[15.2, 185.5, 250.8]","[0.0, 68.8, 100.0]"
2024-11-13,0.8,-0.8,-0.1,0.0,-3.7,-2.4,-1.8,88.5,0.07,12.5,"['rain', 'snow']",0.0,0.0,15.8,9.5,334.5,1029.7,99.2,14.3,22.2,1.9,1.0,9.5,7.0,06:56:35,16:07:49,"[-1.6, 6.8, 14.5]","[-6.5, 1.4, 8.1]","[-11.9, 6.8, 14.5]","[0.0, 2.0, 14.0]","[74.7, 86.6, 98.5]","[0.0, 2.5, 15.8]","[11.9, 26.6, 54.0]","[39.6, 65.9, 90.0]","[27.1, 187.5, 288.0]","[6.1, 73.2, 100.0]"
2024-11-14,2.9,-0.4,1.4,-1.2,-4.1,-2.4,-0.6,86.7,0.426,37.5,"['rain', 'snow']",0.0,0.1,49.0,21.9,237.9,1025.8,95.4,11.6,38.0,3.3,3.0,21.9,14.4,06:58:11,16:06:33,"[-0.7, 6.7, 14.4]","[-5.1, 1.1, 6.4]","[-8.6, 6.7, 14.4]","[0.0, 0.5, 3.8]","[67.7, 85.2, 92.9]","[0.0, 2.4, 18.1]","[15.1, 24.5, 35.6]","[43.2, 61.2, 86.4]","[39.3, 179.0, 252.6]","[14.0, 66.8, 100.0]"
2024-11-15,5.5,1.5,3.4,3.1,-1.2,0.8,2.0,90.8,2.057,41.67,['rain'],0.0,0.5,46.8,13.6,280.3,1024.8,90.1,11.8,44.9,3.8,3.0,13.6,9.9,06:59:46,16:05:18,"[-1.8, 7.0, 17.1]","[-5.0, 1.6, 10.3]","[-11.9, 7.0, 17.1]","[0.0, 1.1, 14.4]","[63.2, 86.2, 92.3]","[0.0, 2.3, 24.4]","[11.5, 29.2, 52.2]","[39.6, 72.4, 97.2]","[13.1, 178.9, 249.6]","[5.4, 71.2, 100.0]"
2024-11-16,7.7,1.4,3.9,3.7,-2.8,-0.2,0.7,79.7,0.0,0.0,,0.0,0.4,73.3,29.7,207.7,1022.1,54.8,23.5,77.7,6.6,4.0,29.7,20.3,07:01:21,16:04:07,"[-3.5, 6.9, 17.3]","[-5.1, 2.4, 14.1]","[-12.2, 6.9, 17.3]","[0.0, 1.0, 7.0]","[55.0, 87.2, 94.6]","[0.0, 2.5, 31.2]","[12.6, 28.8, 62.6]","[39.6, 68.8, 97.2]","[54.5, 189.1, 275.6]","[3.8, 81.0, 99.6]"
2024-11-17,4.4,-0.7,1.4,0.5,-6.3,-3.9,-0.6,86.8,0.068,25.0,"['rain', 'snow']",0.0,0.3,74.6,29.9,212.0,1013.0,77.8,10.4,25.4,2.2,1.0,29.9,23.0,07:02:55,16:02:57,"[-2.0, 6.8, 16.0]","[-7.8, 1.7, 7.2]","[-12.7, 6.8, 16.0]","[0.0, 1.1, 6.2]","[67.5, 86.5, 95.1]","[0.0, 2.4, 30.7]","[15.5, 26.6, 55.8]","[39.6, 65.5, 90.0]","[54.4, 195.6, 273.6]","[5.8, 76.8, 100.0]"
2024-11-18,7.4,2.8,4.4,2.8,-2.3,0.4,1.9,84.0,3.5,50.0,['rain'],0.0,0.0,61.2,39.7,231.0,1009.4,73.7,9.8,29.1,2.7,2.0,39.7,20.8,07:04:29,16:01:50,"[-1.9, 5.9, 12.9]","[-8.7, 1.4, 6.7]","[-14.1, 5.9, 12.9]","[0.0, 1.3, 7.7]","[75.8, 86.7, 97.3]","[0.0, 2.2, 29.2]","[20.2, 30.2, 45.7]","[46.8, 72.4, 100.8]","[45.6, 186.9, 255.0]","[37.9, 81.3, 99.9]"
2024-11-19,8.6,2.1,6.0,6.1,-1.4,2.8,2.8,80.6,0.4,16.67,['rain'],0.0,0.0,65.9,28.3,213.2,1004.5,75.7,9.9,26.3,2.3,1.0,28.3,19.0,07:06:02,16:00:45,"[-2.9, 6.3, 12.5]","[-6.0, 1.7, 6.1]","[-10.5, 6.3, 12.5]","[0.0, 2.2, 13.6]","[63.6, 84.7, 94.9]","[0.0, 2.5, 27.0]","[16.9, 31.0, 50.8]","[43.2, 71.3, 108.0]","[58.1, 204.2, 296.5]","[58.3, 84.2, 99.2]"
2024-11-20,10.2,0.3,3.8,10.2,-4.3,0.2,0.8,80.9,7.2,45.83,"['rain', 'snow']",0.3,0.2,65.9,28.6,230.3,994.4,74.7,9.4,32.0,2.7,2.0,28.6,17.5,07:07:34,15:59:42,"[-1.8, 5.9, 12.2]","[-5.3, 0.8, 6.2]","[-11.9, 5.9, 12.2]","[0.0, 2.0, 10.3]","[67.3, 87.5, 98.0]","[0.0, 3.0, 23.5]","[10.4, 26.3, 41.8]","[43.2, 65.9, 104.4]","[76.2, 211.4, 260.7]","[15.6, 81.7, 100.0]"
2024-11-21,2.8,-1.3,1.3,-2.1,-7.4,-3.8,-3.3,72.8,0.185,4.17,"['rain', 'snow']",0.4,0.2,55.1,29.4,218.7,999.3,55.2,9.8,40.2,3.5,3.0,29.4,21.4,07:09:06,15:58:42,"[-1.7, 5.3, 14.6]","[-4.9, 1.0, 9.6]","[-12.0, 5.3, 14.6]","[0.0, 2.0, 9.2]","[73.8, 88.7, 96.2]","[0.0, 4.0, 21.8]","[13.0, 26.6, 45.7]","[43.2, 65.2, 115.2]","[46.0, 188.2, 258.5]","[22.6, 78.5, 100.0]"
2024-11-22,-0.4,-2.5,-1.5,-3.6,-7.1,-5.7,-3.2,88.3,4.948,58.33,"['rain', 'snow']",2.8,3.7,61.1,18.9,268.2,1001.0,91.3,13.3,31.4,2.9,2.0,18.9,12.6,07:10:36,15:57:45,"[-2.2, 5.3, 14.4]","[-6.1, 1.1, 7.4]","[-12.0, 5.3, 14.4]","[0.0, 1.2, 7.4]","[52.7, 86.4, 97.8]","[0.0, 3.9, 22.1]","[14.0, 27.0, 43.2]","[39.6, 70.2, 115.2]","[66.8, 186.5, 257.9]","[14.0, 78.9, 100.0]"
2024-11-23,0.5,-2.2,-1.2,-4.8,-7.5,-6.3,-4.6,78.4,1.043,33.33,"['rain', 'snow']",0.9,3.5,61.2,23.4,231.7,1021.2,61.2,27.7,41.1,3.7,2.0,23.4,17.2,07:12:05,15:56:50,"[-3.5, 5.1, 10.9]","[-6.9, 0.7, 4.7]","[-13.7, 5.1, 10.9]","[0.0, 1.2, 11.3]","[73.2, 86.7, 97.6]","[0.0, 3.8, 21.0]","[16.9, 27.7, 38.5]","[39.6, 63.0, 100.8]","[42.7, 197.5, 270.2]","[22.5, 75.4, 99.1]"
2024-11-24,3.1,-1.7,1.5,-1.3,-8.4,-3.8,-2.7,73.9,0.424,37.5,"['rain', 'snow']",0.0,2.6,75.5,28.3,210.3,1024.9,91.3,31.1,32.8,2.8,1.0,28.3,23.2,07:13:34,15:55:58,"[-3.7, 4.7, 11.4]","[-6.8, 0.5, 6.3]","[-13.1, 4.7, 11.4]","[0.0, 1.0, 9.4]","[77.7, 87.0, 95.2]","[0.0, 3.9, 19.8]","[15.1, 27.4, 34.9]","[43.2, 70.6, 108.0]","[145.1, 213.5, 324.8]","[25.6, 74.9, 100.0]"
2024-11-25,9.2,2.5,5.0,5.6,-1.7,0.7,0.3,72.4,0.0,0.0,,0.0,0.6,83.1,35.2,211.4,1021.7,54.8,31.8,61.4,5.4,3.0,35.2,24.5,07:15:01,15:55:08,"[-1.8, 4.8, 14.2]","[-6.0, 0.0, 6.4]","[-13.2, 4.8, 14.2]","[0.0, 0.9, 9.5]","[69.7, 86.6, 99.3]","[0.0, 4.3, 20.1]","[18.0, 31.0, 42.1]","[39.6, 74.2, 115.2]","[53.2, 212.0, 346.0]","[27.3, 78.8, 100.0]"
2024-11-26,4.8,1.3,3.5,2.2,-3.7,-0.3,2.2,91.3,0.598,33.33,['rain'],0.0,0.5,86.4,26.3,236.2,1020.2,72.6,9.8,23.1,2.1,1.0,26.3,16.3,07:16:27,15:54:22,"[-1.5, 4.5, 13.5]","[-5.2, 0.1, 6.6]","[-11.7, 4.5, 13.5]","[0.0, 2.1, 24.3]","[60.1, 86.3, 97.5]","[0.0, 5.0, 22.5]","[14.8, 29.2, 39.6]","[46.8, 65.9, 108.0]","[36.5, 200.0, 253.4]","[38.5, 82.2, 100.0]"
2024-11-27,4.7,1.7,2.9,2.0,-3.0,-0.4,2.3,96.3,0.0,0.0,,0.0,0.5,63.0,19.0,237.5,1025.2,84.3,4.2,39.3,3.5,2.0,19.0,12.9,07:17:51,15:53:37,"[-2.9, 3.8, 15.1]","[-6.6, -0.1, 9.5]","[-11.8, 3.8, 15.1]","[0.0, 1.1, 8.5]","[74.1, 87.8, 97.9]","[0.0, 5.3, 18.9]","[8.3, 25.9, 38.5]","[43.2, 68.0, 111.6]","[28.1, 188.6, 279.5]","[47.5, 84.4, 99.6]"
2024-11-28,5.7,3.6,4.6,1.4,-1.4,0.0,2.5,85.8,5.997,70.83,['rain'],0.0,0.5,74.6,32.3,223.2,1018.2,91.3,15.0,11.6,1.0,0.0,32.3,25.5,07:19:14,15:52:56,"[-1.7, 3.4, 12.1]","[-6.7, -1.1, 7.2]","[-14.2, 3.4, 12.1]","[0.0, 1.0, 8.0]","[69.4, 86.5, 98.4]","[0.0, 5.5, 19.7]","[14.4, 25.9, 41.0]","[43.2, 69.8, 100.8]","[40.6, 198.4, 305.7]","[25.8, 72.6, 99.5]"
2024-11-29,3.7,2.5,3.0,-0.5,-1.9,-1.2,1.5,89.5,13.922,100.0,['rain'],0.1,2.3,54.5,23.4,332.7,1026.3,97.9,15.9,14.9,1.4,1.0,23.4,19.2,07:20:36,15:52:18,"[-1.7, 2.8, 9.6]","[-9.1, -1.5, 4.6]","[-13.5, 2.8, 9.6]","[0.0, 1.4, 9.3]","[62.6, 86.0, 99.7]","[0.0, 6.1, 19.2]","[15.1, 28.4, 47.5]","[46.8, 75.6, 115.2]","[73.7, 202.6, 283.8]","[6.6, 77.7, 100.0]"
2024-11-30,4.2,-0.7,2.2,1.0,-2.9,-1.1,0.7,90.3,0.318,29.17,['rain'],0.0,3.2,49.4,16.3,24.7,1034.1,75.7,12.5,53.6,4.4,3.0,16.3,12.1,07:21:57,15:51:42,"[-7.1, 2.4, 12.3]","[-9.2, -1.3, 7.7]","[-16.0, 2.4, 12.3]","[0.0, 2.1, 22.0]","[63.7, 85.4, 98.5]","[0.0, 6.9, 22.7]","[16.2, 30.2, 59.0]","[46.8, 73.1, 136.8]","[70.8, 192.5, 289.1]","[51.1, 83.6, 100.0]"
2024-12-01,6.4,-3.0,0.6,6.4,-5.6,-0.3,-0.8,90.9,0.0,0.0,,0.0,0.0,48.6,14.9,185.9,1028.5,46.8,8.0,57.5,4.9,3.0,14.9,4.9,07:23:15,15:51:10,"[-7.3, 3.3, 11.9]","[-9.1, -2.0, 5.3]","[-18.8, 3.3, 11.9]","[0.0, 1.5, 13.9]","[67.9, 84.8, 93.1]","[0.0, 7.1, 22.8]","[15.1, 30.2, 48.6]","[46.8, 69.5, 118.8]","[60.1, 187.0, 278.8]","[20.0, 76.8, 100.0]"
2024-12-02,3.8,-0.8,0.6,-0.6,-6.4,-4.4,-0.7,91.1,0.0,0.0,,0.0,2.6,68.8,23.9,227.2,1023.7,56.3,13.9,49.7,4.3,3.0,23.9,19.7,07:24:32,15:50:40,"[-4.2, 2.8, 10.6]","[-9.6, -2.1, 2.8]","[-15.3, 2.8, 10.6]","[0.0, 1.0, 5.5]","[72.3, 85.1, 98.0]","[0.0, 7.1, 24.3]","[14.0, 28.8, 49.0]","[50.4, 67.7, 115.2]","[51.9, 192.9, 301.2]","[22.7, 78.1, 98.8]"
2024-12-03,2.8,-1.1,1.1,-1.0,-6.3,-3.6,-0.5,89.3,0.1,4.17,['rain'],0.0,1.3,50.9,22.2,219.5,1019.5,89.4,10.2,22.2,1.9,1.0,22.2,18.1,07:25:47,15:50:13,"[-5.5, 2.2, 9.6]","[-11.1, -2.5, 2.7]","[-18.4, 2.2, 9.6]","[0.0, 1.2, 7.9]","[74.4, 88.5, 98.4]","[0.0, 7.3, 28.0]","[15.5, 25.6, 49.7]","[39.6, 65.9, 133.2]","[54.4, 189.7, 272.9]","[32.3, 79.6, 100.0]"
2024-12-04,2.8,0.0,1.3,0.9,-3.1,-1.4,0.3,92.8,0.0,0.0,,0.0,2.4,43.2,13.7,269.1,1023.7,97.0,6.6,15.6,1.4,1.0,13.7,9.0,07:27:01,15:49:49,"[-7.0, 2.6, 8.4]","[-14.0, -2.2, 2.3]","[-20.9, 2.6, 8.4]","[0.0, 1.0, 8.9]","[59.3, 85.0, 97.6]","[0.0, 7.2, 28.7]","[14.4, 27.4, 39.2]","[43.2, 72.0, 104.4]","[52.3, 203.5, 279.6]","[26.1, 69.4, 98.5]"
2024-12-05,1.3,-3.3,-1.3,-1.6,-8.3,-4.5,-2.8,89.8,0.0,0.0,,0.0,2.4,61.2,17.0,206.8,1027.0,65.5,18.7,26.8,2.5,2.0,17.0,9.3,07:28:12,15:49:29,"[-4.3, 3.0, 9.9]","[-12.1, -1.6, 5.8]","[-20.8, 3.0, 9.9]","[0.0, 0.9, 4.0]","[67.4, 86.8, 96.0]","[0.0, 7.2, 26.4]","[17.6, 32.0, 48.6]","[50.4, 89.3, 237.6]","[52.8, 209.1, 266.1]","[28.0, 73.1, 100.0]"
2024-12-06,1.2,-2.3,-0.3,-3.9,-8.3,-6.3,-2.3,86.6,4.537,54.17,"['rain', 'snow']",4.3,2.2,76.9,39.1,186.7,1013.3,91.2,11.4,8.5,0.7,0.0,39.1,26.2,07:29:22,15:49:11,"[-1.8, 3.0, 11.8]","[-7.2, -0.9, 6.6]","[-13.7, 3.0, 11.8]","[0.0, 2.7, 19.6]","[59.3, 86.1, 98.4]","[0.0, 7.7, 27.9]","[17.6, 31.0, 50.0]","[46.8, 70.9, 104.4]","[53.0, 205.4, 266.3]","[64.7, 85.5, 100.0]"
2024-12-07,2.8,-0.6,0.9,-0.3,-5.1,-2.9,-0.1,93.5,0.312,33.33,"['rain', 'snow']",0.1,3.2,51.3,17.5,208.4,1012.1,86.7,10.1,20.6,1.9,1.0,17.5,12.8,07:30:29,15:48:57,"[-4.8, 2.0, 8.7]","[-12.6, -1.4, 5.4]","[-18.4, 2.0, 8.7]","[0.0, 2.2, 20.2]","[74.0, 87.7, 97.9]","[0.0, 7.9, 34.3]","[16.2, 29.5, 45.0]","[50.4, 76.0, 115.2]","[57.1, 200.5, 297.0]","[48.3, 82.3, 100.0]"
2024-12-08,1.6,-1.3,-0.1,1.3,-6.3,-3.6,-1.5,90.8,0.0,0.0,,0.0,2.4,51.3,22.4,73.1,1011.1,80.9,19.4,17.8,1.6,1.0,22.4,11.9,07:31:34,15:48:45,"[-7.9, 2.0, 11.3]","[-14.8, -1.9, 4.6]","[-20.9, 2.0, 11.3]","[0.0, 0.7, 3.5]","[70.1, 87.0, 97.9]","[0.0, 7.9, 35.0]","[14.0, 28.4, 56.2]","[43.2, 70.2, 100.8]","[58.9, 208.9, 272.7]","[16.6, 76.1, 97.8]"
2024-12-09,1.8,-0.5,0.7,-2.9,-5.8,-4.3,-0.5,91.7,0.3,29.17,"['rain', 'snow']",0.0,2.0,57.6,22.8,39.0,1017.3,97.6,10.5,15.6,1.4,1.0,22.8,19.6,07:32:37,15:48:37,"[-8.7, 1.9, 12.8]","[-14.1, -1.9, 8.9]","[-22.0, 1.9, 12.8]","[0.0, 2.0, 18.8]","[58.4, 84.4, 95.1]","[0.0, 8.0, 35.0]","[17.6, 29.5, 47.2]","[46.8, 70.9, 115.2]","[45.9, 190.4, 275.6]","[26.4, 78.9, 100.0]"
2024-12-10,0.8,-1.5,-0.2,-4.3,-7.0,-5.6,-1.2,92.6,1.552,66.67,"['rain', 'snow']",1.5,1.9,54.0,24.9,33.1,1025.2,99.5,11.1,20.3,1.7,1.0,24.9,20.8,07:33:38,15:48:31,"[-6.3, 1.5, 7.5]","[-12.8, -3.1, 2.6]","[-16.0, 1.5, 7.5]","[0.0, 1.4, 5.6]","[59.1, 82.8, 95.6]","[0.2, 8.7, 34.1]","[7.2, 26.3, 54.0]","[46.8, 65.9, 111.6]","[42.3, 197.2, 302.8]","[28.5, 76.3, 100.0]"
2024-12-11,-0.5,-2.0,-1.2,-3.9,-7.8,-5.9,-2.9,88.4,0.107,20.83,"['rain', 'snow']",0.0,2.5,55.4,22.9,13.4,1027.9,98.7,13.0,10.9,1.1,0.0,22.9,15.6,07:34:36,15:48:29,"[-8.5, 1.5, 9.5]","[-14.3, -3.2, 3.0]","[-19.0, 1.5, 9.5]","[0.0, 1.5, 10.4]","[70.8, 83.5, 96.4]","[0.3, 9.6, 32.5]","[15.1, 29.5, 59.8]","[46.8, 68.0, 115.2]","[74.8, 208.1, 269.1]","[10.4, 74.9, 100.0]"
2024-12-12,-0.2,-1.5,-0.9,-3.1,-6.0,-4.3,-2.3,89.8,0.055,8.33,"['rain', 'snow']",0.0,2.7,39.6,13.7,20.8,1031.2,99.4,9.9,25.1,2.2,1.0,13.7,10.0,07:35:32,15:48:30,"[-5.8, 1.3, 10.7]","[-10.9, -2.9, 2.7]","[-17.9, 1.3, 10.7]","[0.0, 2.5, 11.3]","[70.3, 86.0, 97.1]","[0.3, 10.8, 31.3]","[14.4, 29.5, 52.6]","[39.6, 69.5, 111.6]","[25.6, 195.5, 275.2]","[55.3, 87.4, 100.0]"
2024-12-13,-0.6,-1.6,-1.2,-3.1,-7.6,-5.4,-3.8,82.0,0.0,0.0,,0.0,2.7,51.0,24.6,136.6,1033.5,98.2,13.1,19.1,1.8,1.0,24.6,13.8,07:36:26,15:48:35,"[-6.1, 0.6, 7.5]","[-15.3, -3.8, 2.0]","[-23.7, 0.6, 7.5]","[0.0, 0.6, 7.3]","[66.6, 83.6, 95.4]","[0.1, 11.2, 33.7]","[14.0, 27.7, 45.0]","[43.2, 70.2, 97.2]","[41.0, 192.5, 304.8]","[53.1, 81.3, 97.9]"
2024-12-14,-0.6,-1.9,-1.5,-5.9,-9.4,-8.1,-3.9,83.7,0.031,8.33,"['rain', 'snow']",0.2,2.7,60.6,36.3,205.0,1020.9,94.7,11.1,10.6,1.0,1.0,36.3,27.5,07:37:16,15:48:42,"[-7.2, 1.0, 7.2]","[-15.9, -3.4, 2.7]","[-24.4, 1.0, 7.2]","[0.0, 0.9, 5.3]","[61.4, 85.1, 98.6]","[0.0, 11.8, 42.7]","[11.5, 29.5, 43.2]","[39.6, 67.3, 118.8]","[43.4, 190.5, 269.5]","[52.5, 80.7, 100.0]"
2024-12-15,2.2,-0.8,0.8,-3.1,-6.4,-4.6,-1.8,82.8,1.665,75.0,"['rain', 'snow']",0.0,2.6,64.8,27.6,259.5,1021.5,96.0,17.8,16.0,1.4,1.0,27.6,23.4,07:38:05,15:48:52,"[-6.3, 1.1, 8.5]","[-12.8, -2.3, 3.2]","[-18.0, 1.1, 8.5]","[0.0, 0.6, 4.3]","[65.2, 85.5, 98.7]","[0.0, 12.2, 48.1]","[16.6, 29.5, 46.4]","[46.8, 79.9, 302.4]","[25.0, 182.8, 257.5]","[47.7, 88.0, 100.0]"
2024-12-16,6.4,1.5,4.7,2.2,-4.3,-0.2,2.8,87.8,0.848,66.67,"['rain', 'snow']",0.0,2.7,62.0,30.9,241.5,1026.0,99.5,18.2,9.3,0.7,0.0,30.9,28.3,07:38:50,15:49:06,"[-10.4, 1.0, 6.6]","[-13.7, -2.8, 3.6]","[-22.9, 1.0, 6.6]","[0.0, 1.6, 13.3]","[75.2, 87.2, 96.8]","[0.0, 12.9, 43.7]","[18.7, 30.6, 54.4]","[43.2, 67.7, 133.2]","[37.0, 206.0, 305.0]","[34.7, 81.7, 100.0]"
2024-12-17,7.0,5.1,6.0,3.3,1.4,2.3,3.1,81.4,0.062,16.67,['rain'],0.0,3.5,68.4,29.0,255.1,1026.1,96.0,25.1,12.7,1.2,1.0,29.0,21.3,07:39:33,15:49:23,"[-8.5, 0.5, 9.4]","[-14.6, -3.2, 2.2]","[-23.9, 0.5, 9.4]","[0.0, 1.0, 3.8]","[68.7, 85.4, 96.7]","[0.0, 13.2, 42.7]","[14.0, 29.5, 42.5]","[43.2, 69.8, 122.4]","[49.8, 220.6, 325.2]","[36.4, 83.9, 99.9]"
2024-12-18,6.9,1.0,4.4,3.4,-3.3,0.7,2.0,85.0,0.0,0.0,,0.0,3.4,52.2,23.2,226.4,1022.5,76.3,23.3,39.6,3.4,2.0,23.2,17.8,07:40:13,15:49:42,"[-11.4, 0.4, 11.2]","[-15.1, -2.8, 5.5]","[-20.3, 0.4, 11.2]","[0.0, 1.5, 11.2]","[65.9, 88.1, 96.5]","[0.0, 13.3, 44.5]","[13.0, 25.2, 34.9]","[39.6, 58.3, 79.2]","[42.0, 211.4, 259.8]","[68.2, 89.0, 100.0]"
2024-12-19,9.1,2.8,5.2,5.9,-1.0,1.3,1.6,78.0,0.666,16.67,['rain'],0.0,3.2,79.2,28.2,207.0,1008.6,92.1,27.6,48.5,4.2,3.0,28.2,20.4,07:40:51,15:50:05,"[-10.6, 0.4, 11.2]","[-13.9, -4.1, 6.7]","[-23.2, 0.4, 11.2]","[0.0, 1.8, 20.0]","[58.6, 86.3, 96.1]","[0.0, 13.4, 46.6]","[18.7, 28.8, 48.2]","[43.2, 66.6, 97.2]","[20.9, 187.0, 264.2]","[44.7, 78.8, 100.0]"
2024-12-20,4.7,0.3,2.7,0.8,-3.0,-0.8,0.5,85.3,5.778,50.0,"['rain', 'snow']",0.0,3.6,56.2,19.4,287.1,1011.9,89.5,19.8,22.6,1.9,1.0,19.4,13.9,07:41:25,15:50:31,"[-12.6, 0.4, 12.4]","[-16.2, -3.2, 8.3]","[-25.2, 0.4, 12.4]","[0.0, 1.1, 5.3]","[61.6, 84.1, 96.0]","[0.0, 13.7, 48.5]","[13.0, 32.4, 51.1]","[39.6, 70.6, 100.8]","[76.6, 220.9, 297.3]","[24.4, 79.0, 99.6]"
2024-12-21,1.3,-1.4,-0.2,-3.4,-5.8,-4.6,-2.7,83.2,0.103,12.5,"['rain', 'snow']",0.0,3.6,50.4,23.5,224.8,1020.3,56.0,22.5,39.1,3.3,3.0,23.5,15.3,07:41:57,15:51:00,"[-5.3, 1.0, 9.4]","[-13.0, -3.1, 5.7]","[-23.7, 1.0, 9.4]","[0.0, 1.9, 16.6]","[53.9, 84.7, 96.1]","[0.0, 14.0, 50.2]","[13.0, 31.3, 45.0]","[46.8, 69.5, 104.4]","[87.4, 217.8, 319.0]","[34.8, 82.1, 100.0]"
2024-12-22,2.3,-0.4,0.9,-3.1,-7.0,-4.6,-1.4,84.7,2.697,79.17,"['rain', 'snow']",2.4,2.3,71.4,31.7,196.2,1005.8,98.3,15.2,21.5,1.9,2.0,31.7,24.2,07:42:25,15:51:32,"[-4.3, 2.0, 8.3]","[-8.7, -2.3, 2.9]","[-14.5, 2.0, 8.3]","[0.0, 1.3, 7.2]","[52.8, 86.4, 96.5]","[0.0, 13.5, 53.9]","[11.2, 29.2, 45.7]","[39.6, 67.3, 111.6]","[173.8, 230.3, 264.7]","[51.4, 84.3, 99.9]"
2024-12-23,1.0,-1.3,-0.1,-1.5,-4.8,-3.4,-1.4,91.0,0.819,33.33,"['rain', 'snow']",0.9,3.8,54.0,15.9,296.9,1008.4,92.3,16.7,20.8,1.8,1.0,15.9,10.3,07:42:51,15:52:07,"[-3.6, 2.9, 9.0]","[-10.1, -1.7, 5.7]","[-18.9, 2.9, 9.0]","[0.0, 3.3, 32.3]","[57.8, 86.5, 98.4]","[0.0, 13.5, 57.9]","[18.7, 33.8, 61.2]","[43.2, 74.2, 147.6]","[24.3, 214.3, 304.3]","[45.9, 82.9, 99.5]"
2024-12-24,1.3,-1.6,0.1,-3.5,-5.1,-4.3,-1.3,90.3,1.111,66.67,"['rain', 'snow']",0.6,3.1,64.8,20.6,6.9,1022.2,96.1,12.6,17.5,1.6,1.0,20.6,15.5,07:43:13,15:52:45,"[-10.4, 3.3, 10.7]","[-13.8, -1.3, 4.8]","[-19.7, 3.3, 10.7]","[0.0, 2.4, 14.5]","[64.0, 85.7, 95.1]","[0.0, 13.4, 60.3]","[21.2, 33.1, 52.9]","[39.6, 74.9, 118.8]","[72.3, 215.5, 284.5]","[2.2, 80.5, 100.0]"
2024-12-25,1.2,-2.5,-0.2,-3.1,-7.0,-4.6,-3.0,81.8,0.047,12.5,"['rain', 'snow']",0.0,3.1,64.8,18.9,22.4,1036.2,74.0,21.7,38.8,3.4,3.0,18.9,14.6,07:43:33,15:53:26,"[-6.6, 2.9, 14.4]","[-20.4, -2.2, 5.9]","[-22.2, 2.9, 14.4]","[0.0, 2.1, 9.2]","[51.8, 82.9, 94.8]","[0.0, 13.9, 61.9]","[18.7, 31.0, 54.7]","[46.8, 74.5, 126.0]","[27.5, 203.9, 324.7]","[28.7, 79.1, 100.0]"
2024-12-26,1.6,-3.3,-1.3,-2.0,-8.0,-5.4,-8.4,58.9,0.0,0.0,,0.0,3.1,46.8,15.3,57.3,1039.4,22.9,26.0,46.4,4.1,3.0,15.3,12.3,07:43:50,15:54:09,"[-6.7, 1.5, 9.5]","[-11.1, -2.4, 7.5]","[-17.8, 1.5, 9.5]","[0.0, 1.0, 6.9]","[64.9, 82.4, 92.4]","[0.0, 14.0, 61.4]","[15.5, 28.8, 58.0]","[46.8, 65.5, 97.2]","[14.2, 207.7, 301.6]","[33.1, 75.9, 97.9]"
2024-12-27,3.7,-4.6,-0.1,0.9,-8.5,-3.5,-7.6,57.6,0.0,0.0,,0.0,2.8,46.8,14.9,46.5,1036.4,25.4,22.7,46.8,4.2,3.0,14.9,10.8,07:44:03,15:54:55,"[-7.6, 1.2, 7.5]","[-11.6, -3.2, 3.3]","[-19.4, 1.2, 7.5]","[0.0, 1.2, 8.9]","[62.3, 84.2, 96.2]","[0.0, 13.5, 60.7]","[17.6, 30.2, 49.3]","[39.6, 61.9, 111.6]","[56.0, 206.0, 294.2]","[0.9, 72.2, 100.0]"
2024-12-28,5.9,-0.3,1.8,4.9,-3.7,-0.5,-2.9,71.2,0.0,0.0,,0.0,2.5,46.8,13.0,67.1,1031.5,55.1,21.5,46.8,4.1,3.0,13.0,8.0,07:44:13,15:55:45,"[-7.7, 1.3, 10.7]","[-11.1, -2.8, 2.8]","[-20.8, 1.3, 10.7]","[0.0, 1.1, 3.8]","[70.3, 85.5, 96.8]","[0.0, 14.1, 63.8]","[19.8, 33.1, 51.5]","[46.8, 70.6, 118.8]","[37.4, 201.9, 343.5]","[47.5, 82.1, 100.0]"
2024-12-29,3.5,-1.9,-0.2,0.0,-6.8,-4.4,-4.5,73.5,0.0,0.0,,0.0,2.4,23.0,17.7,256.2,1029.3,33.7,20.8,47.5,4.1,3.0,17.7,13.8,07:44:21,15:56:36,"[-8.8, 0.0, 7.3]","[-11.8, -3.6, 2.3]","[-20.3, 0.0, 7.3]","[0.0, 2.1, 16.4]","[61.6, 85.4, 98.5]","[0.0, 15.4, 71.5]","[17.3, 29.5, 46.4]","[43.2, 84.2, 291.6]","[84.0, 204.7, 279.0]","[27.2, 78.8, 98.3]"
2024-12-30,0.7,-3.5,-1.6,-3.7,-8.7,-6.5,-4.3,81.4,0.0,0.0,,0.0,2.2,49.0,21.2,257.1,1030.6,49.2,17.2,50.3,4.3,3.0,21.2,16.4,07:44:25,15:57:31,"[-9.4, 0.3, 5.7]","[-17.3, -4.3, 0.8]","[-25.0, 0.3, 5.7]","[0.0, 2.4, 10.3]","[66.6, 85.4, 98.5]","[0.0, 16.1, 84.9]","[16.6, 30.6, 46.8]","[43.2, 73.1, 122.4]","[85.3, 201.4, 254.7]","[3.7, 69.6, 99.7]"
2024-12-31,-1.5,-2.8,-2.2,-6.9,-9.8,-8.2,-4.8,82.2,0.0,0.0,,0.0,1.8,54.2,28.4,224.7,1031.5,78.1,15.3,22.2,1.9,1.0,28.4,22.0,07:44:26,15:58:28,"[-5.4, 1.0, 8.9]","[-13.6, -3.9, 5.7]","[-24.4, 1.0, 8.9]","[0.0, 2.0, 9.2]","[55.3, 83.4, 97.5]","[0.0, 15.2, 45.6]","[12.2, 31.0, 46.4]","[43.2, 72.4, 97.2]","[52.0, 216.1, 314.0]","[2.1, 72.1, 100.0]"
2025-01-01,-0.8,-2.8,-2.0,-7.2,-9.9,-8.8,-5.3,77.9,0.0,0.0,,0.0,0.8,59.4,30.8,219.0,1025.9,87.5,18.5,55.9,4.9,3.0,30.8,27.6,07:44:24,15:59:27,"[-6.3, 0.8, 8.9]","[-15.4, -4.0, 7.1]","[-25.9, 0.8, 8.9]","[0.0, 2.1, 22.2]","[58.3, 85.8, 97.1]","[0.6, 13.7, 40.2]","[13.0, 32.8, 47.9]","[46.8, 72.0, 115.2]","[27.2, 209.3, 260.5]","[1.6, 77.7, 100.0]"
2025-01-02,0.5,-2.7,-1.3,-4.2,-9.8,-6.7,-4.6,79.0,0.747,12.5,"['rain', 'snow']",0.6,0.6,62.5,28.8,228.7,1014.2,95.1,17.4,28.8,2.5,2.0,28.8,19.7,07:44:19,16:00:29,"[-5.2, 0.6, 7.5]","[-12.3, -3.7, 4.5]","[-19.8, 0.6, 7.5]","[0.0, 1.8, 13.0]","[52.0, 87.0, 98.8]","[1.0, 17.7, 59.5]","[15.1, 31.0, 54.7]","[39.6, 71.6, 117.7]","[59.7, 210.4, 306.8]","[41.2, 85.3, 100.0]"
2025-01-03,-0.8,-3.6,-2.0,-5.3,-8.5,-7.3,-4.1,86.0,1.427,25.0,"['rain', 'snow']",0.4,2.7,48.5,30.2,237.9,1014.8,80.0,13.8,26.8,2.3,2.0,30.2,18.0,07:44:11,16:01:33,"[-9.6, -0.7, 7.1]","[-15.3, -4.9, 4.0]","[-25.8, -0.7, 7.1]","[0.0, 2.2, 8.8]","[68.3, 85.9, 96.8]","[1.0, 21.5, 94.0]","[15.1, 31.7, 54.0]","[39.6, 80.3, 291.6]","[41.6, 211.6, 323.2]","[33.9, 77.3, 100.0]"
2025-01-04,-1.4,-5.6,-3.2,-5.7,-10.9,-8.4,-6.5,77.7,0.416,8.33,"['rain', 'snow']",0.1,2.7,56.3,26.8,248.0,1020.8,79.6,28.1,36.8,3.1,2.0,26.8,15.8,07:44:00,16:02:40,"[-10.4, -0.4, 8.4]","[-19.6, -4.9, 5.0]","[-28.4, -0.4, 8.4]","[0.0, 2.5, 13.2]","[72.2, 86.5, 98.1]","[1.2, 22.6, 95.6]","[13.0, 30.6, 49.3]","[46.8, 77.4, 100.8]","[77.0, 205.6, 289.0]","[25.0, 86.2, 100.0]"
2025-01-05,0.4,-8.1,-4.2,-5.1,-14.6,-10.1,-6.2,86.0,0.356,37.5,"['rain', 'snow']",0.6,2.8,75.6,28.0,265.1,1012.9,90.1,20.3,28.3,2.5,2.0,28.0,17.6,07:43:46,16:03:49,"[-9.6, -0.2, 8.2]","[-15.4, -4.9, 4.7]","[-25.5, -0.2, 8.2]","[0.0, 3.2, 15.7]","[66.0, 85.8, 97.8]","[2.0, 23.8, 93.1]","[19.4, 32.0, 51.5]","[43.2, 76.7, 129.6]","[28.8, 205.1, 321.7]","[49.2, 87.7, 100.0]"
2025-01-06,4.6,1.2,2.4,-0.2,-4.0,-2.3,1.1,90.9,1.573,20.83,"['rain', 'snow']",0.3,2.2,50.4,28.9,224.7,1003.3,91.0,14.1,30.2,2.6,2.0,28.9,21.4,07:43:28,16:05:00,"[-10.9, -0.9, 7.9]","[-16.7, -5.7, 3.8]","[-26.3, -0.9, 7.9]","[0.0, 1.7, 7.8]","[73.7, 86.5, 98.3]","[2.3, 24.3, 89.9]","[15.8, 26.3, 52.6]","[43.2, 72.0, 126.0]","[19.8, 182.7, 285.8]","[46.6, 80.5, 100.0]"
2025-01-07,4.6,1.1,2.1,0.5,-3.2,-1.9,1.0,92.0,62.174,41.67,"['rain', 'snow']",0.2,0.3,40.3,21.0,213.5,1007.1,97.5,10.2,9.3,0.8,1.0,21.0,16.0,07:43:08,16:06:13,"[-14.5, -1.4, 7.6]","[-19.2, -6.1, 2.8]","[-29.2, -1.4, 7.6]","[0.0, 0.8, 4.5]","[66.2, 86.0, 97.3]","[2.2, 24.4, 88.3]","[16.2, 28.8, 45.4]","[46.8, 69.1, 97.2]","[25.4, 185.8, 280.0]","[44.0, 80.0, 100.0]"
2025-01-08,2.1,0.2,1.0,-1.8,-4.4,-3.2,-0.5,90.1,5.978,41.67,"['rain', 'snow']",0.7,0.4,47.5,24.5,230.4,1009.3,88.7,15.4,14.8,1.4,1.0,24.5,15.3,07:42:45,16:07:28,"[-12.9, -0.4, 10.9]","[-17.4, -5.1, 2.1]","[-26.8, -0.4, 10.9]","[0.0, 2.0, 9.6]","[63.5, 86.2, 95.9]","[1.2, 24.0, 87.4]","[11.5, 27.7, 43.6]","[39.6, 71.3, 180.0]","[54.3, 194.3, 244.7]","[28.0, 77.7, 99.2]"
2025-01-09,8.8,1.5,5.3,4.8,-2.2,1.4,3.5,88.1,2.18,12.5,['rain'],0.0,0.4,79.2,32.8,189.7,1004.3,94.9,16.3,38.3,3.2,3.0,32.8,21.6,07:42:18,16:08:45,"[-12.8, 0.3, 8.7]","[-18.1, -4.3, 3.1]","[-27.9, 0.3, 8.7]","[0.0, 1.4, 6.4]","[65.6, 86.7, 96.7]","[0.0, 23.0, 86.8]","[11.5, 29.5, 48.2]","[36.0, 66.6, 108.0]","[49.4, 201.5, 271.8]","[5.8, 72.9, 100.0]"
2025-01-10,6.8,-1.0,0.4,3.3,-6.6,-5.1,-3.5,75.1,0.476,16.67,"['rain', 'snow']",0.1,0.1,63.0,35.3,260.2,1012.5,94.6,23.2,13.3,1.2,1.0,35.3,23.3,07:41:49,16:10:04,"[-9.9, 1.2, 10.5]","[-14.7, -3.2, 5.3]","[-25.2, 1.2, 10.5]","[0.0, 2.8, 14.3]","[76.8, 88.0, 97.7]","[0.8, 24.1, 86.0]","[12.2, 27.7, 37.8]","[39.6, 67.3, 100.8]","[73.9, 200.8, 288.9]","[9.0, 78.3, 100.0]"
2025-01-11,-1.1,-3.1,-2.2,-6.8,-10.3,-8.4,-5.3,79.8,1.222,87.5,"['rain', 'snow']",1.6,0.4,54.9,28.2,252.4,1016.2,90.1,17.5,36.9,3.2,3.0,28.2,23.0,07:41:17,16:11:24,"[-7.6, 0.5, 8.7]","[-13.4, -3.8, 4.0]","[-22.3, 0.5, 8.7]","[0.0, 0.9, 8.0]","[67.1, 85.8, 98.9]","[0.7, 24.5, 83.1]","[9.4, 29.9, 45.0]","[39.6, 69.5, 115.2]","[30.8, 198.4, 267.2]","[0.9, 70.3, 100.0]"
2025-01-12,-1.5,-3.0,-2.4,-6.6,-9.4,-8.2,-4.9,82.6,2.818,66.67,"['rain', 'snow']",1.9,2.7,61.2,24.8,301.0,1026.3,97.7,15.6,26.4,2.2,2.0,24.8,20.4,07:40:42,16:12:46,"[-5.6, 0.6, 7.1]","[-18.8, -3.7, 2.5]","[-27.4, 0.6, 7.1]","[0.0, 0.7, 2.6]","[72.9, 85.3, 96.4]","[1.4, 24.2, 81.2]","[16.2, 34.2, 54.0]","[43.2, 80.6, 291.6]","[32.7, 206.2, 256.5]","[23.3, 77.4, 99.9]"
2025-01-13,-2.2,-3.8,-2.7,-6.6,-9.1,-7.9,-5.5,81.4,6.086,20.83,['snow'],1.1,6.1,58.3,24.3,3.1,1039.8,97.6,22.5,15.0,1.2,1.0,24.3,16.9,07:40:04,16:14:10,"[-5.8, 1.2, 8.9]","[-9.6, -2.5, 3.9]","[-20.6, 1.2, 8.9]","[0.0, 1.6, 7.9]","[63.9, 85.5, 95.6]","[2.8, 24.5, 79.8]","[13.0, 31.0, 53.3]","[39.6, 68.8, 108.0]","[63.6, 203.8, 260.3]","[11.8, 81.0, 100.0]"
2025-01-14,-1.1,-4.6,-2.8,-6.7,-9.3,-8.0,-6.5,75.9,0.0,0.0,,0.0,5.0,43.2,27.2,241.4,1036.3,86.8,27.1,58.8,5.0,3.0,27.2,17.3,07:39:23,16:15:36,"[-4.6, 0.9, 8.4]","[-7.5, -3.0, 3.8]","[-16.3, 0.9, 8.4]","[0.0, 1.7, 10.6]","[73.3, 85.8, 95.9]","[2.4, 25.0, 78.4]","[16.2, 29.2, 41.4]","[39.6, 75.2, 208.8]","[77.5, 205.6, 296.6]","[31.2, 80.0, 99.6]"
2025-01-15,-0.3,-2.7,-1.6,-3.7,-9.5,-6.1,-2.5,93.3,4.044,83.33,"['rain', 'snow']",7.7,6.2,50.4,26.1,279.5,1028.7,99.3,3.3,13.9,1.2,1.0,26.1,14.3,07:38:40,16:17:03,"[-3.8, 0.4, 6.1]","[-8.3, -3.3, 1.9]","[-14.2, 0.4, 6.1]","[0.0, 1.1, 5.8]","[55.2, 83.0, 96.6]","[2.1, 25.3, 76.3]","[14.0, 28.8, 43.6]","[46.8, 71.3, 108.0]","[70.8, 215.1, 322.2]","[16.1, 74.7, 98.1]"
2025-01-16,1.0,-0.6,0.2,-0.9,-4.4,-3.0,-1.0,91.7,0.861,12.5,"['rain', 'snow']",0.0,5.4,39.6,15.8,338.6,1038.3,90.3,15.6,19.6,1.8,1.0,15.8,9.8,07:37:54,16:18:31,"[-5.5, 0.3, 6.6]","[-8.5, -3.9, 2.3]","[-16.6, 0.3, 6.6]","[0.0, 1.4, 9.6]","[59.7, 83.7, 96.4]","[1.8, 26.3, 74.4]","[16.9, 32.4, 61.2]","[43.2, 69.1, 151.2]","[55.1, 212.6, 288.6]","[17.4, 72.6, 100.0]"
2025-01-17,1.8,-0.2,0.9,-1.9,-4.8,-3.1,-2.4,78.4,10.277,4.17,"['rain', 'snow']",0.0,4.2,43.2,18.0,251.4,1040.7,85.8,23.7,20.5,1.7,1.0,18.0,14.5,07:37:05,16:20:00,"[-7.1, 0.3, 7.9]","[-17.4, -4.5, 1.1]","[-24.8, 0.3, 7.9]","[0.0, 1.5, 11.5]","[51.5, 84.4, 93.7]","[0.6, 26.8, 72.2]","[21.2, 31.7, 49.3]","[46.8, 71.3, 115.2]","[20.7, 191.8, 274.7]","[2.2, 74.1, 100.0]"
2025-01-18,2.2,0.4,1.1,-1.6,-4.4,-3.0,-1.8,81.2,0.0,0.0,,0.0,3.8,46.8,18.8,256.1,1036.6,79.8,22.4,25.9,2.2,1.0,18.8,14.8,07:36:13,16:21:31,"[-6.1, 0.0, 11.1]","[-18.6, -4.5, 1.9]","[-27.5, 0.0, 11.1]","[0.0, 1.5, 12.0]","[59.1, 87.0, 97.5]","[0.0, 27.1, 74.0]","[10.8, 32.0, 63.0]","[50.4, 72.7, 104.4]","[30.3, 198.3, 261.6]","[40.2, 79.9, 100.0]"
2025-01-19,1.7,-1.2,0.5,-2.1,-5.9,-3.9,-4.0,72.0,0.0,0.0,,0.0,3.8,46.8,21.6,225.5,1031.2,87.6,21.9,22.3,1.8,1.0,21.6,16.3,07:35:19,16:23:03,"[-7.6, -0.1, 7.9]","[-10.5, -4.2, 3.1]","[-17.7, -0.1, 7.9]","[0.0, 2.3, 10.5]","[64.6, 87.1, 98.8]","[0.5, 26.9, 78.5]","[11.5, 30.2, 50.0]","[36.0, 70.6, 147.6]","[74.9, 198.3, 275.3]","[26.2, 81.9, 100.0]"
2025-01-20,0.1,-1.3,-0.7,-5.6,-7.5,-6.6,-3.3,83.1,0.0,0.0,,0.0,1.6,46.8,26.4,209.8,1026.7,87.8,21.0,31.3,2.7,2.0,26.4,23.0,07:34:22,16:24:36,"[-5.9, 0.9, 8.4]","[-10.5, -3.6, 5.8]","[-17.1, 0.9, 8.4]","[0.0, 1.9, 8.1]","[73.0, 88.3, 97.8]","[0.0, 27.0, 80.2]","[15.1, 28.8, 45.0]","[43.2, 69.8, 115.2]","[38.7, 195.0, 280.3]","[75.5, 89.4, 99.4]"
2025-01-21,-0.5,-1.7,-1.2,-4.2,-7.8,-6.3,-3.8,82.4,0.083,16.67,"['rain', 'snow']",0.0,2.1,57.6,23.2,217.1,1021.2,99.7,16.2,20.9,1.8,1.0,23.2,17.7,07:33:23,16:26:10,"[-8.3, 0.4, 8.3]","[-11.5, -3.2, 5.1]","[-19.1, 0.4, 8.3]","[0.0, 2.2, 6.3]","[78.7, 87.3, 97.0]","[0.0, 27.5, 80.0]","[14.4, 28.4, 45.4]","[43.2, 67.0, 97.2]","[67.6, 214.8, 337.8]","[44.2, 82.9, 100.0]"
2025-01-22,-0.3,-1.7,-1.2,-4.4,-7.3,-5.6,-2.7,89.1,0.0,0.0,,0.0,0.3,46.8,21.2,210.7,1017.6,85.0,10.9,25.2,2.3,1.0,21.2,13.9,07:32:21,16:27:45,"[-8.7, -0.2, 7.9]","[-22.5, -5.5, 1.9]","[-35.4, -0.2, 7.9]","[0.0, 1.8, 7.2]","[75.7, 85.1, 97.6]","[1.1, 28.3, 81.0]","[12.2, 27.7, 45.4]","[39.6, 67.3, 97.2]","[32.6, 178.6, 281.4]","[0.0, 78.4, 100.0]"
2025-01-23,2.6,-2.0,-0.2,-2.7,-8.6,-5.5,-1.5,90.7,0.012,4.17,"['rain', 'snow']",0.0,1.2,63.8,29.5,224.5,1011.8,91.3,7.5,18.5,1.8,1.0,29.5,21.4,07:31:17,16:29:21,"[-15.6, -1.7, 8.6]","[-23.3, -6.4, 0.9]","[-37.0, -1.7, 8.6]","[0.0, 0.8, 3.1]","[68.1, 85.8, 96.0]","[1.7, 28.4, 80.6]","[16.2, 28.8, 46.8]","[39.6, 69.5, 129.6]","[28.6, 164.3, 274.3]","[2.1, 76.5, 100.0]"
2025-01-24,3.1,-1.7,0.3,-0.4,-6.1,-3.9,-1.3,89.3,0.0,0.0,,0.0,3.0,43.2,17.9,238.4,1017.3,75.3,17.0,48.7,4.2,2.0,17.9,14.6,07:30:10,16:30:58,"[-13.1, -2.2, 4.8]","[-22.0, -6.4, 2.1]","[-29.9, -2.2, 4.8]","[0.0, 1.6, 11.3]","[50.5, 85.2, 97.7]","[2.0, 29.3, 79.2]","[12.6, 25.2, 41.8]","[39.6, 61.6, 118.8]","[29.4, 172.2, 251.6]","[3.5, 83.9, 99.7]"
2025-01-25,5.9,1.6,3.6,2.1,-2.6,-0.8,0.8,82.5,0.0,0.0,,0.0,3.2,61.2,30.2,208.3,1016.7,94.5,22.4,57.4,4.9,3.0,30.2,21.7,07:29:01,16:32:35,"[-10.2, -2.5, 5.0]","[-18.7, -6.6, 0.1]","[-26.9, -2.5, 5.0]","[0.0, 1.5, 11.9]","[54.4, 84.7, 98.1]","[3.0, 29.7, 78.5]","[14.0, 25.9, 44.6]","[39.6, 63.4, 108.0]","[22.6, 167.6, 308.3]","[55.1, 85.7, 100.0]"
2025-01-26,6.7,3.3,5.0,3.1,-1.7,0.9,2.9,86.2,0.0,0.0,,0.0,1.0,61.2,27.8,208.8,1011.9,86.9,16.2,31.3,2.7,2.0,27.8,21.9,07:27:50,16:34:13,"[-10.6, -2.1, 7.1]","[-16.7, -6.8, 1.9]","[-25.1, -2.1, 7.1]","[0.0, 0.5, 1.9]","[53.6, 83.6, 98.2]","[3.1, 29.6, 77.4]","[15.1, 28.4, 49.3]","[43.2, 65.5, 133.2]","[22.3, 187.5, 251.5]","[35.8, 78.5, 100.0]"
2025-01-27,8.5,2.9,5.1,4.9,-1.3,1.3,2.3,82.2,0.0,0.0,,0.0,2.4,64.8,29.0,172.5,1008.1,74.9,22.6,64.3,5.6,4.0,29.0,20.8,07:26:37,16:35:52,"[-11.0, -0.9, 9.1]","[-20.2, -6.1, 4.3]","[-26.2, -0.9, 9.1]","[0.0, 1.9, 18.9]","[42.9, 82.7, 94.1]","[3.1, 30.4, 76.1]","[12.2, 29.5, 48.2]","[39.6, 67.7, 118.8]","[81.2, 205.5, 299.0]","[9.1, 76.4, 99.2]"
2025-01-28,11.4,3.5,7.1,11.4,-1.0,4.4,4.1,81.6,0.407,29.17,['rain'],0.0,0.8,62.5,42.1,181.9,1002.1,90.9,21.4,43.2,3.6,3.0,42.1,25.6,07:25:21,16:37:31,"[-4.4, 0.1, 11.1]","[-16.1, -5.6, 2.5]","[-21.7, 0.1, 11.1]","[0.0, 1.3, 7.7]","[56.2, 85.0, 94.8]","[3.1, 30.9, 75.0]","[11.9, 30.2, 51.1]","[39.6, 68.0, 108.0]","[19.4, 207.8, 283.0]","[1.8, 77.7, 100.0]"
2025-01-29,7.4,1.3,4.4,4.2,-2.8,0.7,1.4,81.2,0.021,4.17,['rain'],0.0,0.7,61.2,27.3,211.8,1010.8,68.4,25.2,60.5,5.3,4.0,27.3,17.8,07:24:04,16:39:11,"[-6.4, 0.2, 13.1]","[-18.9, -5.1, 4.0]","[-23.0, 0.2, 13.1]","[0.0, 1.1, 8.7]","[53.2, 82.3, 94.3]","[3.4, 30.7, 73.1]","[15.1, 30.6, 55.4]","[39.6, 64.4, 140.4]","[30.0, 194.2, 295.4]","[10.7, 72.4, 100.0]"
2025-01-30,10.5,0.4,4.4,10.5,-4.0,1.4,0.5,77.2,0.0,0.0,,0.0,0.7,64.8,23.5,232.2,1018.5,30.5,34.2,88.8,7.7,4.0,23.5,15.7,07:22:44,16:40:51,"[-6.8, 0.6, 8.5]","[-12.6, -4.7, 2.6]","[-20.0, 0.6, 8.5]","[0.0, 1.3, 11.3]","[65.0, 81.6, 93.8]","[3.3, 30.6, 72.1]","[16.2, 33.1, 48.6]","[43.2, 83.2, 291.6]","[20.0, 201.7, 264.9]","[2.2, 67.7, 99.6]"
2025-01-31,4.0,-2.4,1.3,2.0,-5.6,-2.3,-0.8,85.7,0.0,0.0,,0.0,0.0,62.5,23.1,261.0,1025.0,62.8,22.0,45.4,3.8,3.0,23.1,13.7,07:21:22,16:42:32,"[-9.2, 0.1, 8.4]","[-14.1, -5.2, 2.1]","[-21.3, 0.1, 8.4]","[0.0, 1.1, 6.1]","[66.8, 81.8, 93.7]","[1.4, 30.4, 71.0]","[17.6, 30.6, 51.1]","[39.6, 68.4, 115.2]","[52.1, 200.1, 260.0]","[4.4, 77.2, 100.0]"
2025-02-01,2.3,-3.8,-1.3,0.1,-7.3,-4.2,-4.1,81.5,0.0,0.0,,0.0,2.7,20.5,10.3,4.3,1032.4,77.6,25.7,101.5,8.8,5.0,10.3,8.2,07:19:58,16:44:12,"[-12.0, 1.1, 10.2]","[-15.5, -4.3, 4.3]","[-25.9, 1.1, 10.2]","[0.0, 1.9, 13.1]","[53.0, 80.3, 95.6]","[0.1, 30.6, 69.2]","[15.1, 33.5, 51.1]","[46.8, 74.9, 122.4]","[49.3, 207.6, 308.4]","[30.7, 76.6, 100.0]"
2025-02-02,0.7,-4.2,-2.1,-0.9,-6.4,-4.0,-5.1,80.8,0.0,0.0,,0.0,0.7,20.9,8.2,347.5,1027.6,84.6,19.1,48.5,4.3,2.0,8.2,5.7,07:18:32,16:45:54,"[-15.4, 1.4, 11.5]","[-19.0, -3.3, 6.8]","[-28.9, 1.4, 11.5]","[0.0, 1.4, 9.4]","[62.1, 83.0, 95.1]","[0.0, 30.8, 68.1]","[16.6, 32.0, 54.7]","[39.6, 69.5, 108.0]","[30.2, 217.9, 271.2]","[22.2, 80.2, 99.4]"
2025-02-03,1.3,-5.2,-2.5,-1.6,-8.1,-5.3,-5.5,80.5,0.019,4.17,['snow'],0.0,0.0,32.4,10.6,357.3,1029.5,47.8,20.9,84.9,7.3,5.0,10.6,7.2,07:17:05,16:47:35,"[-14.2, 1.7, 11.1]","[-21.0, -3.4, 4.2]","[-30.3, 1.7, 11.1]","[0.0, 1.9, 9.3]","[59.9, 82.5, 97.1]","[0.0, 30.6, 70.1]","[14.0, 30.2, 51.8]","[43.2, 70.9, 118.8]","[47.8, 207.7, 305.5]","[5.2, 74.9, 99.6]"
2025-02-04,2.8,-6.4,-2.5,0.3,-10.6,-5.4,-6.8,73.6,0.095,4.17,['snow'],0.0,2.6,18.7,11.3,292.8,1032.3,7.1,28.7,97.4,8.4,4.0,11.3,7.7,07:15:35,16:49:16,"[-16.0, 1.4, 9.4]","[-20.1, -3.2, 4.7]","[-32.1, 1.4, 9.4]","[0.0, 2.0, 23.2]","[42.8, 83.2, 96.2]","[0.0, 30.8, 71.4]","[15.1, 31.0, 50.0]","[43.2, 73.4, 172.8]","[25.5, 206.1, 277.1]","[2.4, 81.1, 99.2]"
2025-02-05,3.8,-4.2,-0.8,1.9,-9.7,-4.9,-5.9,69.4,0.0,0.0,,0.0,0.7,39.6,17.4,281.5,1035.5,33.5,20.6,98.9,8.6,4.0,17.4,12.4,07:14:04,16:50:58,"[-13.5, 1.0, 9.3]","[-16.7, -4.1, 7.4]","[-26.8, 1.0, 9.3]","[0.0, 1.0, 5.2]","[66.1, 83.0, 95.7]","[0.0, 30.6, 71.3]","[14.8, 29.5, 46.4]","[43.2, 65.5, 111.6]","[40.1, 173.8, 263.0]","[23.2, 72.2, 98.2]"
2025-02-06,1.2,-0.5,0.1,-2.5,-5.1,-4.1,-1.5,88.9,0.782,16.67,"['rain', 'snow']",0.7,0.1,46.8,17.1,30.0,1038.9,98.0,9.6,53.9,4.9,3.0,17.1,14.3,07:12:31,16:52:40,"[-14.0, 1.1, 11.1]","[-19.7, -4.8, 6.7]","[-27.9, 1.1, 11.1]","[0.0, 0.7, 5.3]","[70.2, 83.4, 98.7]","[0.0, 30.5, 73.4]","[12.6, 29.2, 40.0]","[39.6, 69.5, 118.8]","[30.5, 177.0, 342.7]","[25.8, 77.7, 100.0]"
2025-02-07,1.8,-1.2,0.0,-1.6,-6.4,-4.2,-2.7,82.6,0.0,0.0,,0.0,1.4,55.3,18.9,77.6,1035.6,96.0,8.9,53.3,4.7,4.0,18.9,13.9,07:10:56,16:54:22,"[-8.8, 0.9, 13.7]","[-18.9, -4.4, 7.0]","[-26.1, 0.9, 13.7]","[0.0, 2.1, 9.2]","[54.4, 81.2, 94.7]","[0.0, 31.8, 81.2]","[16.9, 30.6, 48.2]","[46.8, 70.9, 122.4]","[16.7, 174.8, 306.1]","[9.0, 75.9, 100.0]"
2025-02-08,3.9,-2.6,0.3,0.1,-8.3,-4.4,-5.1,68.4,0.0,0.0,,0.0,0.7,75.6,19.5,92.0,1032.3,77.5,21.8,87.1,7.6,4.0,19.5,16.9,07:09:20,16:56:04,"[-8.9, 0.9, 7.8]","[-14.1, -4.4, 3.7]","[-23.8, 0.9, 7.8]","[0.0, 2.0, 10.7]","[55.6, 81.2, 95.7]","[0.0, 32.4, 81.6]","[14.0, 29.2, 45.0]","[43.2, 70.2, 90.0]","[36.3, 180.1, 294.7]","[1.3, 78.9, 100.0]"
2025-02-09,3.9,-2.1,0.6,0.5,-7.2,-3.4,-6.2,61.3,0.0,0.0,,0.0,0.7,75.6,17.9,113.5,1031.7,75.5,28.4,40.0,3.4,2.0,17.9,14.1,07:07:42,16:57:46,"[-10.3, 0.6, 9.7]","[-15.4, -4.6, 4.9]","[-23.8, 0.6, 9.7]","[0.0, 1.8, 13.6]","[52.4, 83.2, 95.3]","[0.9, 32.9, 81.4]","[11.9, 27.7, 46.1]","[43.2, 77.8, 216.0]","[28.5, 181.8, 269.9]","[21.3, 79.9, 100.0]"
2025-02-10,5.5,-4.0,0.7,3.6,-7.5,-1.5,-5.6,63.7,0.0,0.0,,0.0,0.7,39.6,15.7,36.8,1030.6,35.9,19.4,98.3,8.6,4.0,15.7,7.9,07:06:02,16:59:27,"[-12.5, 1.1, 9.2]","[-17.5, -3.9, 2.9]","[-27.0, 1.1, 9.2]","[0.0, 2.6, 26.8]","[66.4, 83.7, 93.5]","[3.2, 33.3, 83.7]","[9.4, 27.7, 49.7]","[46.8, 68.4, 104.4]","[35.4, 180.1, 259.6]","[35.3, 80.8, 100.0]"
2025-02-11,3.2,-5.7,-2.1,0.5,-8.9,-4.5,-7.0,70.2,0.0,0.0,,0.0,1.9,18.0,16.4,51.4,1030.6,8.9,13.0,103.9,9.0,4.0,16.4,7.8,07:04:21,17:01:09,"[-11.7, 0.0, 6.6]","[-17.8, -4.4, 2.4]","[-27.0, 0.0, 6.6]","[0.0, 2.0, 7.1]","[59.3, 84.7, 98.4]","[0.0, 33.4, 90.6]","[11.5, 28.1, 47.2]","[39.6, 64.1, 115.2]","[19.5, 167.8, 256.6]","[13.9, 85.9, 100.0]"
2025-02-12,0.9,-3.4,-1.4,-4.7,-9.0,-7.0,-7.2,65.3,0.088,29.17,"['rain', 'snow']",0.6,0.6,64.8,24.9,124.6,1025.6,96.4,18.3,33.5,2.8,1.0,24.9,19.7,07:02:39,17:02:51,"[-8.5, 0.1, 9.7]","[-17.9, -4.8, 6.7]","[-25.6, 0.1, 9.7]","[0.0, 1.5, 12.5]","[57.6, 81.7, 96.6]","[8.2, 35.6, 96.8]","[14.8, 25.6, 46.1]","[46.8, 68.8, 111.6]","[59.5, 202.7, 325.2]","[7.2, 71.7, 100.0]"
2025-02-13,1.4,-2.0,-0.3,-2.3,-7.0,-5.0,-1.9,89.3,0.849,54.17,"['rain', 'snow']",1.9,0.7,46.8,20.1,221.5,1018.4,99.4,5.3,30.5,2.6,1.0,20.1,16.0,07:00:55,17:04:32,"[-7.6, -0.3, 7.6]","[-17.2, -5.3, 3.8]","[-25.3, -0.3, 7.6]","[0.0, 1.6, 9.0]","[61.6, 82.6, 94.5]","[8.2, 36.6, 100.3]","[10.8, 25.9, 44.6]","[43.2, 70.6, 111.6]","[36.7, 196.7, 332.7]","[0.0, 76.3, 100.0]"
2025-02-14,-0.8,-5.7,-2.5,-3.9,-11.5,-7.3,-4.2,87.9,0.5,29.17,"['rain', 'snow']",0.3,0.5,50.4,22.9,345.8,1020.7,94.6,6.5,7.9,0.7,0.0,22.9,14.5,06:59:10,17:06:14,"[-5.0, 0.9, 7.9]","[-15.9, -4.8, 2.4]","[-22.4, 0.9, 7.9]","[0.0, 1.1, 9.5]","[64.2, 82.0, 96.8]","[7.0, 36.6, 98.3]","[15.5, 24.1, 42.8]","[39.6, 65.5, 100.8]","[20.0, 184.4, 331.8]","[0.3, 74.4, 100.0]"
2025-02-15,-3.0,-6.7,-4.8,-4.7,-12.2,-8.6,-8.3,77.0,0.035,8.33,['snow'],1.1,1.3,50.4,16.3,1.6,1025.2,83.1,18.3,56.0,4.8,3.0,16.3,9.2,06:57:23,17:07:55,"[-5.5, 1.6, 8.4]","[-16.8, -5.1, 3.1]","[-25.8, 1.6, 8.4]","[0.0, 1.6, 8.1]","[55.5, 81.6, 96.4]","[6.1, 37.1, 96.7]","[10.4, 26.3, 41.4]","[43.2, 69.5, 93.6]","[60.6, 189.7, 332.3]","[1.0, 70.7, 100.0]"
2025-02-16,-2.9,-9.4,-6.3,-6.2,-13.1,-10.2,-9.3,79.8,0.05,8.33,['snow'],0.0,2.4,27.7,12.8,28.2,1023.8,61.2,17.3,123.4,10.7,5.0,12.8,9.0,06:55:35,17:09:36,"[-5.8, 1.3, 10.1]","[-11.3, -3.5, 2.2]","[-20.0, 1.3, 10.1]","[0.0, 1.8, 10.6]","[56.9, 81.0, 97.4]","[5.5, 38.4, 98.7]","[13.0, 27.7, 45.4]","[39.6, 70.9, 122.4]","[39.8, 184.7, 291.2]","[8.7, 78.2, 100.0]"
2025-02-17,-3.0,-9.5,-6.7,-5.5,-13.6,-9.8,-10.6,74.9,0.031,8.33,['snow'],0.0,2.3,20.9,9.1,24.9,1026.7,46.5,16.4,117.3,10.3,5.0,9.1,6.6,06:53:46,17:11:17,"[-4.9, 2.4, 11.1]","[-12.1, -3.9, 4.9]","[-18.6, 2.4, 11.1]","[0.0, 1.5, 7.0]","[54.2, 81.8, 97.7]","[5.1, 38.4, 97.2]","[14.4, 29.5, 49.0]","[43.2, 68.8, 97.6]","[30.6, 191.3, 304.3]","[0.3, 71.1, 100.0]"
2025-02-18,-3.5,-8.5,-5.9,-7.1,-12.5,-9.8,-11.4,65.7,0.0,0.0,,0.0,1.1,29.2,11.9,19.8,1029.7,47.6,20.2,124.5,10.8,5.0,11.9,8.8,06:51:56,17:12:58,"[-6.3, 2.5, 11.2]","[-14.4, -2.9, 2.9]","[-22.4, 2.5, 11.2]","[0.0, 1.5, 10.5]","[54.0, 84.7, 97.3]","[4.6, 38.5, 94.9]","[15.1, 26.3, 48.6]","[43.2, 67.7, 108.0]","[46.3, 202.7, 305.5]","[19.4, 79.1, 100.0]"
2025-02-19,-0.1,-11.1,-6.0,-0.3,-14.7,-8.3,-11.8,66.0,0.0,0.0,,0.0,1.1,16.6,8.5,352.5,1034.1,2.4,30.4,130.8,11.3,5.0,8.5,5.7,06:50:04,17:14:38,"[-5.9, 2.3, 9.3]","[-10.4, -2.9, 2.3]","[-16.4, 2.3, 9.3]","[0.0, 2.2, 21.0]","[50.2, 84.2, 97.4]","[4.3, 38.3, 92.6]","[14.0, 28.4, 48.6]","[39.6, 67.7, 111.6]","[9.5, 202.6, 280.3]","[22.1, 82.7, 100.0]"
2025-02-20,1.1,-9.3,-4.4,-2.7,-15.3,-9.1,-11.8,58.2,0.0,0.0,,0.0,1.0,46.8,19.0,195.7,1033.8,9.3,24.1,131.6,11.2,5.0,19.0,12.6,06:48:12,17:16:19,"[-6.0, 2.1, 7.3]","[-11.4, -3.6, 1.2]","[-19.7, 2.1, 7.3]","[0.0, 1.3, 9.8]","[64.8, 83.2, 97.2]","[4.0, 38.5, 90.5]","[17.6, 25.9, 41.4]","[39.6, 62.6, 111.6]","[26.0, 199.5, 264.7]","[22.0, 75.2, 100.0]"
2025-02-21,2.1,-7.3,-2.9,-2.9,-13.9,-8.7,-10.4,57.5,0.0,0.0,,0.0,0.9,54.0,27.0,198.5,1033.7,39.9,24.7,135.6,11.8,6.0,27.0,19.7,06:46:18,17:17:59,"[-9.0, 2.2, 9.0]","[-12.4, -3.9, 1.8]","[-20.3, 2.2, 9.0]","[0.0, 1.4, 6.1]","[52.7, 82.9, 96.2]","[3.7, 38.2, 88.2]","[12.6, 29.2, 47.5]","[39.6, 66.2, 118.8]","[38.2, 179.4, 268.1]","[17.8, 77.4, 99.2]"
2025-02-22,5.2,-4.6,-0.5,1.1,-11.1,-5.8,-8.7,55.3,0.0,0.0,,0.0,0.9,54.0,27.0,200.9,1029.2,9.6,28.9,132.2,11.4,5.0,27.0,20.0,06:44:24,17:19:38,"[-9.0, 2.8, 12.3]","[-12.2, -3.2, 7.6]","[-20.8, 2.8, 12.3]","[0.0, 0.9, 10.1]","[65.6, 82.0, 93.7]","[3.7, 35.9, 87.0]","[11.5, 31.7, 52.6]","[39.6, 65.2, 97.2]","[46.2, 176.8, 259.5]","[23.3, 78.9, 100.0]"
2025-02-23,3.0,-4.6,-0.2,-0.8,-10.3,-4.7,-6.4,63.4,0.024,12.5,"['rain', 'snow']",0.0,0.0,54.0,19.7,242.8,1030.6,66.6,17.7,52.1,4.5,3.0,19.7,15.4,06:42:28,17:21:18,"[-10.9, 2.9, 10.1]","[-13.8, -2.7, 6.2]","[-23.1, 2.9, 10.1]","[0.0, 1.9, 10.9]","[59.0, 82.3, 97.0]","[3.6, 35.3, 85.9]","[10.4, 28.1, 45.0]","[39.6, 65.2, 100.8]","[19.8, 164.0, 286.8]","[0.0, 80.5, 100.0]"
2025-02-24,8.7,0.2,3.5,7.6,-3.9,0.8,-0.5,75.8,0.016,8.33,"['rain', 'snow']",0.0,0.0,17.6,13.2,308.0,1027.7,58.1,13.3,107.1,9.2,5.0,13.2,10.5,06:40:31,17:22:57,"[-7.6, 3.5, 14.5]","[-13.4, -3.5, 2.5]","[-21.6, 3.5, 14.5]","[0.0, 1.2, 4.0]","[50.6, 78.8, 96.4]","[3.4, 36.9, 85.4]","[13.0, 28.1, 41.4]","[39.6, 74.5, 172.8]","[34.9, 174.3, 274.2]","[6.5, 71.8, 100.0]"
2025-02-25,6.6,-0.2,3.1,2.7,-4.3,-0.8,0.4,82.8,0.0,0.0,,0.0,2.5,54.4,25.9,221.2,1020.2,78.0,8.3,82.5,7.2,3.0,25.9,17.5,06:38:34,17:24:36,"[-11.2, 3.4, 13.3]","[-15.1, -3.4, 4.3]","[-24.8, 3.4, 13.3]","[0.0, 0.9, 10.0]","[54.5, 78.5, 92.0]","[3.4, 37.4, 88.9]","[16.2, 27.4, 37.8]","[46.8, 67.7, 93.6]","[37.0, 187.2, 254.3]","[0.0, 68.5, 100.0]"
2025-02-26,4.9,2.9,3.7,2.0,-0.8,0.4,1.6,85.7,0.0,0.0,,0.0,0.6,64.8,17.8,222.0,1017.0,99.6,5.3,18.6,1.5,1.0,17.8,13.9,06:36:35,17:26:15,"[-10.6, 3.1, 13.0]","[-15.5, -3.2, 0.5]","[-25.3, 3.1, 13.0]","[0.0, 1.1, 6.2]","[54.9, 80.7, 97.2]","[3.4, 37.0, 90.6]","[14.0, 28.1, 41.8]","[43.2, 65.9, 108.0]","[34.3, 173.1, 258.5]","[0.0, 75.4, 99.7]"
2025-02-27,5.9,2.0,3.7,5.6,-0.5,1.8,2.3,90.5,1.607,62.5,['rain'],0.0,0.0,14.0,13.8,285.3,1018.9,98.7,4.5,38.6,3.3,2.0,13.8,7.9,06:34:36,17:27:53,"[-12.3, 3.2, 12.0]","[-15.1, -3.2, 3.3]","[-26.4, 3.2, 12.0]","[0.0, 1.4, 8.7]","[55.6, 79.4, 94.0]","[3.3, 31.5, 93.4]","[13.7, 28.1, 42.5]","[46.8, 66.2, 100.8]","[31.0, 181.5, 329.0]","[2.6, 71.3, 100.0]"
2025-02-28,6.9,-0.7,2.5,4.7,-3.0,0.0,-0.2,83.2,1.901,8.33,"['rain', 'snow']",0.0,0.0,26.6,13.7,282.9,1020.9,71.7,10.3,121.1,10.6,6.0,13.7,8.9,06:32:36,17:29:31,"[-10.4, 3.3, 11.9]","[-16.0, -3.4, 3.0]","[-25.8, 3.3, 11.9]","[0.0, 1.5, 10.5]","[61.6, 79.9, 91.8]","[0.0, 27.9, 95.1]","[13.3, 28.1, 50.0]","[46.8, 70.2, 126.0]","[39.8, 185.7, 267.5]","[4.5, 68.8, 98.8]"
2025-03-01,3.4,-2.7,0.3,0.6,-6.7,-3.0,-2.5,82.1,0.31,25.0,"['rain', 'snow']",0.0,1.5,46.8,14.8,317.1,1027.9,73.5,17.2,81.0,7.0,5.0,14.8,10.3,06:30:35,17:31:09,"[-6.8, 3.6, 8.2]","[-17.8, -2.5, 3.9]","[-27.7, 3.6, 8.2]","[0.0, 2.5, 11.5]","[64.5, 82.0, 96.6]","[0.0, 27.1, 93.9]","[14.0, 28.4, 49.0]","[50.4, 68.4, 122.4]","[13.5, 180.2, 275.6]","[2.7, 76.1, 100.0]"
2025-03-02,5.2,-1.1,1.2,2.7,-5.5,-1.9,-2.9,74.9,0.038,4.17,"['rain', 'snow']",0.1,2.8,57.6,13.5,356.6,1031.5,59.0,21.8,124.6,10.7,5.0,13.5,10.3,06:28:34,17:32:46,"[-7.4, 3.4, 10.4]","[-15.4, -3.3, 3.0]","[-23.7, 3.4, 10.4]","[0.0, 0.9, 9.8]","[56.7, 77.0, 91.2]","[2.8, 36.6, 91.7]","[14.4, 27.0, 44.3]","[46.8, 72.7, 126.0]","[44.3, 190.6, 283.3]","[13.3, 65.8, 97.9]"
2025-03-03,7.1,-2.0,1.6,5.2,-5.7,-1.2,-2.4,75.9,0.038,8.33,"['rain', 'snow']",0.0,2.8,57.6,13.3,296.6,1029.8,63.5,20.4,148.7,12.8,6.0,13.3,9.4,06:26:32,17:34:24,"[-6.4, 3.5, 12.2]","[-14.5, -3.1, 2.7]","[-22.5, 3.5, 12.2]","[0.0, 1.0, 9.6]","[60.4, 77.4, 95.4]","[2.7, 36.3, 90.1]","[13.0, 28.4, 46.4]","[43.2, 73.8, 111.6]","[37.3, 192.1, 268.2]","[20.9, 73.6, 97.8]"
2025-03-04,9.9,-3.6,2.3,8.1,-7.4,-0.7,-6.0,58.3,0.0,0.0,,0.0,2.6,43.2,14.4,277.0,1028.1,66.4,30.2,145.1,12.6,6.0,14.4,11.1,06:24:29,17:36:01,"[-1.8, 3.7, 14.6]","[-13.9, -2.9, 5.6]","[-19.2, 3.7, 14.6]","[0.0, 1.4, 6.5]","[57.3, 77.5, 92.8]","[2.5, 36.5, 90.3]","[11.5, 25.6, 55.8]","[39.6, 65.2, 108.0]","[28.3, 171.2, 282.8]","[8.8, 74.0, 99.6]"
2025-03-05,14.8,-2.7,5.2,14.8,-7.5,2.6,-5.1,49.1,0.0,0.0,,0.0,2.6,46.8,17.9,250.0,1027.7,24.4,35.2,164.7,14.2,6.0,17.9,14.1,06:22:26,17:37:37,"[-5.2, 3.5, 12.4]","[-12.4, -3.7, 4.8]","[-19.3, 3.5, 12.4]","[0.0, 0.9, 7.0]","[48.5, 75.2, 92.8]","[2.5, 36.5, 90.7]","[15.1, 28.1, 56.9]","[43.2, 70.9, 111.6]","[34.5, 169.1, 333.4]","[1.2, 63.1, 96.8]"
2025-03-06,17.3,1.3,8.9,17.3,-2.2,7.0,-2.6,47.8,0.0,0.0,,0.0,2.5,61.2,28.3,209.6,1024.5,0.6,34.3,172.5,14.8,6.0,28.3,18.5,06:20:22,17:39:14,"[-5.6, 3.0, 13.9]","[-16.0, -3.5, 3.0]","[-23.3, 3.0, 13.9]","[0.0, 1.1, 10.4]","[61.6, 75.6, 92.7]","[2.5, 36.3, 94.7]","[14.8, 29.2, 49.0]","[39.6, 69.1, 133.2]","[33.1, 177.3, 282.5]","[10.5, 60.1, 99.7]"
2025-03-07,17.7,4.6,9.6,17.7,1.4,7.8,-3.9,40.4,0.0,0.0,,0.0,0.6,61.2,21.0,243.0,1021.0,34.4,34.0,167.3,14.3,6.0,21.0,15.7,06:18:17,17:40:50,"[-5.3, 4.3, 18.1]","[-10.8, -2.6, 5.7]","[-16.8, 4.3, 18.1]","[0.0, 1.3, 15.6]","[54.8, 75.8, 94.6]","[2.4, 36.2, 102.3]","[13.0, 27.0, 50.4]","[39.6, 62.6, 100.8]","[74.0, 189.4, 254.0]","[7.9, 67.6, 100.0]"
2025-03-08,17.9,1.1,8.7,17.9,-1.7,7.3,-3.8,44.0,0.0,0.0,,0.0,0.5,36.0,12.4,82.4,1017.0,26.9,30.7,160.2,13.8,6.0,12.4,9.8,06:16:12,17:42:26,"[-1.6, 4.4, 10.8]","[-13.5, -2.7, 3.8]","[-19.5, 4.4, 10.8]","[0.0, 1.5, 10.1]","[49.4, 77.9, 96.1]","[2.1, 36.1, 105.3]","[13.0, 23.8, 40.0]","[39.6, 58.7, 93.6]","[76.4, 194.0, 283.3]","[16.2, 65.0, 99.2]"
2025-03-09,17.2,4.6,10.0,17.2,1.7,8.3,-4.3,39.0,0.0,0.0,,0.0,0.5,53.0,25.7,123.1,1010.2,73.1,27.4,143.1,12.3,7.0,25.7,17.1,06:14:06,17:44:01,"[-4.0, 4.3, 10.1]","[-10.9, -2.9, 1.7]","[-18.8, 4.3, 10.1]","[0.0, 1.9, 11.4]","[44.8, 78.0, 99.0]","[1.9, 36.3, 106.5]","[10.4, 25.6, 50.8]","[39.6, 62.6, 111.6]","[25.4, 171.8, 263.1]","[2.5, 65.1, 100.0]"
2025-03-10,16.0,4.3,10.0,16.0,0.2,8.2,1.9,58.6,2.486,20.83,['rain'],0.0,0.5,70.1,33.6,176.2,1002.1,69.6,26.6,140.9,12.3,6.0,33.6,24.1,06:12:00,17:45:37,"[-5.4, 5.0, 11.2]","[-12.8, -2.1, 1.5]","[-20.2, 5.0, 11.2]","[0.0, 1.9, 12.3]","[53.4, 77.3, 96.5]","[1.9, 35.8, 105.9]","[14.0, 27.4, 48.6]","[46.8, 64.4, 86.4]","[47.7, 191.4, 263.4]","[9.7, 68.7, 99.5]"
2025-03-11,10.6,6.7,8.3,10.6,3.4,6.1,5.2,81.3,1.422,12.5,['rain'],0.0,0.4,45.7,22.1,208.7,1002.6,92.9,21.1,102.9,8.9,4.0,22.1,16.3,06:09:54,17:47:12,"[-2.5, 5.4, 13.1]","[-9.7, -1.5, 4.5]","[-18.0, 5.4, 13.1]","[0.0, 1.7, 11.2]","[45.8, 77.8, 97.5]","[1.8, 35.2, 105.5]","[15.1, 30.6, 54.0]","[39.6, 71.3, 115.2]","[12.5, 192.4, 297.1]","[0.0, 73.3, 100.0]"
2025-03-12,12.9,2.9,8.9,12.9,-0.5,7.6,4.4,75.1,51.518,16.67,['rain'],0.0,0.4,51.1,27.6,169.8,998.9,68.1,26.7,111.5,9.7,6.0,27.6,18.5,06:07:47,17:48:47,"[-3.4, 5.7, 16.1]","[-8.7, -0.9, 7.7]","[-16.8, 5.7, 16.1]","[0.0, 1.7, 9.8]","[38.9, 76.6, 96.9]","[1.5, 35.1, 106.2]","[16.9, 29.2, 45.0]","[39.6, 78.1, 241.2]","[30.4, 195.9, 275.8]","[11.0, 74.1, 100.0]"
2025-03-13,10.6,2.2,6.4,10.6,-0.4,3.9,4.3,86.5,6.973,58.33,['rain'],0.0,0.1,68.4,21.5,307.0,994.5,98.4,18.3,28.8,2.5,2.0,21.5,15.3,06:05:40,17:50:21,"[-6.0, 5.7, 15.1]","[-10.2, -0.9, 4.9]","[-20.4, 5.7, 15.1]","[0.0, 1.3, 7.0]","[37.8, 74.3, 96.3]","[1.3, 35.1, 105.3]","[11.5, 29.2, 42.5]","[43.2, 67.3, 115.2]","[12.7, 188.2, 299.3]","[0.1, 71.8, 100.0]"
2025-03-14,3.3,0.8,1.9,0.2,-3.9,-1.7,0.8,92.3,11.701,62.5,"['rain', 'snow']",0.8,0.1,46.8,19.3,359.3,1006.1,96.7,9.3,24.8,2.1,1.0,19.3,13.5,06:03:33,17:51:56,"[-5.0, 5.2, 16.1]","[-8.0, -1.4, 6.4]","[-17.8, 5.2, 16.1]","[0.0, 1.3, 5.1]","[35.1, 78.0, 97.4]","[1.2, 35.0, 101.8]","[12.2, 28.1, 46.8]","[43.2, 66.6, 108.0]","[14.8, 181.0, 274.0]","[3.7, 69.1, 100.0]"
2025-03-15,1.4,-0.4,0.8,-3.9,-6.0,-4.7,-1.2,86.4,8.448,29.17,"['rain', 'snow']",0.7,0.1,58.9,26.3,42.7,1014.5,96.3,14.6,67.9,6.0,4.0,26.3,23.7,06:01:25,17:53:30,"[-4.2, 5.0, 12.6]","[-7.9, -1.3, 4.7]","[-17.6, 5.0, 12.6]","[0.0, 1.5, 11.7]","[40.0, 78.3, 94.9]","[0.9, 34.8, 97.2]","[13.7, 24.5, 39.2]","[39.6, 63.0, 93.6]","[27.8, 166.9, 284.2]","[21.3, 74.2, 99.6]"
2025-03-16,2.8,-2.2,-0.1,-1.3,-7.4,-4.9,-3.3,79.2,0.0,0.0,,0.0,0.5,54.0,22.6,36.9,1016.5,44.9,23.3,179.2,15.4,7.0,22.6,17.4,05:59:17,17:55:04,"[-2.6, 6.0, 12.6]","[-8.7, -0.5, 5.1]","[-15.1, 6.0, 12.6]","[0.0, 2.4, 10.8]","[41.4, 80.8, 95.3]","[0.9, 34.2, 91.1]","[15.5, 26.6, 51.5]","[39.6, 64.8, 100.8]","[32.0, 190.5, 299.5]","[13.8, 75.7, 98.8]"
2025-03-17,0.0,-4.7,-2.1,-4.6,-10.0,-7.5,-6.0,75.5,0.124,29.17,"['rain', 'snow']",1.3,0.7,67.3,32.0,0.1,1022.9,69.6,22.8,72.1,6.1,4.0,32.0,19.5,05:57:09,17:56:38,"[-3.2, 7.8, 17.1]","[-10.9, -0.6, 6.4]","[-18.8, 7.8, 17.1]","[0.0, 1.1, 5.6]","[52.7, 77.6, 95.7]","[0.3, 32.3, 76.8]","[14.0, 27.7, 39.2]","[54.0, 67.3, 90.0]","[20.8, 196.8, 268.6]","[2.7, 60.7, 100.0]"
2025-03-18,2.5,-7.3,-2.3,0.7,-11.8,-5.6,-8.3,65.8,0.069,4.17,['snow'],0.0,0.8,43.2,9.8,1.1,1032.6,8.2,40.1,199.8,17.2,7.0,9.8,8.4,05:55:01,17:58:12,"[-6.4, 7.5, 17.7]","[-9.9, 0.0, 5.1]","[-20.3, 7.5, 17.7]","[0.0, 1.9, 10.7]","[55.3, 75.0, 96.3]","[0.0, 31.0, 78.1]","[16.9, 27.4, 41.4]","[43.2, 68.4, 108.0]","[51.7, 203.4, 309.2]","[9.6, 67.2, 100.0]"
2025-03-19,8.1,-5.1,1.1,5.8,-9.5,-2.5,-7.6,55.2,0.0,0.0,,0.0,0.3,39.6,16.1,241.2,1032.2,0.2,42.9,211.3,18.1,7.0,16.1,12.5,05:52:52,17:59:45,"[-6.2, 5.8, 16.1]","[-9.6, -1.4, 6.1]","[-18.6, 5.8, 16.1]","[0.0, 1.6, 7.5]","[49.0, 75.7, 90.4]","[0.0, 31.1, 78.5]","[16.9, 26.3, 40.7]","[28.8, 61.6, 97.2]","[23.9, 182.5, 269.4]","[0.9, 67.6, 100.0]"
2025-03-20,10.7,-2.3,3.8,10.7,-7.3,0.2,-6.6,48.3,30.323,4.17,"['rain', 'snow']",0.0,0.2,50.4,23.8,216.0,1029.0,0.0,44.4,211.8,18.3,7.0,23.8,17.8,05:50:44,18:01:19,"[-3.2, 5.4, 15.2]","[-8.7, -1.6, 8.0]","[-14.1, 5.4, 15.2]","[0.0, 1.5, 18.7]","[44.3, 75.0, 98.5]","[0.0, 31.5, 79.5]","[11.5, 23.8, 35.6]","[43.2, 58.3, 75.6]","[33.4, 187.3, 256.4]","[4.0, 63.0, 100.0]"
2025-03-21,13.9,-1.5,6.2,13.9,-5.2,4.6,-3.7,51.8,0.0,0.0,,0.0,0.2,43.2,15.8,237.0,1023.3,12.9,38.7,207.9,18.0,7.0,15.8,9.8,05:48:35,18:02:52,"[-2.4, 6.2, 17.6]","[-8.6, -1.5, 7.5]","[-17.3, 6.2, 17.6]","[0.0, 1.4, 8.6]","[43.0, 74.0, 97.1]","[0.0, 31.2, 78.8]","[11.5, 25.6, 49.7]","[39.6, 63.0, 118.8]","[19.9, 195.1, 302.8]","[8.9, 65.9, 100.0]"
2025-03-22,13.9,0.1,7.2,13.9,-2.5,5.8,-1.9,54.5,0.0,0.0,,0.0,0.1,39.6,18.8,100.4,1014.8,29.4,31.5,203.1,17.4,7.0,18.8,11.7,05:46:26,18:04:25,"[-3.0, 5.8, 18.2]","[-9.3, -1.7, 6.1]","[-15.9, 5.8, 18.2]","[0.0, 1.9, 17.2]","[41.1, 73.6, 93.1]","[0.0, 30.8, 78.1]","[12.2, 23.0, 36.7]","[39.6, 59.0, 108.0]","[35.0, 168.9, 272.6]","[4.0, 65.0, 100.0]"
2025-03-23,12.2,5.6,8.7,12.2,2.3,6.9,5.0,77.9,3.646,25.0,['rain'],0.0,0.0,75.6,29.9,142.4,1008.4,91.1,23.8,102.1,8.9,6.0,29.9,19.8,05:44:18,18:05:58,"[-5.5, 7.1, 18.1]","[-11.3, -1.6, 6.7]","[-20.9, 7.1, 18.1]","[0.0, 1.8, 14.8]","[36.6, 74.1, 96.6]","[0.0, 30.2, 80.4]","[16.6, 23.4, 38.5]","[39.6, 61.6, 100.8]","[31.7, 180.0, 302.4]","[7.0, 65.3, 97.9]"
2025-03-24,11.8,5.9,8.6,11.8,3.9,7.1,6.7,88.3,6.281,25.0,['rain'],0.0,0.1,61.7,15.8,276.8,1011.4,89.8,11.1,121.4,10.4,6.0,15.8,10.4,05:42:09,18:07:31,"[-3.5, 7.0, 14.8]","[-12.1, -0.9, 5.4]","[-21.8, 7.0, 14.8]","[0.0, 1.9, 20.1]","[43.5, 72.6, 98.4]","[0.3, 29.6, 81.8]","[14.4, 24.1, 40.7]","[39.6, 63.0, 93.6]","[28.6, 165.8, 302.2]","[0.7, 57.1, 100.0]"
2025-03-25,12.9,4.6,8.3,12.9,3.0,7.5,3.9,75.5,0.555,12.5,['rain'],0.0,0.0,22.7,9.6,352.4,1017.4,53.3,16.3,208.7,18.0,7.0,9.6,7.2,05:40:00,18:09:04,"[-4.5, 7.6, 16.6]","[-7.8, -1.4, 3.4]","[-17.0, 7.6, 16.6]","[0.0, 1.2, 14.7]","[49.3, 71.0, 94.2]","[0.8, 29.1, 83.6]","[13.0, 26.6, 41.0]","[43.2, 67.0, 97.2]","[14.7, 196.5, 332.0]","[10.0, 59.5, 100.0]"
2025-03-26,12.4,2.8,7.5,12.4,-0.1,6.2,3.8,78.3,0.114,4.17,['rain'],0.0,0.0,39.6,17.7,347.9,1017.6,52.0,15.3,182.6,15.7,7.0,17.7,10.4,05:37:52,18:10:37,"[-4.4, 7.1, 16.0]","[-6.5, -0.4, 7.6]","[-15.3, 7.1, 16.0]","[0.0, 1.2, 9.8]","[56.7, 74.9, 95.2]","[0.3, 28.2, 83.7]","[13.7, 27.0, 46.8]","[39.6, 61.6, 97.2]","[27.0, 170.8, 302.3]","[3.8, 68.5, 100.0]"
2025-03-27,7.5,5.2,6.2,4.3,1.7,2.9,2.9,79.8,0.133,8.33,['rain'],0.0,0.0,46.8,20.6,23.4,1019.1,90.7,15.6,149.8,12.9,7.0,20.6,17.2,05:35:43,18:12:09,"[-2.2, 9.0, 16.9]","[-7.2, -0.5, 3.8]","[-15.7, 9.0, 16.9]","[0.0, 0.9, 3.8]","[52.4, 72.5, 94.2]","[0.0, 27.3, 83.0]","[13.0, 23.4, 37.1]","[39.6, 64.4, 129.6]","[23.8, 168.7, 284.9]","[3.3, 58.3, 100.0]"
2025-03-28,13.0,3.2,7.9,13.0,-0.7,5.5,3.4,74.1,0.0,0.0,,0.0,0.0,47.1,26.4,44.0,1012.9,76.1,14.0,195.7,16.7,7.0,26.4,18.6,05:33:35,18:13:42,"[-0.2, 9.7, 17.7]","[-4.9, 0.8, 5.9]","[-9.6, 9.7, 17.7]","[0.0, 0.9, 11.0]","[46.6, 72.3, 91.9]","[0.0, 26.3, 79.5]","[11.9, 24.1, 49.0]","[39.6, 61.9, 118.8]","[30.3, 191.5, 260.0]","[2.1, 59.1, 96.8]"
2025-03-29,12.8,7.4,9.9,12.8,6.3,9.2,6.3,78.9,0.385,41.67,['rain'],0.0,0.0,43.2,17.8,1.2,1008.3,95.7,12.5,64.5,5.7,3.0,17.8,10.5,05:31:26,18:15:14,"[2.1, 9.8, 17.1]","[-2.9, 1.3, 5.0]","[-8.5, 9.8, 17.1]","[0.0, 2.2, 20.5]","[57.5, 74.7, 97.3]","[0.0, 25.3, 74.0]","[12.2, 24.8, 38.9]","[43.2, 67.7, 118.8]","[62.8, 206.6, 285.0]","[3.7, 62.9, 97.9]"
2025-03-30,9.8,5.6,7.9,8.2,3.2,5.8,4.0,77.2,0.475,25.0,['rain'],0.0,0.0,50.1,17.4,317.1,1011.1,95.4,12.1,76.3,6.3,6.0,17.4,12.1,06:29:18,19:16:46,"[0.4, 10.9, 16.4]","[-5.5, 0.9, 7.0]","[-12.0, 10.9, 16.4]","[0.0, 1.9, 12.6]","[53.5, 70.9, 91.0]","[0.0, 24.6, 74.3]","[11.9, 22.0, 39.2]","[43.2, 58.3, 90.0]","[48.3, 198.6, 278.7]","[0.0, 57.0, 100.0]"
2025-03-31,6.8,3.5,5.3,3.8,1.3,2.7,2.1,80.1,1.414,29.17,['rain'],0.0,0.0,43.2,19.0,342.6,1014.9,86.6,24.0,109.6,9.5,5.0,19.0,12.6,06:27:10,19:18:19,"[0.6, 11.1, 20.0]","[-7.0, 1.2, 6.3]","[-12.3, 11.1, 20.0]","[0.0, 2.2, 19.6]","[53.7, 71.7, 98.0]","[0.0, 24.4, 72.1]","[14.4, 28.4, 55.4]","[36.0, 65.2, 108.0]","[53.0, 190.9, 275.1]","[1.5, 53.4, 100.0]"
2025-04-01,5.6,3.7,4.8,2.6,-1.1,1.0,2.3,83.9,1.535,4.17,['rain'],0.0,0.0,54.4,24.8,18.9,1022.7,92.5,13.4,63.5,5.3,2.0,24.8,18.6,06:25:03,19:19:51,"[-0.2, 9.8, 19.8]","[-6.7, 0.7, 8.0]","[-11.9, 9.8, 19.8]","[0.0, 1.2, 8.4]","[50.2, 68.9, 97.2]","[0.0, 23.7, 67.7]","[14.0, 24.8, 41.4]","[43.2, 61.2, 86.4]","[29.6, 172.4, 285.8]","[0.0, 51.3, 100.0]"
2025-04-02,11.3,4.4,7.1,11.3,0.9,4.7,3.3,77.8,0.0,0.0,,0.0,0.0,54.0,20.1,15.8,1022.3,74.9,15.3,96.2,8.3,3.0,20.1,15.4,06:22:55,19:21:23,"[0.1, 10.0, 21.1]","[-5.8, 0.5, 9.1]","[-10.3, 10.0, 21.1]","[0.0, 1.2, 9.5]","[45.4, 67.4, 94.6]","[0.0, 22.9, 64.3]","[13.0, 24.5, 42.5]","[41.8, 59.0, 86.4]","[58.6, 174.4, 267.0]","[0.6, 49.8, 100.0]"
2025-04-03,14.6,3.8,9.0,14.6,0.6,7.6,0.7,57.6,0.0,0.0,,0.0,0.0,57.6,23.3,27.5,1023.5,4.7,36.5,232.3,20.0,7.0,23.3,15.5,06:20:48,19:22:55,"[-1.2, 11.2, 18.8]","[-4.4, 0.9, 7.4]","[-10.9, 11.2, 18.8]","[0.0, 1.1, 8.0]","[49.8, 69.2, 91.0]","[0.0, 21.8, 60.8]","[7.6, 24.1, 46.8]","[39.6, 59.0, 86.4]","[28.1, 196.0, 309.1]","[2.8, 55.1, 99.5]"
2025-04-04,17.3,2.6,10.0,17.3,-0.2,9.0,2.4,61.7,0.0,0.0,,0.0,0.0,39.6,10.9,4.4,1020.6,8.8,37.8,242.1,20.9,7.0,10.9,8.8,06:18:42,19:24:28,"[1.2, 11.4, 21.4]","[-3.9, 1.9, 8.3]","[-10.6, 11.4, 21.4]","[0.0, 0.8, 8.6]","[43.9, 68.3, 89.2]","[0.0, 20.6, 57.6]","[15.8, 25.2, 38.5]","[39.6, 59.8, 97.2]","[21.8, 165.5, 241.7]","[4.0, 56.2, 99.0]"
2025-04-05,9.3,0.0,5.6,6.6,-5.9,2.1,-0.6,66.0,0.023,4.17,"['rain', 'snow']",0.0,0.0,54.3,28.9,352.7,1012.5,69.9,31.9,187.7,16.2,8.0,28.9,18.7,06:16:35,19:26:00,"[0.6, 9.7, 23.0]","[-5.1, 2.0, 8.0]","[-11.0, 9.7, 23.0]","[0.0, 2.1, 16.1]","[45.5, 73.4, 96.3]","[0.0, 20.8, 54.6]","[12.6, 25.6, 44.6]","[39.6, 60.8, 82.8]","[37.2, 168.1, 276.8]","[10.0, 70.2, 100.0]"
2025-04-06,0.4,-2.9,-1.6,-5.0,-9.4,-7.5,-8.9,57.7,0.076,4.17,['snow'],0.0,0.0,57.0,29.3,352.0,1020.3,90.6,26.3,82.2,7.1,4.0,29.3,22.3,06:14:29,19:27:32,"[-1.9, 7.8, 16.3]","[-5.9, 1.4, 7.8]","[-13.4, 7.8, 16.3]","[0.0, 2.3, 10.4]","[45.1, 77.1, 94.4]","[0.0, 21.0, 52.0]","[15.5, 24.1, 33.8]","[39.6, 54.7, 79.2]","[44.5, 208.2, 322.1]","[56.8, 77.5, 99.9]"
2025-04-07,3.1,-1.9,0.6,-0.2,-6.3,-3.2,-4.1,71.1,0.421,54.17,"['rain', 'snow']",0.3,0.1,45.0,18.0,347.6,1022.5,94.6,26.2,80.4,7.0,4.0,18.0,12.9,06:12:24,19:29:04,"[-0.9, 10.1, 19.6]","[-6.9, 1.0, 9.1]","[-14.1, 10.1, 19.6]","[0.0, 1.2, 10.9]","[33.9, 72.0, 91.5]","[0.0, 20.2, 48.1]","[11.5, 24.1, 42.8]","[39.6, 60.5, 90.0]","[67.5, 200.2, 298.8]","[10.4, 64.9, 98.6]"
2025-04-08,7.3,-0.2,3.6,4.1,-3.9,0.6,-2.1,69.0,0.371,37.5,"['rain', 'snow']",0.1,0.0,46.8,22.7,339.4,1024.4,72.0,29.2,130.6,11.4,6.0,22.7,12.9,06:10:19,19:30:36,"[-2.6, 10.2, 19.6]","[-6.3, 1.2, 7.5]","[-14.0, 10.2, 19.6]","[0.0, 2.1, 10.8]","[33.5, 68.3, 89.9]","[0.0, 19.2, 45.4]","[10.4, 27.0, 43.2]","[39.6, 65.2, 100.8]","[31.7, 204.8, 335.6]","[8.0, 59.3, 98.7]"
2025-04-09,10.4,-3.2,3.8,10.4,-7.1,1.3,-5.4,54.8,0.0,0.0,,0.0,0.0,32.4,15.5,322.3,1021.6,48.7,41.7,261.5,22.7,8.0,15.5,10.4,06:08:14,19:32:08,"[-0.2, 11.1, 21.9]","[-6.7, 1.5, 12.4]","[-13.3, 11.1, 21.9]","[0.0, 2.5, 17.9]","[39.5, 69.8, 95.6]","[0.0, 18.2, 43.4]","[14.0, 25.9, 46.4]","[43.2, 62.3, 97.2]","[18.0, 196.9, 326.0]","[7.1, 61.3, 100.0]"
2025-04-10,6.4,0.5,4.2,2.8,-5.0,0.5,-4.7,53.8,1.114,20.83,"['rain', 'snow']",0.0,0.0,55.4,25.5,340.7,1020.0,85.0,39.7,238.4,20.7,8.0,25.5,18.0,06:06:10,19:33:40,"[3.5, 10.3, 17.7]","[-4.6, 2.1, 9.0]","[-9.5, 10.3, 17.7]","[0.0, 2.0, 9.7]","[45.8, 71.7, 94.8]","[0.0, 17.3, 40.9]","[11.9, 25.2, 36.7]","[43.2, 63.0, 97.2]","[39.2, 178.6, 295.9]","[4.1, 66.0, 100.0]"
2025-04-11,9.9,2.8,6.3,7.2,-2.2,2.8,1.0,69.3,0.024,8.33,['rain'],0.0,0.0,54.0,25.4,324.7,1015.1,88.8,24.9,214.3,18.5,8.0,25.4,19.2,06:04:07,19:35:12,"[2.6, 10.9, 20.4]","[-1.0, 2.4, 7.3]","[-6.9, 10.9, 20.4]","[0.0, 1.3, 8.7]","[49.0, 74.3, 96.3]","[0.0, 16.5, 40.7]","[14.4, 24.8, 42.8]","[39.6, 65.9, 115.2]","[28.8, 143.0, 282.1]","[6.3, 71.4, 100.0]"
2025-04-12,14.4,5.6,9.0,14.4,3.6,7.8,3.7,70.8,0.0,0.0,,0.0,0.0,40.9,15.7,332.9,1016.8,70.8,28.1,167.4,14.3,6.0,15.7,9.1,06:02:04,19:36:44,"[2.3, 11.9, 22.8]","[-3.8, 2.3, 7.6]","[-7.8, 11.9, 22.8]","[0.0, 0.8, 6.9]","[51.4, 72.6, 87.2]","[0.0, 15.7, 40.5]","[14.0, 25.2, 43.2]","[36.0, 61.6, 86.4]","[33.0, 154.9, 265.8]","[10.0, 62.2, 100.0]"
2025-04-13,16.9,4.7,11.4,16.9,0.6,10.1,3.7,61.2,0.0,0.0,,0.0,0.0,62.0,31.9,179.2,1011.7,62.4,39.0,183.5,15.7,8.0,31.9,22.3,06:00:02,19:38:16,"[1.1, 11.4, 18.4]","[-1.6, 2.7, 10.3]","[-8.0, 11.4, 18.4]","[0.0, 2.0, 16.0]","[53.0, 74.1, 94.0]","[0.0, 15.2, 40.5]","[10.4, 24.1, 35.3]","[36.0, 57.6, 82.8]","[38.0, 176.6, 292.5]","[1.7, 66.1, 100.0]"
2025-04-14,18.5,8.0,13.5,18.5,6.1,13.2,6.5,63.5,0.0,0.0,,0.0,0.0,43.2,18.2,151.4,1011.8,64.7,39.3,227.6,19.7,7.0,18.2,14.0,05:58:00,19:39:48,"[2.2, 10.9, 19.2]","[-1.5, 3.1, 7.2]","[-6.7, 10.9, 19.2]","[0.0, 3.3, 18.4]","[44.8, 72.1, 95.2]","[0.0, 15.0, 41.0]","[14.4, 24.5, 34.9]","[46.8, 57.6, 75.6]","[17.9, 167.0, 328.0]","[1.7, 61.3, 99.2]"
2025-04-15,13.9,10.4,12.1,13.9,10.4,12.1,8.8,80.0,0.305,37.5,['rain'],0.0,0.0,61.2,29.6,136.5,1008.8,97.9,24.1,85.0,7.3,5.0,29.6,21.0,05:56:00,19:41:20,"[0.9, 12.3, 21.9]","[-2.5, 2.9, 6.9]","[-8.1, 12.3, 21.9]","[0.0, 2.3, 15.5]","[46.2, 70.8, 95.4]","[0.0, 14.1, 45.2]","[14.0, 24.1, 36.0]","[39.6, 54.0, 68.4]","[40.7, 173.9, 328.2]","[3.2, 59.0, 100.0]"
2025-04-16,22.2,12.1,17.1,22.2,12.1,17.1,9.4,62.4,0.0,0.0,,0.0,0.0,72.0,27.6,174.5,1011.0,42.0,36.5,260.6,22.6,8.0,27.6,23.7,05:54:00,19:42:52,"[2.6, 12.0, 19.1]","[-0.8, 3.1, 12.2]","[-4.9, 12.0, 19.1]","[0.0, 2.4, 13.7]","[45.8, 70.1, 89.5]","[0.0, 13.4, 48.6]","[14.4, 24.8, 32.8]","[43.2, 55.8, 72.0]","[57.6, 181.8, 289.5]","[5.4, 59.6, 100.0]"
2025-04-17,23.7,15.2,19.2,23.7,15.2,19.2,7.6,48.3,0.099,12.5,['rain'],0.0,0.0,63.2,29.9,161.3,1011.3,77.6,37.6,194.4,16.9,7.0,29.9,22.8,05:52:00,19:44:24,"[3.7, 11.9, 19.7]","[-1.5, 3.1, 8.8]","[-6.5, 11.9, 19.7]","[0.0, 1.0, 4.3]","[46.1, 70.8, 87.7]","[0.0, 12.6, 48.0]","[16.2, 23.4, 37.1]","[39.6, 58.3, 97.2]","[33.9, 159.8, 273.0]","[17.2, 61.4, 99.9]"
2025-04-18,16.0,9.1,13.1,16.0,6.6,12.7,10.4,83.7,7.945,58.33,['rain'],0.0,0.0,57.6,26.1,154.6,1010.1,92.1,23.0,79.3,7.0,3.0,26.1,16.9,05:50:02,19:45:55,"[2.7, 12.4, 21.3]","[-2.5, 2.7, 8.8]","[-8.0, 12.4, 21.3]","[0.0, 1.5, 10.4]","[52.8, 70.9, 89.6]","[0.0, 11.6, 45.2]","[14.0, 21.2, 29.2]","[39.6, 52.2, 68.4]","[40.8, 156.7, 308.0]","[5.9, 60.7, 100.0]"
2025-04-19,15.6,6.3,10.8,15.6,3.6,9.6,6.0,73.9,0.008,4.17,['rain'],0.0,0.0,43.2,21.5,197.0,1012.4,55.9,35.9,192.9,16.7,8.0,21.5,16.4,05:48:04,19:47:27,"[0.5, 12.1, 20.2]","[-2.0, 3.1, 7.6]","[-9.3, 12.1, 20.2]","[0.0, 1.5, 12.0]","[48.1, 72.2, 91.9]","[0.0, 10.7, 41.8]","[15.5, 24.5, 39.6]","[36.0, 53.3, 72.0]","[10.8, 140.2, 287.3]","[0.4, 60.0, 100.0]"
2025-04-20,18.6,6.9,13.0,18.6,3.9,12.1,6.4,66.5,0.0,0.0,,0.0,0.0,47.8,22.2,191.2,1009.0,44.8,46.9,225.5,19.4,9.0,22.2,16.1,05:46:07,19:48:59,"[0.7, 12.7, 20.4]","[-2.1, 3.4, 9.4]","[-8.4, 12.7, 20.4]","[0.0, 1.0, 8.1]","[42.5, 68.8, 91.1]","[0.0, 9.5, 38.0]","[10.8, 22.7, 39.6]","[32.4, 57.2, 82.8]","[13.7, 143.7, 300.1]","[10.0, 56.4, 96.4]"
2025-04-21,20.2,7.9,14.3,20.2,6.4,13.8,8.4,70.0,0.0,0.0,,0.0,0.0,22.7,12.5,287.5,1009.5,77.8,39.2,252.2,21.8,8.0,12.5,8.2,05:44:11,19:50:30,"[4.7, 13.5, 24.4]","[-4.3, 2.5, 8.6]","[-10.4, 13.5, 24.4]","[0.0, 0.3, 3.6]","[45.5, 64.1, 88.9]","[0.0, 8.2, 34.3]","[10.8, 21.2, 34.2]","[43.2, 56.9, 82.8]","[28.7, 150.2, 248.0]","[3.3, 43.6, 86.7]"
2025-04-22,19.7,9.5,14.5,19.7,8.1,14.4,8.4,69.3,0.075,12.5,['rain'],0.0,0.0,36.0,14.2,349.6,1015.2,56.8,31.3,275.3,23.6,8.0,14.2,9.6,05:42:16,19:52:02,"[6.9, 13.9, 20.9]","[-4.6, 3.2, 10.0]","[-9.2, 13.9, 20.9]","[0.0, 1.6, 12.8]","[46.6, 65.1, 90.0]","[0.0, 7.1, 33.2]","[12.6, 19.8, 30.6]","[39.6, 53.6, 75.6]","[59.7, 158.8, 277.7]","[8.7, 45.3, 99.7]"
2025-04-23,20.7,8.2,14.5,20.7,6.9,14.2,7.3,64.5,0.608,8.33,['rain'],0.0,0.0,29.2,15.2,36.8,1015.1,51.3,32.9,217.4,19.0,9.0,15.2,10.8,05:40:22,19:53:33,"[4.7, 14.2, 21.6]","[-1.7, 3.8, 7.9]","[-4.6, 14.2, 21.6]","[0.0, 1.3, 6.4]","[46.1, 67.8, 88.0]","[0.0, 6.2, 32.8]","[14.0, 20.5, 25.9]","[25.2, 52.6, 82.8]","[43.5, 189.6, 300.6]","[20.8, 59.3, 94.6]"
2025-04-24,18.1,9.0,13.2,18.1,7.9,13.1,9.7,79.9,9.513,45.83,['rain'],0.0,0.0,43.2,16.6,11.2,1011.3,87.4,23.3,172.8,15.0,9.0,16.6,9.7,05:38:30,19:55:05,"[5.9, 14.3, 19.6]","[-1.2, 4.9, 11.2]","[-5.0, 14.3, 19.6]","[0.0, 2.2, 15.2]","[50.7, 69.9, 89.2]","[0.0, 5.1, 31.4]","[10.8, 22.3, 36.0]","[28.8, 56.9, 100.8]","[51.9, 192.6, 316.8]","[24.4, 65.9, 96.6]"
2025-04-25,11.6,8.2,10.0,11.6,4.8,8.6,8.9,92.6,4.703,70.83,['rain'],0.0,0.0,54.0,23.2,8.1,1013.5,99.1,11.0,45.3,4.1,2.0,23.2,16.1,05:36:38,19:56:36,"[4.7, 14.5, 22.2]","[-1.2, 5.1, 13.1]","[-5.7, 14.5, 22.2]","[0.0, 1.7, 8.8]","[54.2, 69.6, 94.2]","[0.0, 4.0, 30.4]","[13.7, 23.4, 39.2]","[43.2, 55.4, 82.8]","[45.2, 191.8, 291.1]","[12.0, 57.2, 98.8]"
2025-04-26,13.0,5.1,8.9,13.0,1.3,6.9,2.6,66.9,1.365,4.17,['rain'],0.0,0.0,54.0,25.7,26.1,1020.5,42.4,33.2,284.1,24.5,8.0,25.7,20.7,05:34:47,19:58:07,"[7.5, 15.4, 23.7]","[-4.1, 5.0, 9.8]","[-8.5, 15.4, 23.7]","[0.0, 1.5, 8.2]","[53.9, 70.4, 94.6]","[0.0, 3.0, 29.1]","[12.6, 23.0, 39.6]","[39.6, 59.0, 100.8]","[37.9, 181.1, 256.0]","[11.9, 58.8, 100.0]"
2025-04-27,14.1,2.5,8.4,14.1,-1.6,6.5,-1.6,52.1,0.0,0.0,,0.0,0.0,57.6,21.5,42.7,1026.1,6.6,44.3,300.3,26.0,9.0,21.5,17.2,05:32:57,19:59:38,"[3.1, 15.2, 24.1]","[-0.7, 5.3, 12.0]","[-4.2, 15.2, 24.1]","[0.0, 1.8, 18.6]","[43.1, 68.1, 94.4]","[0.0, 2.5, 27.3]","[12.6, 23.8, 49.0]","[39.6, 61.9, 140.4]","[46.7, 173.9, 253.8]","[11.9, 60.6, 100.0]"
2025-04-28,18.6,2.5,11.0,18.6,1.2,10.6,2.3,56.9,0.0,0.0,,0.0,0.0,32.4,17.9,262.0,1026.9,8.7,44.4,298.9,25.9,9.0,17.9,9.0,05:31:09,20:01:09,"[4.0, 15.6, 25.7]","[-2.2, 5.2, 11.1]","[-6.7, 15.6, 25.7]","[0.0, 3.9, 43.1]","[39.9, 67.8, 95.1]","[0.0, 2.0, 24.6]","[14.0, 23.8, 38.5]","[39.6, 61.9, 115.2]","[90.0, 201.6, 292.7]","[10.3, 56.5, 100.0]"
2025-04-29,20.4,5.7,13.3,20.4,4.0,12.8,5.2,60.0,0.0,0.0,,0.0,0.0,25.2,11.3,315.5,1024.4,33.4,40.1,308.8,26.7,9.0,11.3,8.4,05:29:22,20:02:39,"[7.2, 16.1, 25.7]","[-1.6, 6.0, 16.8]","[-5.4, 16.1, 25.7]","[0.0, 2.6, 30.8]","[36.2, 69.1, 96.7]","[0.0, 1.5, 21.5]","[14.0, 23.8, 49.7]","[43.2, 63.4, 118.8]","[78.1, 174.0, 318.9]","[18.0, 59.1, 100.0]"
2025-04-30,20.1,6.7,13.9,20.1,5.0,13.5,6.5,62.6,0.0,0.0,,0.0,0.0,25.6,11.6,352.4,1022.5,59.5,43.8,308.2,26.6,10.0,11.6,9.1,05:27:36,20:04:09,"[5.5, 16.9, 26.7]","[-0.2, 6.7, 13.7]","[-4.6, 16.9, 26.7]","[0.0, 2.9, 26.3]","[38.5, 67.6, 95.9]","[0.0, 1.1, 17.6]","[9.4, 22.7, 42.1]","[46.8, 60.1, 100.8]","[57.2, 152.1, 272.7]","[2.0, 58.0, 100.0]"
2025-05-01,20.1,7.2,14.1,20.1,5.6,13.7,6.4,62.5,0.0,0.0,,0.0,0.0,28.8,14.2,8.0,1021.4,25.2,42.7,280.4,24.2,9.0,14.2,9.5,05:25:51,20:05:39,"[7.7, 15.6, 27.6]","[-1.1, 6.2, 11.6]","[-6.0, 15.6, 26.9]","[0.0, 1.4, 8.0]","[48.0, 71.2, 95.0]","[0.0, 1.0, 14.8]","[13.0, 23.4, 43.2]","[32.4, 53.6, 72.0]","[43.7, 163.4, 247.2]","[14.6, 61.0, 92.5]"
2025-05-02,23.2,6.1,15.7,23.2,4.7,15.5,6.4,56.4,0.0,0.0,,0.0,0.0,39.6,20.6,232.8,1017.6,22.2,45.0,299.6,25.9,8.0,20.6,12.0,05:24:08,20:07:09,"[10.0, 16.3, 25.0]","[-2.3, 6.9, 12.8]","[-6.2, 16.3, 25.0]","[0.0, 2.4, 17.1]","[51.6, 71.7, 91.6]","[0.0, 0.7, 13.9]","[10.8, 23.0, 39.6]","[39.6, 52.6, 79.2]","[22.2, 158.0, 279.0]","[17.5, 59.2, 93.6]"
2025-05-03,24.3,12.8,17.4,24.3,12.8,17.4,9.6,62.3,4.78,33.33,['rain'],0.0,0.0,89.6,20.9,261.0,1009.7,60.3,37.8,206.0,17.6,7.0,20.9,14.1,05:22:26,20:08:38,"[5.5, 15.5, 26.5]","[-0.5, 6.6, 16.3]","[-6.4, 15.5, 26.5]","[0.0, 4.9, 35.8]","[45.3, 74.9, 96.5]","[0.0, 0.7, 13.4]","[11.9, 23.4, 37.1]","[39.6, 54.7, 108.0]","[77.2, 189.9, 268.0]","[3.4, 67.4, 99.2]"
2025-05-04,13.8,8.3,12.3,13.8,5.6,12.0,8.2,76.5,0.238,37.5,['rain'],0.0,0.0,46.8,18.8,296.6,1007.0,79.3,28.3,125.4,10.6,5.0,18.8,14.1,05:20:45,20:10:07,"[5.6, 15.0, 28.6]","[-3.1, 5.9, 11.4]","[-8.2, 15.0, 27.6]","[0.0, 3.2, 22.5]","[49.5, 76.7, 93.4]","[0.0, 0.6, 12.2]","[11.5, 23.0, 40.7]","[28.8, 51.1, 72.0]","[33.3, 182.7, 293.3]","[15.0, 71.0, 100.0]"
2025-05-05,8.9,6.0,7.3,5.8,2.5,3.8,2.5,71.8,0.06,12.5,['rain'],0.0,0.0,54.0,25.1,27.4,1012.7,95.5,27.6,110.5,9.7,3.0,25.1,21.2,05:19:06,20:11:36,"[5.1, 14.7, 24.4]","[0.1, 6.6, 12.1]","[-5.2, 14.7, 24.4]","[0.0, 2.9, 19.9]","[54.5, 74.7, 93.0]","[0.0, 0.7, 11.0]","[16.9, 23.8, 35.6]","[39.6, 57.2, 79.2]","[18.3, 143.6, 310.9]","[3.6, 72.5, 100.0]"
2025-05-06,10.1,5.0,7.3,10.1,1.5,4.6,3.0,74.6,0.148,25.0,['rain'],0.0,0.0,45.3,18.9,21.7,1014.6,98.5,20.3,109.3,9.6,3.0,18.9,15.9,05:17:29,20:13:04,"[6.5, 15.4, 26.6]","[-1.5, 6.3, 10.8]","[-4.6, 15.4, 26.6]","[0.0, 3.5, 17.8]","[49.3, 74.5, 94.0]","[0.0, 0.7, 10.1]","[12.2, 24.8, 33.1]","[43.2, 62.6, 75.6]","[38.9, 161.7, 284.8]","[5.1, 64.6, 100.0]"
2025-05-07,12.4,5.1,8.7,12.4,2.6,7.2,0.8,58.8,0.049,8.33,['rain'],0.0,0.0,43.2,20.9,22.7,1016.0,85.0,31.3,249.2,21.6,9.0,20.9,15.4,05:15:53,20:14:32,"[8.7, 15.2, 22.3]","[1.3, 6.4, 12.6]","[-2.0, 15.2, 22.3]","[0.0, 1.2, 9.0]","[52.2, 73.0, 88.5]","[0.0, 0.7, 9.4]","[11.2, 22.7, 34.2]","[46.8, 62.3, 90.0]","[44.5, 175.3, 272.9]","[1.7, 59.7, 95.6]"
2025-05-08,10.9,4.3,7.6,10.9,1.4,5.5,-2.2,50.5,0.0,0.0,,0.0,0.0,46.8,21.6,26.2,1016.0,72.4,42.6,261.5,22.6,9.0,21.6,16.8,05:14:18,20:15:59,"[6.9, 16.6, 25.6]","[-0.7, 5.6, 10.8]","[-4.3, 16.6, 25.6]","[0.0, 2.1, 16.0]","[58.9, 71.1, 83.7]","[0.0, 0.7, 8.1]","[11.9, 21.2, 36.0]","[43.2, 58.7, 82.8]","[46.3, 169.3, 268.8]","[12.5, 55.7, 91.2]"
2025-05-09,11.0,0.2,6.2,11.0,-1.8,4.6,-3.5,52.4,0.0,0.0,,0.0,0.0,41.0,18.0,26.6,1019.9,31.8,41.8,310.2,26.8,9.0,18.0,11.8,05:12:46,20:17:26,"[4.9, 17.0, 24.4]","[-0.7, 6.8, 14.6]","[-5.2, 17.0, 24.4]","[0.0, 1.5, 7.2]","[51.4, 70.9, 87.0]","[0.0, 0.4, 4.5]","[11.5, 22.3, 33.8]","[39.6, 58.7, 86.4]","[42.3, 163.0, 247.1]","[8.2, 56.2, 95.4]"
2025-05-10,14.4,1.7,8.0,14.4,-1.1,6.7,0.9,62.3,0.023,4.17,['rain'],0.0,0.0,39.6,16.8,288.8,1020.4,78.7,38.6,236.6,20.5,10.0,16.8,11.6,05:11:15,20:18:52,"[9.1, 17.8, 23.7]","[-2.3, 7.0, 11.5]","[-5.7, 17.8, 23.7]","[0.0, 0.9, 5.7]","[37.8, 69.8, 87.7]","[0.0, 0.2, 3.5]","[11.9, 23.0, 36.7]","[39.6, 59.4, 97.2]","[65.6, 201.1, 291.3]","[16.3, 54.8, 91.5]"
2025-05-11,11.9,5.1,8.4,11.9,2.0,6.6,1.0,63.2,0.451,12.5,['rain'],0.0,0.0,46.8,19.9,28.3,1018.0,70.4,34.1,297.1,25.7,9.0,19.9,13.7,05:09:45,20:20:17,"[10.2, 18.7, 25.8]","[2.4, 7.8, 12.7]","[-1.6, 18.7, 25.8]","[0.0, 3.3, 19.8]","[48.6, 70.9, 95.0]","[0.0, 0.1, 2.2]","[13.3, 21.6, 38.9]","[28.8, 57.2, 86.4]","[82.9, 179.1, 237.0]","[11.3, 57.5, 98.7]"
2025-05-12,12.8,1.2,7.8,12.8,-1.1,6.7,-1.2,55.6,0.0,0.0,,0.0,0.0,43.3,18.9,35.8,1016.9,39.7,39.2,300.3,25.8,10.0,18.9,11.8,05:08:18,20:21:42,"[6.7, 17.6, 25.1]","[0.1, 7.2, 13.9]","[-5.8, 17.6, 25.1]","[0.0, 3.4, 16.2]","[51.9, 73.0, 94.7]","[0.0, 0.1, 1.6]","[13.3, 22.0, 36.7]","[39.6, 65.2, 90.0]","[67.9, 199.6, 265.1]","[14.7, 62.1, 100.0]"
2025-05-13,14.3,1.4,8.6,14.3,-1.2,7.6,-1.3,53.1,0.0,0.0,,0.0,0.0,39.6,16.2,31.3,1019.0,35.4,40.2,304.8,26.2,10.0,16.2,9.6,05:06:52,20:23:06,"[6.6, 15.2, 22.3]","[-1.0, 7.1, 11.4]","[-5.7, 15.2, 22.3]","[0.0, 4.9, 15.3]","[54.1, 76.1, 93.6]","[0.0, 0.2, 1.9]","[11.9, 21.6, 34.2]","[39.6, 60.5, 82.8]","[23.6, 178.3, 278.9]","[8.5, 64.0, 100.0]"
2025-05-14,18.3,3.3,11.4,18.3,0.4,10.4,0.8,50.9,0.0,0.0,,0.0,0.0,50.4,23.3,264.8,1014.5,80.1,38.1,267.9,23.4,8.0,23.3,14.5,05:05:28,20:24:29,"[4.6, 14.5, 25.2]","[2.1, 6.6, 11.7]","[-2.6, 14.5, 25.2]","[0.0, 5.2, 22.9]","[52.2, 76.3, 94.6]","[0.0, 0.2, 4.1]","[13.3, 22.0, 32.0]","[25.2, 55.1, 79.2]","[25.6, 164.5, 312.8]","[23.6, 68.2, 100.0]"
2025-05-15,10.8,3.4,7.2,10.8,-0.7,4.7,1.8,69.8,1.167,29.17,['rain'],0.0,0.0,50.4,21.8,336.6,1010.0,85.4,28.5,180.7,15.7,9.0,21.8,15.8,05:04:06,20:25:52,"[5.8, 14.3, 21.3]","[0.6, 6.2, 11.1]","[-2.2, 14.3, 21.3]","[0.0, 4.3, 33.5]","[61.4, 78.0, 98.6]","[0.0, 0.2, 3.3]","[12.6, 23.8, 48.6]","[43.2, 59.4, 97.2]","[27.6, 190.5, 295.5]","[14.8, 74.6, 100.0]"
2025-05-16,10.4,1.6,5.7,10.4,-1.4,3.3,2.6,80.9,2.757,45.83,['rain'],0.0,0.0,47.9,24.1,280.2,1013.8,79.3,26.0,207.2,18.1,10.0,24.1,12.9,05:02:46,20:27:14,"[6.7, 14.9, 22.1]","[0.9, 6.1, 11.0]","[-2.9, 14.9, 22.1]","[0.0, 6.2, 46.1]","[57.2, 77.6, 95.1]","[0.0, 0.2, 4.1]","[10.8, 23.4, 48.6]","[39.6, 58.3, 97.2]","[75.3, 229.0, 316.9]","[23.6, 66.1, 100.0]"
2025-05-17,11.3,4.8,7.1,11.3,2.1,4.8,4.3,83.6,3.566,75.0,['rain'],0.0,0.1,52.7,25.8,282.6,1010.7,96.1,21.9,147.9,12.6,6.0,25.8,15.0,05:01:28,20:28:34,"[6.6, 15.4, 23.4]","[2.3, 7.0, 14.8]","[-1.7, 15.4, 23.4]","[0.0, 5.9, 65.3]","[61.0, 77.3, 95.8]","[0.0, 0.6, 13.0]","[12.6, 23.0, 36.0]","[28.8, 58.3, 100.8]","[94.0, 214.6, 337.7]","[15.1, 67.9, 100.0]"
2025-05-18,7.9,3.9,5.9,5.0,0.4,2.8,3.6,85.8,4.847,66.67,['rain'],0.0,0.0,54.0,25.2,266.1,1011.5,94.6,22.5,174.3,15.0,9.0,25.2,16.4,05:00:12,20:29:54,"[6.3, 16.6, 23.8]","[-1.2, 6.9, 11.0]","[-4.8, 16.6, 23.8]","[0.0, 4.3, 35.8]","[53.6, 73.8, 94.3]","[0.0, 0.7, 14.7]","[14.8, 21.6, 32.0]","[46.8, 61.6, 97.2]","[16.1, 190.4, 317.2]","[15.5, 58.5, 100.0]"
2025-05-19,9.3,5.1,7.4,7.9,2.5,5.4,5.9,90.4,8.253,70.83,['rain'],0.0,0.1,39.6,14.0,300.9,1014.9,98.9,16.7,46.3,3.9,2.0,14.0,10.8,04:58:58,20:31:13,"[10.1, 18.3, 24.4]","[3.8, 7.2, 11.9]","[0.5, 18.3, 24.4]","[0.0, 3.6, 19.9]","[48.0, 73.1, 95.8]","[0.0, 0.7, 14.3]","[12.2, 23.0, 37.8]","[43.2, 61.9, 86.4]","[18.2, 170.5, 265.0]","[5.1, 54.2, 100.0]"
2025-05-20,16.0,8.1,11.3,16.0,7.0,11.0,8.0,81.2,2.676,12.5,['rain'],0.0,0.0,22.7,9.1,335.4,1017.1,77.5,23.9,156.8,13.6,5.0,9.1,6.5,04:57:47,20:32:30,"[7.4, 18.0, 24.7]","[1.5, 8.4, 11.4]","[-1.0, 18.0, 24.7]","[0.0, 1.7, 10.5]","[53.5, 72.6, 93.8]","[0.0, 0.5, 11.3]","[11.5, 24.1, 39.6]","[39.6, 56.9, 79.2]","[20.9, 168.4, 275.7]","[12.7, 59.7, 98.3]"
2025-05-21,20.4,7.5,13.9,20.4,6.3,13.6,8.4,71.4,2.885,16.67,['rain'],0.0,0.0,45.5,16.8,260.6,1012.3,62.5,36.3,243.0,20.9,8.0,16.8,11.1,04:56:37,20:33:47,"[9.6, 17.9, 24.7]","[3.5, 8.5, 12.1]","[1.3, 17.9, 24.7]","[0.0, 4.1, 21.2]","[57.3, 71.8, 96.0]","[0.0, 0.4, 7.6]","[11.9, 22.3, 37.1]","[39.6, 58.7, 86.4]","[29.0, 172.1, 264.4]","[14.4, 63.5, 100.0]"
2025-05-22,15.0,8.2,11.4,15.0,5.8,11.1,9.9,90.7,8.625,62.5,['rain'],0.0,0.1,43.2,17.2,303.4,1008.8,86.2,13.4,135.1,11.6,10.0,17.2,11.4,04:55:30,20:35:02,"[10.0, 18.4, 24.9]","[1.1, 8.8, 13.7]","[-1.5, 18.4, 24.9]","[0.0, 3.4, 42.2]","[52.8, 73.8, 95.2]","[0.0, 0.1, 2.3]","[10.8, 22.0, 29.5]","[43.2, 59.0, 108.0]","[26.1, 166.5, 272.7]","[24.5, 64.2, 100.0]"
2025-05-23,11.4,5.9,8.3,11.4,2.7,6.7,2.8,69.8,6.346,33.33,['rain'],0.0,0.0,57.6,16.2,19.1,1014.3,90.1,31.5,190.2,16.4,5.0,16.2,12.2,04:54:25,20:36:16,"[8.1, 17.7, 25.4]","[-0.1, 9.1, 16.2]","[-4.1, 17.7, 25.4]","[0.0, 3.5, 35.8]","[53.9, 75.3, 92.3]","[0.0, 0.1, 1.2]","[13.3, 23.0, 46.8]","[39.6, 56.2, 86.4]","[37.3, 167.6, 277.3]","[8.1, 64.5, 99.6]"
2025-05-24,13.8,2.9,8.8,13.8,0.7,7.8,1.8,64.1,0.0,0.0,,0.0,0.0,39.6,12.9,347.2,1017.3,56.0,42.6,288.2,25.0,10.0,12.9,9.0,04:53:22,20:37:29,"[8.8, 17.5, 24.7]","[1.2, 9.2, 14.0]","[-2.5, 17.5, 24.7]","[0.0, 3.0, 22.6]","[63.6, 77.0, 92.6]","[0.0, 0.0, 0.8]","[8.3, 22.7, 32.8]","[28.8, 53.3, 82.8]","[34.0, 196.1, 291.1]","[19.2, 70.3, 99.9]"
2025-05-25,17.5,3.0,11.0,17.5,1.3,10.5,2.3,58.8,0.0,0.0,,0.0,0.0,32.4,12.6,284.8,1015.6,25.3,44.1,325.3,28.1,10.0,12.6,8.3,04:52:21,20:38:40,"[9.9, 17.4, 27.4]","[4.8, 8.7, 13.4]","[1.7, 17.4, 27.1]","[0.0, 2.0, 11.5]","[57.0, 76.3, 96.4]","[0.0, 0.0, 0.0]","[8.3, 20.2, 31.3]","[32.4, 55.1, 90.0]","[29.3, 152.7, 261.7]","[18.0, 61.3, 99.2]"
2025-05-26,15.6,9.4,11.9,15.6,7.8,11.4,9.4,84.7,1.812,45.83,['rain'],0.0,0.0,33.8,13.1,303.2,1014.5,76.5,23.1,189.6,16.4,7.0,13.1,10.3,04:51:23,20:39:50,"[11.6, 18.6, 26.6]","[3.5, 8.8, 16.4]","[-0.4, 18.6, 26.6]","[0.0, 4.6, 31.8]","[53.5, 74.4, 92.7]","[0.0, 0.0, 0.0]","[11.9, 21.2, 31.3]","[25.2, 55.1, 82.8]","[58.0, 184.2, 278.7]","[4.6, 56.5, 99.1]"
2025-05-27,18.9,6.6,13.2,18.9,4.9,12.7,6.9,69.1,4.688,4.17,['rain'],0.0,0.0,29.9,11.6,341.6,1018.7,43.5,28.6,309.1,26.8,9.0,11.6,8.8,04:50:27,20:40:59,"[8.5, 18.4, 27.0]","[5.1, 9.8, 14.0]","[1.5, 18.4, 26.8]","[0.0, 3.9, 15.8]","[55.3, 75.4, 94.0]","[0.0, 0.0, 0.0]","[14.4, 23.0, 35.6]","[39.6, 59.8, 97.2]","[31.0, 181.1, 324.3]","[7.9, 66.8, 98.2]"
2025-05-28,18.0,8.0,13.0,18.0,6.5,12.7,8.9,77.3,2.64,37.5,['rain'],0.0,0.0,45.9,24.6,258.9,1015.1,78.5,31.1,149.3,12.9,7.0,24.6,13.7,04:49:34,20:42:06,"[11.1, 18.2, 28.6]","[4.4, 9.6, 15.0]","[1.7, 18.2, 28.2]","[0.0, 3.3, 30.7]","[59.8, 75.4, 95.4]","[0.0, 0.0, 0.0]","[12.2, 22.7, 34.9]","[39.6, 59.8, 82.8]","[25.3, 189.4, 298.0]","[5.4, 66.6, 100.0]"
2025-05-29,13.4,8.3,11.8,13.4,6.4,11.6,7.8,77.8,4.213,33.33,['rain'],0.0,0.1,50.7,22.9,317.0,1016.6,82.7,26.9,109.9,9.5,3.0,22.9,15.5,04:48:43,20:43:11,"[9.2, 17.7, 29.4]","[3.1, 8.8, 14.8]","[0.2, 17.7, 28.6]","[0.0, 3.2, 25.4]","[56.2, 74.4, 91.5]","[0.0, 0.0, 0.2]","[14.4, 22.3, 33.5]","[39.6, 60.8, 86.4]","[34.3, 190.0, 318.3]","[10.4, 63.4, 97.8]"
2025-05-30,16.1,6.0,11.4,16.1,4.2,10.9,8.5,82.3,0.123,16.67,['rain'],0.0,0.0,39.6,16.1,294.9,1021.3,74.6,26.6,130.2,11.4,4.0,16.1,11.1,04:47:55,20:44:14,"[9.4, 18.3, 30.0]","[3.1, 9.2, 16.3]","[0.3, 18.3, 29.3]","[0.0, 3.5, 22.1]","[55.8, 73.9, 90.1]","[0.0, 0.0, 0.1]","[12.6, 22.3, 32.4]","[39.6, 57.6, 79.2]","[30.8, 171.7, 337.6]","[6.1, 61.9, 95.4]"
2025-05-31,24.0,11.0,16.7,24.0,11.0,16.7,12.5,78.5,2.196,25.0,['rain'],0.0,0.0,43.2,15.6,272.0,1019.7,57.7,27.5,311.0,26.7,9.0,15.6,11.0,04:47:09,20:45:16,"[8.9, 18.6, 26.5]","[4.1, 8.7, 14.6]","[0.8, 18.6, 26.5]","[0.0, 6.5, 31.2]","[59.4, 74.5, 95.5]","[0.0, 0.0, 0.5]","[13.3, 19.8, 27.0]","[39.6, 59.0, 93.6]","[78.3, 191.1, 289.0]","[21.0, 62.6, 100.0]"
2025-06-01,22.7,12.5,18.2,22.7,12.5,18.2,13.9,76.9,0.855,16.67,['rain'],0.0,0.0,43.2,18.3,263.5,1016.4,75.0,34.4,247.1,21.5,7.0,18.3,10.4,04:46:26,20:46:16,"[9.7, 17.8, 24.4]","[4.0, 9.3, 14.6]","[1.4, 17.8, 24.4]","[0.0, 3.3, 13.3]","[59.3, 76.0, 91.1]","[0.0, 0.0, 0.3]","[14.4, 21.2, 34.6]","[39.6, 54.0, 75.6]","[73.5, 177.4, 274.8]","[15.1, 68.3, 99.6]"
2025-06-02,24.2,14.4,18.8,24.2,14.4,18.8,14.7,78.7,4.696,29.17,['rain'],0.0,0.0,47.7,14.1,278.9,1014.9,76.8,30.4,264.3,23.1,8.0,14.1,10.0,04:45:46,20:47:14,"[11.6, 18.1, 25.1]","[4.8, 9.3, 14.1]","[1.7, 18.1, 25.1]","[0.0, 4.2, 35.5]","[49.2, 76.6, 91.3]","[0.0, 0.0, 0.0]","[13.0, 21.2, 38.5]","[21.6, 51.1, 75.6]","[24.2, 182.1, 317.0]","[15.0, 67.5, 96.3]"
2025-06-03,20.5,14.2,16.9,20.5,14.2,16.9,14.2,84.9,8.267,37.5,['rain'],0.0,0.1,43.2,15.8,250.2,1015.4,79.7,22.3,182.7,15.6,8.0,15.8,10.1,04:45:08,20:48:10,"[11.2, 19.3, 26.5]","[6.9, 10.4, 14.2]","[4.1, 19.3, 26.5]","[0.0, 4.3, 22.8]","[51.2, 76.0, 94.2]","[0.0, 0.0, 0.0]","[10.8, 19.4, 27.0]","[39.6, 57.2, 75.6]","[51.0, 164.6, 282.5]","[16.1, 65.0, 98.3]"
2025-06-04,25.7,13.5,19.9,25.7,13.5,19.9,13.9,70.2,0.0,0.0,,0.0,0.0,44.1,21.6,187.2,1013.4,46.1,37.5,302.0,26.1,9.0,21.6,15.7,04:44:33,20:49:05,"[10.2, 20.0, 27.8]","[6.6, 11.0, 14.0]","[3.4, 20.0, 27.2]","[0.0, 6.4, 33.5]","[54.6, 75.7, 93.2]","[0.0, 0.0, 0.0]","[9.7, 21.2, 33.1]","[39.6, 62.6, 86.4]","[51.8, 176.5, 339.1]","[5.5, 65.0, 99.2]"
2025-06-05,24.5,14.6,19.8,24.5,14.6,19.8,13.6,68.6,5.849,16.67,['rain'],0.0,0.0,70.8,23.0,248.7,1012.4,54.0,36.6,287.9,25.0,9.0,23.0,15.5,04:44:00,20:49:57,"[10.6, 19.8, 29.8]","[4.1, 10.4, 14.5]","[1.3, 19.8, 29.4]","[0.0, 3.9, 30.9]","[55.2, 76.1, 94.2]","[0.0, 0.0, 0.0]","[16.2, 23.8, 36.0]","[39.6, 54.7, 79.2]","[51.0, 155.2, 252.2]","[1.5, 60.1, 99.7]"
2025-06-06,25.0,12.6,18.8,25.0,12.6,18.8,13.2,72.1,3.606,16.67,['rain'],0.0,0.1,50.4,21.8,258.2,1014.2,51.9,35.8,261.0,22.5,9.0,21.8,13.8,04:43:30,20:50:47,"[13.6, 20.2, 26.5]","[5.8, 10.9, 17.4]","[3.6, 20.2, 26.5]","[0.0, 2.6, 25.6]","[56.5, 74.9, 95.9]","[0.0, 0.0, 0.0]","[13.3, 21.6, 28.8]","[32.4, 54.7, 100.8]","[37.3, 147.2, 241.4]","[5.1, 58.8, 99.4]"
2025-06-07,21.5,15.4,17.9,21.5,15.4,17.9,13.9,78.0,1.112,54.17,['rain'],0.0,0.0,43.2,17.8,278.5,1013.7,91.0,35.3,56.6,4.8,2.0,17.8,10.9,04:43:03,20:51:35,"[10.5, 20.6, 24.9]","[5.6, 11.5, 16.2]","[3.1, 20.6, 24.9]","[0.0, 2.7, 23.7]","[54.1, 72.9, 87.8]","[0.0, 0.0, 0.0]","[10.8, 20.5, 30.6]","[32.4, 56.9, 104.4]","[36.9, 149.9, 243.0]","[8.1, 54.6, 91.2]"
2025-06-08,16.0,10.6,14.1,16.0,10.6,14.1,12.5,90.0,2.551,54.17,['rain'],0.0,0.0,51.1,24.1,228.9,1014.3,79.1,19.4,58.4,5.1,2.0,24.1,15.3,04:42:39,20:52:20,"[7.9, 20.9, 29.7]","[4.9, 11.1, 15.4]","[1.1, 20.9, 28.5]","[0.0, 3.4, 16.9]","[52.5, 74.6, 96.3]","[0.0, 0.0, 0.0]","[14.0, 20.5, 29.2]","[43.2, 54.4, 93.6]","[39.6, 163.4, 255.0]","[8.6, 55.3, 99.9]"
2025-06-09,15.8,7.7,11.8,15.8,4.9,11.0,6.0,68.7,0.0,0.0,,0.0,0.0,54.9,29.8,265.7,1022.7,46.5,40.4,252.2,21.8,9.0,29.8,17.1,04:42:17,20:53:04,"[10.2, 21.1, 29.3]","[3.0, 11.7, 17.7]","[-2.0, 21.1, 28.5]","[0.0, 4.2, 25.5]","[50.3, 75.0, 93.8]","[0.0, 0.0, 0.0]","[11.9, 20.2, 31.3]","[21.6, 52.2, 86.4]","[34.5, 169.1, 248.4]","[12.2, 61.3, 100.0]"
2025-06-10,21.2,6.9,14.4,21.2,5.3,13.9,7.2,63.6,0.0,0.0,,0.0,0.0,44.7,26.4,205.6,1020.2,58.9,32.3,267.3,23.1,9.0,26.4,15.0,04:41:59,20:53:45,"[11.6, 20.6, 29.6]","[7.4, 12.2, 19.7]","[3.3, 20.6, 28.9]","[0.0, 4.1, 23.8]","[54.9, 75.9, 93.9]","[0.0, 0.0, 0.0]","[14.0, 22.3, 35.6]","[32.4, 57.6, 97.2]","[28.1, 164.7, 283.5]","[22.8, 65.5, 98.8]"
2025-06-11,16.7,11.2,14.7,16.7,11.2,14.7,8.6,67.5,0.034,4.17,['rain'],0.0,0.0,44.9,23.5,319.4,1017.6,69.1,33.4,314.0,27.3,10.0,23.5,15.4,04:41:43,20:54:23,"[13.8, 21.4, 31.1]","[7.1, 11.7, 16.7]","[4.8, 21.4, 31.2]","[0.0, 4.0, 35.5]","[59.9, 74.6, 91.8]","[0.0, 0.0, 0.0]","[13.0, 20.2, 28.4]","[39.6, 57.2, 97.2]","[44.6, 192.1, 311.6]","[14.6, 55.6, 97.8]"
2025-06-12,19.5,6.7,13.6,19.5,4.5,13.1,6.6,65.6,0.0,0.0,,0.0,0.0,28.8,14.8,9.6,1022.4,18.7,30.9,331.5,28.7,9.0,14.8,10.4,04:41:29,20:54:59,"[12.6, 21.6, 28.7]","[7.4, 11.6, 16.8]","[3.7, 21.6, 29.2]","[0.0, 3.0, 17.9]","[52.3, 72.8, 90.4]","[0.0, 0.0, 0.0]","[11.5, 20.5, 36.4]","[39.6, 58.0, 82.4]","[57.7, 179.7, 282.9]","[13.7, 55.9, 91.6]"
2025-06-13,19.1,8.1,14.3,19.1,6.8,14.1,6.4,61.3,0.0,0.0,,0.0,0.0,43.2,19.0,30.1,1025.4,12.3,43.4,335.9,29.0,9.0,19.0,13.2,04:41:19,20:55:33,"[14.4, 20.9, 29.7]","[5.7, 11.9, 18.7]","[1.8, 20.9, 29.2]","[0.0, 4.0, 32.0]","[55.8, 73.7, 93.3]","[0.0, 0.0, 0.0]","[11.5, 22.0, 32.0]","[32.4, 60.5, 90.0]","[31.0, 185.4, 337.6]","[25.6, 59.6, 99.7]"
2025-06-14,22.6,8.5,16.2,22.6,7.0,15.9,8.5,62.9,0.0,0.0,,0.0,0.0,25.6,13.4,35.1,1023.5,8.2,38.6,337.8,29.2,9.0,13.4,9.7,04:41:11,20:56:04,"[14.8, 20.3, 27.1]","[4.6, 11.0, 18.6]","[1.6, 20.3, 27.6]","[0.0, 2.5, 21.9]","[60.4, 74.4, 90.8]","[0.0, 0.0, 0.0]","[12.6, 19.8, 29.5]","[39.6, 55.8, 79.2]","[51.8, 189.6, 310.3]","[15.5, 58.8, 100.0]"
2025-06-15,26.5,11.4,19.3,26.5,11.4,19.3,9.9,57.1,0.0,0.0,,0.0,0.0,15.8,9.8,309.3,1018.9,14.6,36.5,337.9,29.1,9.0,9.8,6.9,04:41:07,20:56:33,"[14.1, 21.8, 29.2]","[6.7, 10.9, 17.5]","[5.4, 21.8, 28.8]","[0.0, 1.1, 13.1]","[59.9, 72.1, 89.2]","[0.0, 0.0, 0.0]","[8.3, 20.5, 43.2]","[39.6, 52.6, 75.6]","[31.0, 181.5, 258.8]","[19.6, 55.4, 92.0]"
2025-06-16,19.9,12.6,16.2,19.9,12.6,16.2,13.1,82.3,5.62,41.67,['rain'],0.0,0.0,64.8,19.9,336.8,1019.8,82.7,21.6,103.9,9.0,6.0,19.9,13.2,04:41:05,20:56:59,"[15.5, 21.4, 27.2]","[5.3, 11.8, 17.1]","[2.5, 21.4, 27.2]","[0.0, 1.5, 8.2]","[57.7, 72.1, 86.0]","[0.0, 0.0, 0.0]","[14.4, 24.1, 32.4]","[28.8, 60.8, 90.0]","[31.4, 179.5, 254.1]","[6.7, 59.8, 88.5]"
2025-06-17,20.9,11.3,16.1,20.9,11.3,16.1,11.1,74.1,5.432,4.17,['rain'],0.0,0.0,39.6,16.7,16.6,1024.1,72.2,30.9,330.0,28.4,10.0,16.7,12.3,04:41:05,20:57:22,"[11.7, 21.5, 27.1]","[6.4, 11.9, 15.5]","[4.0, 21.5, 27.5]","[0.0, 1.9, 15.4]","[55.5, 71.4, 89.6]","[0.0, 0.0, 0.0]","[11.9, 21.2, 49.7]","[36.0, 56.5, 108.0]","[49.8, 172.7, 299.9]","[17.5, 57.4, 95.8]"
2025-06-18,24.7,11.8,18.5,24.7,11.8,18.5,12.2,68.6,0.0,0.0,,0.0,0.0,39.6,15.1,285.7,1021.5,50.1,32.0,330.7,28.8,9.0,15.1,10.2,04:41:09,20:57:43,"[17.1, 22.4, 29.5]","[5.5, 12.1, 16.4]","[3.2, 22.4, 30.0]","[0.0, 1.7, 19.3]","[57.2, 71.1, 92.0]","[0.0, 0.0, 0.0]","[15.5, 22.3, 32.4]","[39.6, 52.6, 93.6]","[63.6, 190.3, 308.7]","[13.3, 54.5, 95.5]"
2025-06-19,22.9,14.3,18.4,22.9,14.3,18.4,11.6,65.6,0.0,0.0,,0.0,0.0,46.0,19.8,322.7,1019.5,52.1,29.4,305.3,26.3,10.0,19.8,12.9,04:41:15,20:58:01,"[13.2, 22.5, 31.1]","[8.7, 12.8, 18.5]","[6.8, 22.5, 30.2]","[0.0, 6.8, 67.1]","[53.3, 71.9, 97.7]","[0.0, 0.0, 0.0]","[10.4, 20.5, 38.5]","[39.6, 52.9, 79.2]","[86.0, 195.2, 300.2]","[13.5, 53.5, 99.6]"
2025-06-20,18.5,8.6,14.2,18.5,7.2,14.0,6.0,59.0,0.038,4.17,['rain'],0.0,0.0,39.6,16.7,356.6,1023.9,31.1,43.2,305.8,26.5,10.0,16.7,11.9,04:41:24,20:58:16,"[10.8, 21.6, 30.8]","[6.5, 13.1, 18.2]","[3.7, 21.6, 31.6]","[0.0, 5.3, 30.6]","[59.5, 74.7, 96.5]","[0.0, 0.0, 0.0]","[13.3, 20.9, 31.7]","[39.6, 53.6, 79.2]","[23.4, 190.0, 282.6]","[13.0, 59.5, 100.0]"
2025-06-21,21.4,7.5,15.4,21.4,6.0,15.1,6.1,56.7,0.0,0.0,,0.0,0.0,18.7,11.7,348.9,1024.3,19.1,44.6,340.5,29.5,9.0,11.7,7.9,04:41:36,20:58:29,"[12.6, 21.3, 30.4]","[6.3, 12.6, 19.1]","[4.5, 21.3, 29.7]","[0.0, 5.2, 29.3]","[65.3, 76.4, 95.9]","[0.0, 0.0, 0.0]","[13.0, 22.3, 32.0]","[39.6, 56.2, 82.8]","[30.1, 195.5, 285.9]","[20.6, 64.4, 99.6]"
2025-06-22,25.8,10.1,18.7,25.8,10.1,18.7,8.6,54.9,0.0,0.0,,0.0,0.0,22.3,14.7,244.5,1020.2,26.3,44.7,334.1,29.0,9.0,14.7,10.8,04:41:50,20:58:39,"[11.3, 21.5, 27.7]","[6.1, 12.3, 17.8]","[3.9, 21.5, 27.3]","[0.0, 4.5, 19.2]","[58.2, 75.9, 96.0]","[0.0, 0.0, 0.0]","[12.2, 24.1, 33.5]","[46.8, 66.6, 93.6]","[29.0, 193.1, 276.1]","[19.2, 67.1, 100.0]"
2025-06-23,27.7,14.0,21.1,27.4,14.0,21.1,11.5,55.5,5.756,12.5,['rain'],0.0,0.0,58.3,28.0,219.7,1012.0,65.9,37.3,266.6,23.0,8.0,28.0,16.9,04:42:07,20:58:46,"[12.8, 21.7, 28.7]","[7.0, 13.0, 18.3]","[4.4, 21.7, 29.4]","[0.0, 2.9, 19.6]","[59.2, 73.8, 96.3]","[0.0, 0.0, 0.0]","[15.1, 24.1, 36.0]","[39.6, 64.4, 100.8]","[43.2, 186.4, 299.9]","[13.8, 62.1, 100.0]"
2025-06-24,23.4,12.5,18.3,23.4,12.5,18.3,10.9,64.4,2.704,20.83,['rain'],0.0,0.0,58.9,22.9,243.8,1013.0,67.5,42.0,318.9,27.7,10.0,22.9,14.9,04:42:27,20:58:50,"[13.7, 22.1, 32.2]","[7.3, 12.5, 17.1]","[4.6, 22.1, 32.1]","[0.0, 4.0, 22.6]","[55.8, 72.2, 94.5]","[0.0, 0.0, 0.0]","[13.3, 22.3, 46.8]","[32.4, 52.9, 82.8]","[48.0, 178.6, 324.4]","[12.9, 58.3, 96.3]"
2025-06-25,26.6,15.2,21.2,26.6,15.2,21.2,12.8,59.3,0.0,0.0,,0.0,0.0,43.2,21.2,262.0,1012.3,63.7,46.9,270.8,23.4,10.0,21.2,15.1,04:42:49,20:58:51,"[13.1, 21.5, 32.2]","[7.2, 12.3, 18.8]","[5.4, 21.5, 32.0]","[0.0, 3.8, 26.6]","[61.8, 74.2, 91.3]","[0.0, 0.0, 0.0]","[13.0, 22.3, 33.5]","[25.2, 58.0, 90.0]","[56.7, 198.0, 307.9]","[19.1, 62.9, 100.0]"
2025-06-26,29.7,15.6,22.8,29.3,15.6,22.8,14.2,60.7,1.318,20.83,['rain'],0.0,0.0,63.1,29.8,300.2,1013.5,47.6,41.9,315.9,27.2,9.0,29.8,9.8,04:43:14,20:58:50,"[11.6, 20.4, 30.8]","[7.0, 12.1, 18.1]","[4.5, 20.4, 31.0]","[0.0, 5.9, 47.4]","[64.6, 78.1, 91.8]","[0.0, 0.0, 0.0]","[13.0, 22.0, 35.3]","[43.2, 61.9, 104.4]","[42.0, 199.1, 266.0]","[21.6, 67.4, 98.3]"
2025-06-27,24.0,16.2,19.7,24.0,16.2,19.7,14.6,74.2,0.569,20.83,['rain'],0.0,0.0,63.6,21.9,283.9,1017.9,83.4,34.0,240.5,21.2,8.0,21.9,15.0,04:43:42,20:58:46,"[13.8, 21.5, 30.2]","[5.8, 12.0, 18.2]","[3.3, 21.5, 29.3]","[0.0, 1.8, 8.7]","[55.9, 71.8, 92.8]","[0.0, 0.0, 0.0]","[11.5, 22.0, 35.3]","[43.2, 59.4, 75.6]","[31.5, 180.5, 308.1]","[20.9, 58.7, 95.0]"
2025-06-28,23.7,14.4,18.2,23.7,14.4,18.2,11.9,67.8,0.0,0.0,,0.0,0.0,43.2,13.0,335.3,1022.7,67.8,37.1,250.3,21.6,10.0,13.0,9.6,04:44:11,20:58:38,"[12.7, 21.4, 29.1]","[6.8, 12.5, 18.1]","[4.8, 21.4, 28.8]","[0.0, 3.2, 16.4]","[57.8, 74.6, 99.4]","[0.0, 0.0, 0.0]","[9.7, 22.3, 42.5]","[39.6, 57.2, 75.6]","[21.4, 173.7, 259.0]","[24.5, 58.8, 100.0]"
2025-06-29,26.6,16.0,21.5,26.6,16.0,21.5,15.0,68.1,0.0,0.0,,0.0,0.0,28.4,15.2,313.2,1020.0,69.8,37.7,303.8,26.1,10.0,15.2,9.8,04:44:44,20:58:28,"[17.2, 22.7, 27.4]","[8.3, 12.8, 17.0]","[6.0, 22.7, 28.6]","[0.0, 2.6, 24.1]","[51.4, 72.1, 91.1]","[0.0, 0.0, 0.0]","[13.3, 21.6, 34.2]","[25.2, 53.6, 90.0]","[58.5, 176.0, 259.8]","[5.7, 57.0, 90.9]"
