Datum,PV(kWh),sin_month_x,cos_month_x,sin_dayofyear_x,cos_dayofyear_x,year_x,datetime,humidity,dew,windspeed,precip,solarradiation,tempmin,precipcover,uvindex,temp,tempmax,pressure,windgust,winddir,feelslikemin,snowdepth,cloudcover,feelslike,snow,solarenergy,feelslikemax,preciptype,visibility,sin_month_y,cos_month_y,sin_dayofyear_y,cos_dayofyear_y,year_y,sunset_seconds,sunrise_seconds,sunset_sin,sunset_cos,sunrise_sin,sunrise_cos,day_length_seconds,day_length_hours
2024-01-01,1.2,0.49999999999999994,0.8660254037844387,0.017213356155834685,0.9998518392091162,2024,2024-01-01,90.3,1.7,21.7,10.257,21.8,1.6,50.0,2.0,3.2,4.1,1010.0,58.1,243.6,-1.9,4.4,90.3,-0.5,0.6,2.0,2.1,"['rain', 'snow']",13.3,0.49999999999999994,0.8660254037844387,0.017213356155834685,0.9998518392091162,2024,57522,27864,-0.8631753267195231,-0.5049043031532258,0.8980275757606156,-0.43993916985591514,29658,8.238333333333333
2024-01-02,1.3,0.49999999999999994,0.8660254037844387,0.03442161162274574,0.9994074007397048,2024,2024-01-02,85.4,0.2,24.3,2.379,14.8,0.8,50.0,1.0,2.4,3.4,1008.2,61.2,202.5,-3.2,4.7,93.5,-1.9,0.0,1.3,0.0,['rain'],19.1,0.49999999999999994,0.8660254037844387,0.03442161162274574,0.9994074007397048,2024,57583,27861,-0.8654066046925195,-0.5010702630914803,0.8981235342261633,-0.43974324016305893,29722,8.25611111111111
2024-01-03,1.9,0.49999999999999994,0.8660254037844387,0.051619667223253764,0.998666816288476,2024,2024-01-03,84.5,3.7,27.6,4.154,23.8,3.7,70.83,2.0,6.2,7.7,998.8,59.5,221.6,-0.7,5.4,88.3,2.3,0.0,2.0,4.3,['rain'],23.5,0.49999999999999994,0.8660254037844387,0.051619667223253764,0.998666816288476,2024,57645,27856,-0.867657009819544,-0.4971632662526544,0.8982833700053515,-0.43941664416795684,29789,8.274722222222222
2024-01-04,1.8,0.49999999999999994,0.8660254037844387,0.06880242680231986,0.9976303053065857,2024,2024-01-04,82.2,2.9,27.9,3.524,13.8,3.5,95.83,1.0,5.7,6.7,1000.5,57.6,246.2,-1.1,4.9,92.8,1.5,0.0,1.2,2.9,['rain'],22.6,0.49999999999999994,0.8660254037844387,0.06880242680231986,0.9976303053065857,2024,57710,27847,-0.8699973653095463,-0.4930563703618967,0.8985707751078692,-0.43882862500302217,29863,8.295277777777779
2024-01-05,4.5,0.49999999999999994,0.8660254037844387,0.08596479873744647,0.9962981749346078,2024,2024-01-05,89.4,0.9,18.1,0.374,39.8,0.8,29.17,2.0,2.5,4.2,1008.5,68.4,201.5,-3.5,5.0,82.8,-0.9,0.0,3.5,1.8,"['rain', 'snow']",26.9,0.49999999999999994,0.8660254037844387,0.08596479873744647,0.9962981749346078,2024,57777,27835,-0.8723893856915355,-0.488811578967546,0.8989533831268117,-0.4380443070796145,29942,8.317222222222222
2024-01-06,0.8,0.49999999999999994,0.8660254037844387,0.10310169744743485,0.9946708199115211,2024,2024-01-06,95.6,0.7,22.6,8.58,12.1,-1.1,79.17,1.0,1.3,3.8,1007.5,68.4,17.0,-6.8,4.1,97.2,-2.1,0.0,1.1,1.1,"['rain', 'snow']",5.0,0.49999999999999994,0.8660254037844387,0.10310169744743485,0.9946708199115211,2024,57846,27820,-0.8748311619780262,-0.48442794926818217,0.8994306804087443,-0.43706344063472446,30026,8.340555555555556
2024-01-07,0.7,0.49999999999999994,0.8660254037844387,0.1202080448993527,0.9927487224577402,2024,2024-01-07,86.1,-7.0,36.1,3.487,11.9,-8.2,79.17,1.0,-5.0,-1.4,1013.4,57.2,20.7,-17.5,3.6,99.5,-13.1,4.8,1.1,-7.6,"['rain', 'snow']",6.8,0.49999999999999994,0.8660254037844387,0.1202080448993527,0.9927487224577402,2024,57918,27802,-0.8773556172302113,-0.4798407245269986,0.9000020243763213,-0.4358857145153115,30116,8.365555555555556
2024-01-08,0.8,0.49999999999999994,0.8660254037844387,0.13727877211326478,0.9905324521322229,2024,2024-01-08,79.6,-13.0,35.7,0.259,47.5,-11.7,29.17,3.0,-10.1,-8.4,1026.3,64.5,24.0,-21.6,7.6,83.3,-19.4,1.2,3.9,-18.1,['snow'],7.5,0.49999999999999994,0.8660254037844387,0.13727877211326478,0.9905324521322229,2024,57991,27781,-0.8798905774615083,-0.47517635851802786,0.9006666431902735,-0.4345107568799243,30210,8.391666666666667
2024-01-09,2.2,0.49999999999999994,0.8660254037844387,0.15430882066428117,0.9880226656636976,2024,2024-01-09,69.0,-16.1,28.3,0.0,58.0,-12.7,0.0,3.0,-11.4,-8.9,1036.3,64.5,47.1,-22.4,7.4,35.8,-19.1,0.0,5.0,-12.1,['none'],19.0,0.49999999999999994,0.8660254037844387,0.15430882066428117,0.9880226656636976,2024,58067,27757,-0.882503366193993,-0.47030607975686545,0.9014236353461474,-0.4329381360417858,30310,8.419444444444444
2024-01-10,5.3,0.49999999999999994,0.8660254037844387,0.1712931441814776,0.9852201067560606,2024,2024-01-10,57.4,-16.0,10.1,0.0,60.7,-13.7,0.0,3.0,-9.0,-3.0,1035.6,14.4,271.3,-18.7,5.6,5.9,-12.7,0.0,5.2,-6.1,['none'],22.4,0.49999999999999994,0.8660254037844387,0.1712931441814776,0.9852201067560606,2024,58144,27730,-0.8851230417928431,-0.4653570681609821,0.9022719692070904,-0.4311673614539478,30414,8.448333333333334
2024-01-11,7.0,0.49999999999999994,0.8660254037844387,0.1882267098432442,0.9821256058680006,2024,2024-01-11,71.8,-10.6,18.1,0.247,52.1,-10.0,20.83,3.0,-6.3,-3.0,1028.9,61.2,305.6,-16.4,5.7,51.7,-11.5,0.8,4.5,-7.5,['snow'],21.3,0.49999999999999994,0.8660254037844387,0.1882267098432442,0.9821256058680006,2024,58223,27700,-0.8877819161160703,-0.46026434732366434,0.9032104824741843,-0.4291978848372289,30523,8.47861111111111
2024-01-12,0.4,0.49999999999999994,0.8660254037844387,0.2051044998686192,0.9787400799669153,2024,2024-01-12,85.5,-5.9,19.8,1.068,32.7,-4.9,58.33,2.0,-3.8,-2.6,1027.5,63.5,337.0,-10.2,8.1,88.7,-8.6,2.0,2.8,-6.5,['snow'],11.9,0.49999999999999994,0.8660254037844387,0.2051044998686192,0.9787400799669153,2024,58304,27667,-0.8904776792278403,-0.4550269253538735,0.9042378815960581,-0.42702910145173145,30637,8.510277777777778
2024-01-13,0.4,0.49999999999999994,0.8660254037844387,0.2219215130041655,0.9750645322571948,2024,2024-01-13,81.6,-5.5,26.5,0.038,13.5,-3.9,8.33,1.0,-2.8,-1.4,1019.6,53.6,247.0,-10.1,8.2,98.6,-8.4,0.0,1.1,-6.0,['snow'],19.7,0.49999999999999994,0.8660254037844387,0.2219215130041655,0.9750645322571948,2024,58387,27631,-0.8932079522757574,-0.44964380790949204,0.9053527411197245,-0.424660351512831,30756,8.543333333333333
2024-01-14,0.4,0.49999999999999994,0.8660254037844387,0.2386727660059501,0.9711000518829505,2024,2024-01-14,82.1,-4.6,30.8,0.295,13.1,-3.1,50.0,1.0,-2.0,-0.5,1008.1,57.1,232.7,-10.6,8.7,97.0,-8.3,0.3,1.2,-6.0,"['rain', 'snow']",16.2,0.49999999999999994,0.8660254037844387,0.2386727660059501,0.9711000518829505,2024,58471,27593,-0.8959379876527731,-0.44417915561257415,0.906522805269654,-0.4221568470675762,30878,8.577222222222222
2024-01-15,2.2,0.49999999999999994,0.8660254037844387,0.255353295116187,0.9668478136052775,2024,2024-01-15,77.8,-5.7,27.8,0.182,13.7,-3.1,37.5,1.0,-2.3,-1.4,1000.3,55.1,231.2,-9.7,8.4,88.8,-8.3,0.5,1.1,-7.1,"['rain', 'snow']",19.1,0.49999999999999994,0.8660254037844387,0.255353295116187,0.9668478136052775,2024,58557,27551,-0.898698387161998,-0.4385672227976272,0.9078079795487137,-0.4193860658959502,31006,8.612777777777778
2024-01-16,1.6,0.49999999999999994,0.8660254037844387,0.2719581575341055,0.9623090774541486,2024,2024-01-16,76.7,-6.0,26.7,0.27,22.7,-3.7,62.5,1.0,-2.4,-1.1,1008.5,63.5,242.4,-9.1,8.1,88.0,-7.9,0.5,2.0,-6.5,"['rain', 'snow']",22.2,0.49999999999999994,0.8660254037844387,0.2719581575341055,0.9623090774541486,2024,58644,27507,-0.9014551171122458,-0.4328725815204138,0.9091452690291016,-0.41647914689934035,31137,8.649166666666666
2024-01-17,4.6,0.49999999999999994,0.8660254037844387,0.288482432880609,0.9574851883550393,2024,2024-01-17,82.5,-5.5,30.5,0.118,35.9,-7.7,12.5,2.0,-2.9,2.4,1002.7,80.1,183.9,-14.8,6.8,77.1,-8.7,0.0,3.1,-2.6,"['rain', 'snow']",22.0,0.49999999999999994,0.8660254037844387,0.288482432880609,0.9574851883550393,2024,58733,27460,-0.904237881596058,-0.4270291014517317,0.910563455071107,-0.41336931948194716,31273,8.686944444444444
2024-01-18,1.3,0.49999999999999994,0.8660254037844387,0.30492122465628907,0.9523775757303974,2024,2024-01-18,94.4,0.7,24.5,6.758,15.3,-2.9,95.83,1.0,1.5,3.1,994.6,80.1,277.9,-9.1,3.1,98.9,-2.7,1.3,1.2,-0.1,"['rain', 'snow']",5.1,0.49999999999999994,0.8660254037844387,0.30492122465628907,0.9523775757303974,2024,58823,27411,-0.9070133933046585,-0.42110177435623425,0.912030663133379,-0.4101220178245602,31412,8.725555555555555
2024-01-19,0.6,0.49999999999999994,0.8660254037844387,0.3212696616923644,0.9469877530760753,2024,2024-01-19,83.5,-6.4,20.5,0.69,42.6,-5.5,25.0,2.0,-4.0,-2.9,1016.6,57.6,336.3,-11.1,4.2,76.4,-9.4,0.4,3.7,-7.7,['snow'],16.9,0.49999999999999994,0.8660254037844387,0.3212696616923644,0.9469877530760753,2024,58914,27358,-0.9097802401986411,-0.415090248673831,0.9136046054265794,-0.40660376897336337,31556,8.765555555555556
2024-01-20,7.2,0.49999999999999994,0.8660254037844387,0.3375228995941133,0.9413173175128471,2024,2024-01-20,80.8,-7.3,22.6,0.0,73.6,-6.0,0.0,3.0,-4.5,-2.1,1030.0,57.6,255.5,-12.6,3.5,36.0,-10.4,0.0,6.4,-7.6,['none'],26.2,0.49999999999999994,0.8660254037844387,0.3375228995941133,0.9413173175128471,2024,59006,27304,-0.9125369895927824,-0.40899418409672067,0.9151942861329655,-0.40301292613211764,31702,8.806111111111111
2024-01-21,12.6,0.49999999999999994,0.8660254037844387,0.3536761221763716,0.9353679493131483,2024,2024-01-21,79.5,-6.3,25.2,0.0,75.7,-5.2,0.0,4.0,-3.2,-0.5,1033.8,69.8,224.5,-10.6,3.8,61.7,-8.4,0.0,6.7,-5.6,['none'],23.5,0.49999999999999994,0.8660254037844387,0.3536761221763716,0.9353679493131483,2024,59099,27246,-0.915282188133372,-0.4028132521228498,0.916885999989448,-0.39914917389786747,31853,8.848055555555556
2024-01-22,10.5,0.49999999999999994,0.8660254037844387,0.3697245428906731,0.9291414114031743,2024,2024-01-22,59.2,-8.0,38.5,1.651,63.3,-4.1,20.83,4.0,-0.6,1.6,1025.6,69.8,202.2,-10.7,3.7,73.7,-6.9,0.0,5.5,-4.0,"['rain', 'snow']",32.0,0.49999999999999994,0.8660254037844387,0.3697245428906731,0.9291414114031743,2024,59194,27186,-0.9180431970776171,-0.3964803756801936,0.9186188831920271,-0.39514471708860405,32008,8.891111111111112
2024-01-23,2.6,0.49999999999999994,0.8660254037844387,0.38566340624360707,0.9226395488404876,2024,2024-01-23,89.9,-1.0,23.3,1.899,18.4,-0.5,41.67,1.0,0.5,1.5,1025.3,57.6,223.0,-6.0,3.7,84.8,-4.6,0.3,1.5,-3.3,"['rain', 'snow']",7.9,0.49999999999999994,0.8660254037844387,0.38566340624360707,0.9226395488404876,2024,59289,27124,-0.9207603892022457,-0.39012857582613597,0.920391155431311,-0.39099887596234373,32165,8.934722222222222
2024-01-24,0.9,0.49999999999999994,0.8660254037844387,0.401487989205973,0.9158642882672872,2024,2024-01-24,85.7,1.2,30.3,4.671,21.2,0.3,58.33,2.0,3.4,6.2,1020.2,71.7,227.2,-4.5,3.8,80.9,-1.5,0.1,1.8,1.9,"['rain', 'snow']",15.4,0.49999999999999994,0.8660254037844387,0.401487989205973,0.9158642882672872,2024,59385,27059,-0.9234615400585758,-0.3836910007188641,0.922229091646624,-0.38664389626715007,32326,8.979444444444445
2024-01-25,1.1,0.49999999999999994,0.8660254037844387,0.4171936026123168,0.9088176373395029,2024,2024-01-25,72.1,-0.7,30.5,0.504,32.4,2.2,16.67,3.0,3.9,4.9,1021.0,59.6,269.1,-1.7,4.5,90.8,-0.8,0.0,2.8,0.1,['rain'],26.6,0.49999999999999994,0.8660254037844387,0.4171936026123168,0.9088176373395029,2024,59482,26992,-0.9261451135366983,-0.3771673748776482,0.924102012345097,-0.3821458763086971,32490,9.025
2024-01-26,14.3,0.49999999999999994,0.8660254037844387,0.4327755925504312,0.901501684131884,2024,2024-01-26,82.1,-0.6,23.3,2.535,68.1,0.2,62.5,4.0,2.2,3.8,1024.0,62.9,255.6,-3.1,6.3,87.0,-1.5,0.0,5.9,0.7,"['rain', 'snow']",21.2,0.49999999999999994,0.8660254037844387,0.4327755925504312,0.901501684131884,2024,59579,26923,-0.9287826027186435,-0.37062498146668743,0.9260079103882201,-0.3775041058034234,32656,9.071111111111112
2024-01-27,4.6,0.49999999999999994,0.8660254037844387,0.4482293417404106,0.893918596519257,2024,2024-01-27,75.3,-2.2,28.2,1.272,58.0,0.5,41.67,3.0,1.8,2.9,1029.5,60.3,297.6,-4.9,6.6,73.4,-3.0,0.0,4.9,-1.6,"['rain', 'snow']",26.8,0.49999999999999994,0.8660254037844387,0.4482293417404106,0.893918596519257,2024,59677,26851,-0.9314003493939124,-0.36399641364840113,0.9279718147451027,-0.37265038714414445,32826,9.118333333333334
2024-01-28,2.7,0.49999999999999994,0.8660254037844387,0.4635502709028509,0.886070621534138,2024,2024-01-28,82.9,-1.6,16.1,0.992,41.5,-1.9,37.5,2.0,1.0,3.6,1038.1,61.2,341.7,-3.9,6.7,69.9,-1.5,0.0,3.5,1.8,"['rain', 'snow']",27.4,0.49999999999999994,0.8660254037844387,0.4635502709028509,0.886070621534138,2024,59776,26777,-0.933996774480373,-0.3572814370496447,0.9299637608211883,-0.3676511982291257,32999,9.16638888888889
2024-01-29,21.5,0.49999999999999994,0.8660254037844387,0.47873384011578846,0.8779600847008882,2024,2024-01-29,75.3,-3.8,22.9,0.0,87.9,-2.5,0.0,4.0,0.0,3.9,1038.4,56.7,225.3,-6.4,6.5,42.0,-4.1,0.0,7.7,0.2,['none'],24.3,0.49999999999999994,0.8660254037844387,0.47873384011578846,0.8779600847008882,2024,59875,26701,-0.9365447883341098,-0.3505479417201268,0.9319815095804341,-0.36250581485015526,33174,9.215
2024-01-30,21.6,0.49999999999999994,0.8660254037844387,0.49377555015997715,0.869589389346611,2024,2024-01-30,68.5,-4.5,32.1,0.0,88.6,-1.4,0.0,4.0,0.7,4.4,1036.9,68.4,209.2,-7.2,6.1,33.2,-4.9,0.0,7.7,-0.6,['none'],28.3,0.49999999999999994,0.8660254037844387,0.49377555015997715,0.869589389346611,2024,59975,26623,-0.9390692579732954,-0.34372798653802433,0.9340227542499342,-0.3572135139428057,33352,9.264444444444445
2024-01-31,4.8,0.49999999999999994,0.8660254037844387,0.5086709438521044,0.8609610158889943,2024,2024-01-31,86.5,-1.8,23.9,0.096,29.6,-1.4,16.67,2.0,0.2,1.8,1034.5,53.3,241.7,-7.6,5.8,87.6,-4.5,0.0,2.4,-1.7,"['rain', 'snow']",11.9,0.49999999999999994,0.8660254037844387,0.5086709438521044,0.8609610158889943,2024,60075,26543,-0.9415440651830208,-0.33688985339221994,0.9360851199104864,-0.35177357530401604,33532,9.314444444444444
2025-01-01,13.0,0.49999999999999994,0.8660254037844387,0.017213356155834685,0.9998518392091162,2025,2025-01-01,77.9,-5.4,30.7,0.0,55.9,-2.8,0.0,3.0,-2.0,-0.8,1026.0,59.4,218.9,-9.8,0.8,87.5,-8.8,0.0,4.9,-7.2,['none'],18.6,0.49999999999999994,0.8660254037844387,0.017213356155834685,0.9998518392091162,2025,57568,27863,-0.8648595070550306,-0.5020139769533608,0.8980595666652397,-0.43987386228445297,29705,8.251388888888888
2025-01-02,5.6,0.49999999999999994,0.8660254037844387,0.03442161162274574,0.9994074007397048,2025,2025-01-02,79.0,-4.6,28.6,0.757,28.8,-2.7,12.5,2.0,-1.3,0.5,1014.3,62.6,228.5,-9.8,0.6,95.0,-6.7,0.6,2.5,-4.2,"['rain', 'snow']",17.4,0.49999999999999994,0.8660254037844387,0.03442161162274574,0.9994074007397048,2025,57630,27858,-0.8671141727147371,-0.49810943724972423,0.8982194499441993,-0.4395472895399765,29772,8.27
2025-01-03,0.8,0.49999999999999994,0.8660254037844387,0.051619667223253764,0.998666816288476,2025,2025-01-03,86.0,-4.1,30.0,1.432,26.8,-3.6,25.0,2.0,-2.0,-0.8,1014.8,48.4,237.9,-8.5,2.7,80.1,-7.3,0.4,2.3,-5.3,"['rain', 'snow']",13.8,0.49999999999999994,0.8660254037844387,0.051619667223253764,0.998666816288476,2025,57694,27850,-0.8694230793764521,-0.4940683242706088,0.8984750161697508,-0.4390246522904676,29844,8.29
2025-01-04,10.8,0.49999999999999994,0.8660254037844387,0.06880242680231986,0.9976303053065857,2025,2025-01-04,77.7,-6.5,26.7,0.411,36.8,-5.6,8.33,2.0,-3.2,-1.5,1020.8,56.2,248.0,-10.9,2.7,79.7,-8.4,0.1,3.1,-5.7,"['rain', 'snow']",28.0,0.49999999999999994,0.8660254037844387,0.06880242680231986,0.9976303053065857,2025,57761,27838,-0.8718200371771618,-0.4898263189911422,0.8988577952912133,-0.4382404178578456,29923,8.311944444444444
2025-01-05,1.9,0.49999999999999994,0.8660254037844387,0.08596479873744647,0.9962981749346078,2025,2025-01-05,86.0,-6.2,28.0,0.365,28.3,-8.1,37.5,2.0,-4.2,0.4,1012.9,75.6,264.5,-14.5,2.8,90.1,-10.1,0.6,2.5,-5.1,"['rain', 'snow']",20.3,0.49999999999999994,0.8660254037844387,0.08596479873744647,0.9962981749346078,2025,57830,27824,-0.8742669123943589,-0.48544553339425667,0.8993035057561272,-0.437325055919209,30006,8.335
2025-01-06,5.4,0.49999999999999994,0.8660254037844387,0.10310169744743485,0.9946708199115211,2025,2025-01-06,91.0,1.1,28.8,1.593,30.2,1.2,20.83,2.0,2.4,4.6,1003.4,50.4,224.6,-4.0,2.2,91.0,-2.3,0.3,2.6,-0.2,"['rain', 'snow']",14.0,0.49999999999999994,0.8660254037844387,0.10310169744743485,0.9946708199115211,2025,57901,27807,-0.8767617318795381,-0.48092501027872625,0.8998434723657428,-0.43621293566418073,30094,8.359444444444444
2025-01-07,1.0,0.49999999999999994,0.8660254037844387,0.1202080448993527,0.9927487224577402,2025,2025-01-07,92.1,1.0,21.0,62.512,9.3,1.1,41.67,1.0,2.1,4.5,1007.1,40.3,213.1,-3.2,0.3,97.4,-1.9,0.2,0.8,0.4,"['rain', 'snow']",10.1,0.49999999999999994,0.8660254037844387,0.1202080448993527,0.9927487224577402,2025,57974,27787,-0.8793024566107407,-0.4762637817410814,0.9004769663756095,-0.4349037054647608,30187,8.385277777777778
2025-01-08,1.0,0.49999999999999994,0.8660254037844387,0.13727877211326478,0.9905324521322229,2025,2025-01-08,90.1,-0.5,24.4,5.964,14.8,0.2,41.67,1.0,0.9,2.1,1009.4,47.5,229.8,-4.5,0.4,88.8,-3.3,0.7,1.4,-1.8,"['rain', 'snow']",15.4,0.49999999999999994,0.8660254037844387,0.13727877211326478,0.9905324521322229,2025,58049,27763,-0.8818869810782795,-0.47146087070364423,0.9012346446446892,-0.43333141507645256,30286,8.412777777777778
2025-01-09,4.9,0.49999999999999994,0.8660254037844387,0.15430882066428117,0.9880226656636976,2025,2025-01-09,88.1,3.4,32.8,2.182,38.3,1.5,12.5,3.0,5.3,8.7,1004.3,79.2,189.3,-2.2,0.4,94.9,1.4,0.0,3.2,4.8,['rain'],16.3,0.49999999999999994,0.8660254037844387,0.15430882066428117,0.9880226656636976,2025,58126,27737,-0.8845131326719387,-0.4665152924941191,0.9020523646833766,-0.4316266110530356,30389,8.44138888888889
2025-01-10,1.4,0.49999999999999994,0.8660254037844387,0.1712931441814776,0.9852201067560606,2025,2025-01-10,75.2,-3.5,35.3,0.487,13.3,-1.0,16.67,1.0,0.5,6.8,1012.5,63.0,260.3,-6.6,0.1,94.6,-5.1,0.1,1.2,3.3,"['rain', 'snow']",23.2,0.49999999999999994,0.8660254037844387,0.1712931441814776,0.9852201067560606,2025,58205,27708,-0.887178671071295,-0.4614260564772768,0.9029606324284815,-0.42972327873220545,30497,8.471388888888889
2025-01-11,2.6,0.49999999999999994,0.8660254037844387,0.1882267098432442,0.9821256058680006,2025,2025-01-11,79.8,-5.3,28.1,1.219,36.9,-3.2,87.5,3.0,-2.2,-1.1,1016.2,54.9,252.8,-10.3,0.4,90.1,-8.4,1.6,3.2,-6.8,"['rain', 'snow']",17.5,0.49999999999999994,0.8660254037844387,0.1882267098432442,0.9821256058680006,2025,58285,27676,-0.8898481100572171,-0.4562568805263093,0.9039581980492901,-0.4276208322561944,30609,8.5025
2025-01-12,0.5,0.49999999999999994,0.8660254037844387,0.2051044998686192,0.9787400799669153,2025,2025-01-12,82.6,-4.9,24.7,2.833,26.4,-3.0,66.67,2.0,-2.4,-1.5,1026.3,61.2,301.0,-9.4,2.7,97.7,-8.2,1.9,2.2,-6.6,"['rain', 'snow']",15.7,0.49999999999999994,0.8660254037844387,0.2051044998686192,0.9787400799669153,2025,58367,27641,-0.8925530273519011,-0.45094245016959367,0.9050436800268405,-0.42531863025674504,30726,8.535
2025-01-13,0.4,0.49999999999999994,0.8660254037844387,0.2219215130041655,0.9750645322571948,2025,2025-01-13,81.3,-5.5,24.3,6.129,15.0,-3.8,20.83,1.0,-2.7,-2.2,1039.8,58.2,3.0,-9.1,6.1,97.6,-8.0,1.1,1.2,-6.7,['snow'],22.5,0.49999999999999994,0.8660254037844387,0.2219215130041655,0.9750645322571948,2025,58451,27603,-0.8952910078531465,-0.44548177432673625,0.9062155644670247,-0.4228159773680647,30848,8.568888888888889
2025-01-14,4.6,0.49999999999999994,0.8660254037844387,0.2386727660059501,0.9711000518829505,2025,2025-01-14,75.9,-6.5,27.1,0.0,58.8,-4.6,0.0,3.0,-2.8,-1.1,1036.3,43.2,241.2,-9.3,5.1,86.8,-8.0,0.0,5.0,-6.6,['none'],27.1,0.49999999999999994,0.8660254037844387,0.2386727660059501,0.9711000518829505,2025,58537,27562,-0.8980595666652398,-0.4398738622844528,0.9074722043586781,-0.4201121258859372,30975,8.604166666666666
2025-01-15,0.6,0.49999999999999994,0.8660254037844387,0.255353295116187,0.9668478136052775,2025,2025-01-15,93.3,-2.5,25.9,4.058,13.9,-2.7,83.33,1.0,-1.6,-0.3,1028.7,50.4,280.2,-9.5,6.2,99.2,-6.1,7.7,1.2,-3.7,"['rain', 'snow']",3.3,0.49999999999999994,0.8660254037844387,0.255353295116187,0.9668478136052775,2025,58624,27518,-0.900824576216777,-0.4341832365302282,0.9088118187792111,-0.41720627757408235,31106,8.640555555555556
2025-01-16,1.3,0.49999999999999994,0.8660254037844387,0.2719581575341055,0.9623090774541486,2025,2025-01-16,91.6,-1.0,15.6,0.861,19.6,-0.6,12.5,1.0,0.2,1.0,1038.3,39.6,339.1,-4.5,5.5,90.3,-3.0,0.0,1.8,-0.9,"['rain', 'snow']",15.7,0.49999999999999994,0.8660254037844387,0.2719581575341055,0.9623090774541486,2025,58712,27472,-0.9035846843212593,-0.4284095216729552,0.9102023756174674,-0.4141637784986982,31240,8.677777777777777
2025-01-17,1.7,0.49999999999999994,0.8660254037844387,0.288482432880609,0.9574851883550393,2025,2025-01-17,78.4,-2.4,17.8,10.031,20.5,-0.2,4.17,1.0,0.9,1.8,1040.8,43.2,251.7,-4.8,4.2,85.7,-3.1,0.0,1.7,-1.8,"['rain', 'snow']",23.9,0.49999999999999994,0.8660254037844387,0.288482432880609,0.9574851883550393,2025,58801,27423,-0.9063385183073966,-0.4225523520610823,0.9116724169259948,-0.4109177584582044,31378,8.716111111111111
2025-01-18,10.7,0.49999999999999994,0.8660254037844387,0.30492122465628907,0.9523775757303974,2025,2025-01-18,81.2,-1.8,18.6,0.0,25.9,0.4,0.0,1.0,1.1,2.2,1036.6,46.8,255.9,-4.4,3.8,79.8,-3.0,0.0,2.2,-1.6,['none'],22.4,0.49999999999999994,0.8660254037844387,0.30492122465628907,0.9523775757303974,2025,58892,27372,-0.9091149794068755,-0.4165452607076887,0.9131901651548396,-0.40753370690591556,31520,8.755555555555556
2025-01-19,6.1,0.49999999999999994,0.8660254037844387,0.3212696616923644,0.9469877530760753,2025,2025-01-19,71.9,-4.0,21.5,0.0,22.3,-1.2,0.0,1.0,0.5,1.7,1031.3,46.8,225.1,-5.9,3.8,87.6,-3.9,0.0,1.8,-2.1,['none'],22.0,0.49999999999999994,0.8660254037844387,0.3212696616923644,0.9469877530760753,2025,58984,27318,-0.9118814782719002,-0.41045361441294914,0.9147835009051521,-0.4039444843932313,31666,8.796111111111111
2025-01-20,12.6,0.49999999999999994,0.8660254037844387,0.3375228995941133,0.9413173175128471,2025,2025-01-20,83.0,-3.3,26.2,0.0,31.3,-1.3,0.0,2.0,-0.7,0.1,1026.7,46.8,209.5,-7.5,1.6,87.8,-6.5,0.0,2.7,-5.5,['none'],21.0,0.49999999999999994,0.8660254037844387,0.3375228995941133,0.9413173175128471,2025,59077,27261,-0.914636562076186,-0.40427708235003257,0.9164500503634216,-0.40014910369621226,31816,8.837777777777777
2025-01-21,4.2,0.49999999999999994,0.8660254037844387,0.3536761221763716,0.9353679493131483,2025,2025-01-21,82.3,-3.8,23.0,0.081,20.9,-1.7,16.67,1.0,-1.2,-0.5,1021.2,57.6,216.9,-7.8,2.1,99.7,-6.2,0.0,1.8,-4.2,"['rain', 'snow']",16.2,0.49999999999999994,0.8660254037844387,0.3536761221763716,0.9353679493131483,2025,59171,27202,-0.9173787572905344,-0.39801534602584704,0.9181584897016952,-0.3962133109686018,31969,8.880277777777778
2025-01-22,7.7,0.49999999999999994,0.8660254037844387,0.3697245428906731,0.9291414114031743,2025,2025-01-22,89.1,-2.7,21.2,0.0,25.2,-1.7,0.0,1.0,-1.2,-0.3,1017.6,46.8,210.5,-7.3,0.3,85.2,-5.6,0.0,2.3,-4.4,['none'],10.9,0.49999999999999994,0.8660254037844387,0.3697245428906731,0.9291414114031743,2025,59266,27140,-0.9201065696755494,-0.39166809984972395,0.9199355846453855,-0.3920695347806977,32126,8.92388888888889
2025-01-23,2.2,0.49999999999999994,0.8660254037844387,0.38566340624360707,0.9226395488404876,2025,2025-01-23,90.7,-1.5,29.4,0.011,18.5,-2.0,4.17,1.0,-0.2,2.6,1011.8,63.9,224.2,-8.6,1.2,91.4,-5.5,0.0,1.8,-2.7,"['rain', 'snow']",7.6,0.49999999999999994,0.8660254037844387,0.38566340624360707,0.9226395488404876,2025,59362,27076,-0.9228184842829436,-0.3852350517096422,0.9217503888731543,-0.38778372917412207,32286,8.968333333333334
2025-01-24,10.9,0.49999999999999994,0.8660254037844387,0.401487989205973,0.9158642882672872,2025,2025-01-24,89.3,-1.3,17.8,0.0,48.7,-1.7,0.0,2.0,0.3,3.1,1017.4,43.2,238.4,-6.1,3.0,75.4,-3.9,0.0,4.2,-0.4,['none'],17.0,0.49999999999999994,0.8660254037844387,0.401487989205973,0.9158642882672872,2025,59459,27009,-0.9255129654657279,-0.37871592355594746,0.923628868928063,-0.3832880280972354,32450,9.01388888888889
2025-01-25,9.6,0.49999999999999994,0.8660254037844387,0.4171936026123168,0.9088176373395029,2025,2025-01-25,82.5,0.8,30.2,0.0,57.4,1.6,0.0,3.0,3.6,5.9,1016.7,61.2,207.7,-2.6,3.2,94.5,-0.9,0.0,4.9,2.1,['none'],22.4,0.49999999999999994,0.8660254037844387,0.4171936026123168,0.9088176373395029,2025,59556,26940,-0.9281613938075557,-0.3721779507778713,0.9255405040175664,-0.37864861735243294,32616,9.06
2025-01-26,6.5,0.49999999999999994,0.8660254037844387,0.4327755925504312,0.901501684131884,2025,2025-01-26,86.2,2.9,27.7,0.0,31.3,3.3,0.0,2.0,5.0,6.7,1011.9,61.2,208.2,-1.6,1.0,87.1,0.9,0.0,2.7,3.1,['none'],16.2,0.49999999999999994,0.8660254037844387,0.4327755925504312,0.901501684131884,2025,59654,26869,-0.9307902238061895,-0.36555377069156836,0.9274832216411154,-0.3738647797990839,32785,9.106944444444444
2025-01-27,16.2,0.49999999999999994,0.8660254037844387,0.4482293417404106,0.893918596519257,2025,2025-01-27,82.2,2.3,29.0,0.0,64.3,3.0,0.0,4.0,5.2,8.5,1008.1,64.8,171.9,-1.3,2.4,75.0,1.3,0.0,5.6,4.9,['none'],22.6,0.49999999999999994,0.8660254037844387,0.4482293417404106,0.893918596519257,2025,59753,26796,-0.9333978767737214,-0.35884314628303654,0.9294548826213165,-0.36893579545958227,32957,9.154722222222222
2025-01-28,6.8,0.49999999999999994,0.8660254037844387,0.4635502709028509,0.886070621534138,2025,2025-01-28,81.7,4.1,42.2,0.404,43.2,3.5,29.17,3.0,7.1,11.4,1002.1,62.5,181.5,-1.0,0.8,90.9,4.4,0.0,3.6,11.4,['rain'],21.4,0.49999999999999994,0.8660254037844387,0.4635502709028509,0.886070621534138,2025,59852,26720,-0.9359571495507952,-0.35211392219670956,0.9314797389261424,-0.3637932049531512,33132,9.203333333333333
2025-01-29,13.2,0.49999999999999994,0.8660254037844387,0.47873384011578846,0.8779600847008882,2025,2025-01-29,81.3,1.4,27.2,0.021,60.5,1.3,4.17,4.0,4.4,7.4,1010.9,61.2,211.7,-2.8,0.8,68.3,0.7,0.0,5.3,4.2,['rain'],25.3,0.49999999999999994,0.8660254037844387,0.47873384011578846,0.8779600847008882,2025,59952,26643,-0.9384930227595558,-0.34529819899853503,0.9335022205220901,-0.3585716166685912,33309,9.2525
2025-01-30,20.6,0.49999999999999994,0.8660254037844387,0.49377555015997715,0.869589389346611,2025,2025-01-30,77.3,0.5,23.4,0.0,88.8,0.4,0.0,4.0,4.4,10.5,1018.5,64.8,231.6,-4.0,0.7,30.6,1.4,0.0,7.7,10.5,['none'],34.2,0.49999999999999994,0.8660254037844387,0.49377555015997715,0.869589389346611,2025,60052,26563,-0.9409792640129033,-0.338464214796387,0.9355724960685198,-0.3531346833718258,33489,9.3025
2025-01-31,3.4,0.49999999999999994,0.8660254037844387,0.5086709438521044,0.8609610158889943,2025,2025-01-31,85.7,-0.8,23.1,0.0,45.4,-2.4,0.0,3.0,1.3,4.0,1025.0,62.6,261.0,-5.6,0.0,62.9,-2.3,0.0,3.8,2.0,['none'],22.0,0.49999999999999994,0.8660254037844387,0.5086709438521044,0.8609610158889943,2025,60152,26481,-0.9434157418266261,-0.33161233100371407,0.9376616648942282,-0.347549424093587,33671,9.353055555555555
2024-02-01,0.9,0.8660254037844386,0.5000000000000001,0.5234156073655503,0.8520775211013093,2024,2024-02-01,91.3,0.0,24.9,2.199,15.0,0.1,25.0,1.0,1.3,2.5,1026.2,66.2,231.3,-4.8,6.1,85.9,-3.4,0.0,1.4,-1.6,"['rain', 'snow']",6.1,0.8660254037844386,0.5000000000000001,0.5234156073655503,0.8520775211013093,2024,60176,26460,-0.9439930773304279,-0.32996525567433416,0.9381913359224842,-0.3461170570774929,33716,9.365555555555556
2024-02-02,9.0,0.8660254037844386,0.5000000000000001,0.5380051715382996,0.8429415373547828,2024,2024-02-02,81.9,-0.9,28.0,0.068,46.0,0.1,12.5,2.0,1.8,6.1,1026.9,56.4,246.5,-4.0,6.3,92.4,-2.2,0.0,4.0,2.5,"['rain', 'snow']",21.0,0.8660254037844386,0.5000000000000001,0.5380051715382996,0.8429415373547828,2024,60277,26376,-0.9463911632092318,-0.32302285708518713,0.940288127010419,-0.34037955021305,33901,9.416944444444445
2024-02-03,1.9,0.8660254037844386,0.5000000000000001,0.5524353131676196,0.8335557718385699,2024,2024-02-03,83.1,2.7,30.4,0.362,17.9,2.9,33.33,1.0,5.3,7.4,1021.0,72.0,260.6,-2.2,6.2,93.6,1.0,0.0,1.4,3.3,['rain'],20.7,0.8660254037844386,0.5000000000000001,0.5524353131676196,0.8335557718385699,2024,60378,26290,-0.9487381934481806,-0.31606303215131437,0.94239849065745,-0.3344922791434209,34088,9.46888888888889
2024-02-04,2.1,0.8660254037844386,0.5000000000000001,0.5667017562911176,0.8239230057575542,2024,2024-02-04,85.3,3.9,31.5,2.245,20.7,5.0,66.67,1.0,6.2,7.7,1017.5,66.6,249.3,0.9,6.0,96.6,2.1,0.0,1.8,3.7,['rain'],23.3,0.8660254037844386,0.5000000000000001,0.5667017562911176,0.8239230057575542,2024,60479,26202,-0.9510340414303583,-0.3090861563393605,0.9445197754796022,-0.32845455351990777,34277,9.52138888888889
2024-02-05,1.1,0.8660254037844386,0.5000000000000001,0.5808002734538009,0.8140460935082178,2024,2024-02-05,78.8,3.7,35.0,2.869,13.2,4.2,29.17,1.0,7.2,9.0,1013.3,71.6,253.9,0.2,5.0,87.9,3.1,0.0,1.2,5.3,['rain'],29.2,0.8660254037844386,0.5000000000000001,0.5808002734538009,0.8140460935082178,2024,60581,26112,-0.9533005495735452,-0.30202328086221575,0.9466492601156964,-0.322265695230511,34469,9.574722222222222
2024-02-06,5.3,0.8660254037844386,0.5000000000000001,0.5947266869607634,0.8039279618328213,2024,2024-02-06,71.5,0.8,30.2,0.0,74.3,3.5,0.0,3.0,5.5,6.7,1013.0,60.8,240.4,-0.8,5.5,89.7,1.2,0.0,6.5,2.6,['none'],31.7,0.8660254037844386,0.5000000000000001,0.5947266869607634,0.8039279618328213,2024,60683,26020,-0.9555146059105951,-0.29494378768083945,0.9487841529178446,-0.31592504043201164,34663,9.62861111111111
2024-02-07,1.5,0.8660254037844386,0.5000000000000001,0.6084768701151261,0.7935716089521474,2024,2024-02-07,77.8,1.7,32.2,2.978,28.8,0.9,58.33,2.0,5.3,7.6,1005.8,62.1,233.8,-3.0,5.4,97.4,1.1,0.0,2.6,4.1,"['rain', 'snow']",28.6,0.8660254037844386,0.5000000000000001,0.6084768701151261,0.7935716089521474,2024,60785,25927,-0.9576760886213186,-0.28784806631793153,0.9508990866253979,-0.30950109378640983,34858,9.682777777777778
2024-02-08,2.6,0.8660254037844386,0.5000000000000001,0.6220467484408675,0.7829801036770629,2024,2024-02-08,94.7,1.7,19.1,4.462,24.9,-0.3,100.0,1.0,2.4,7.2,1003.8,54.0,281.8,-3.6,3.5,99.5,-0.2,0.7,2.1,4.0,"['rain', 'snow']",8.0,0.8660254037844386,0.5000000000000001,0.6220467484408675,0.7829801036770629,2024,60886,25832,-0.9597644605053812,-0.28080630397271095,0.9530145948208576,-0.3029243834002748,35054,9.737222222222222
2024-02-09,8.5,0.8660254037844386,0.5000000000000001,0.6354323008901774,0.7721565844991642,2024,2024-02-09,87.7,5.6,20.3,1.419,52.7,6.5,50.0,3.0,7.5,9.4,997.2,61.2,203.5,3.7,4.9,96.4,5.0,0.0,4.4,6.8,['rain'],17.4,0.8660254037844386,0.5000000000000001,0.6354323008901774,0.7721565844991642,2024,60988,25735,-0.9618209603651334,-0.27367944789898363,0.955127706881486,-0.296194300328879,35253,9.7925
2024-02-10,16.8,0.8660254037844386,0.5000000000000001,0.6486295610349814,0.7611042586607747,2024,2024-02-10,80.9,5.7,31.1,3.471,89.3,6.4,33.33,5.0,8.9,11.2,994.5,72.0,169.9,3.8,4.5,87.8,7.4,0.0,7.7,11.2,['rain'],21.0,0.8660254037844386,0.5000000000000001,0.6486295610349814,0.7611042586607747,2024,61090,25637,-0.9638245396149332,-0.2665375336346875,0.9572143393225434,-0.28937986902220186,35453,9.848055555555556
2024-02-11,2.2,0.8660254037844386,0.5000000000000001,0.6616346182422783,0.7498264012045686,2024,2024-02-11,86.3,5.9,27.2,5.229,20.1,5.3,100.0,1.0,8.1,10.0,993.1,75.6,174.2,1.2,4.0,99.9,5.0,0.0,1.8,6.9,['rain'],16.5,0.8660254037844386,0.5000000000000001,0.6616346182422783,0.7498264012045686,2024,61192,25537,-0.9657750880153073,-0.2593809541370097,0.9592934395532579,-0.28241121937713454,35655,9.904166666666667
2024-02-12,6.2,0.8660254037844386,0.5000000000000001,0.6744436188329455,0.7383263540031065,2024,2024-02-12,85.6,3.5,20.2,0.34,43.2,4.0,29.17,2.0,5.7,7.8,1002.6,46.8,244.6,0.9,3.8,93.2,2.7,0.0,3.7,5.2,['rain'],21.0,0.8660254037844386,0.5000000000000001,0.6744436188329455,0.7383263540031065,2024,61294,25435,-0.9676724982446072,-0.252210103170037,0.9613618569615864,-0.2752878129873721,35859,9.960833333333333
2024-02-13,7.6,0.8660254037844386,0.5000000000000001,0.6870527672236669,0.7266075247685656,2024,2024-02-13,84.0,1.0,21.1,0.238,52.3,0.0,20.83,2.0,3.5,5.7,1017.1,54.0,332.2,-3.1,3.7,79.8,0.7,0.0,4.6,2.7,['rain'],22.7,0.8660254037844386,0.5000000000000001,0.6870527672236669,0.7266075247685656,2024,61395,25333,-0.9694988445931634,-0.24509587987667425,0.9633773790204144,-0.2681492599127524,36062,10.017222222222221
2024-02-14,16.6,0.8660254037844386,0.5000000000000001,0.699458327051647,0.7146733860429609,2024,2024-02-14,85.0,-0.3,18.9,0.053,88.1,-2.3,4.17,4.0,2.0,6.5,1023.8,46.8,255.7,-6.0,3.6,76.8,-1.2,0.0,7.6,3.1,['rain'],23.0,0.8660254037844386,0.5000000000000001,0.699458327051647,0.7146733860429609,2024,61497,25228,-0.9712901916798623,-0.237897800634004,0.9653968123432337,-0.2607853422213819,36269,10.074722222222222
2024-02-15,6.3,0.8660254037844386,0.5000000000000001,0.7116566222817746,0.7025274741691571,2024,2024-02-15,84.1,4.1,16.9,0.0,31.0,3.8,0.0,1.0,6.5,8.8,1022.9,46.8,226.6,0.8,3.4,93.6,4.0,0.0,2.7,7.3,['none'],18.4,0.8660254037844386,0.5000000000000001,0.7116566222817746,0.7025274741691571,2024,61598,25123,-0.9730113185692875,-0.2307573919423958,0.967359957823857,-0.2534062193376984,36475,10.131944444444445
2024-02-16,25.4,0.8660254037844386,0.5000000000000001,0.7236440382959124,0.6901733882429719,2024,2024-02-16,78.8,3.2,26.8,0.0,120.2,3.3,0.0,5.0,6.9,11.9,1022.0,58.5,202.0,-0.9,3.2,46.6,4.1,0.0,10.4,11.9,['none'],28.0,0.8660254037844386,0.5000000000000001,0.7236440382959124,0.6901733882429719,2024,61699,25016,-0.9746799537223285,-0.22360453441699155,0.9693024717900143,-0.24587134477561365,36683,10.189722222222223
2024-02-17,2.0,0.8660254037844386,0.5000000000000001,0.7354170229639855,0.6776147890466889,2024,2024-02-17,87.6,3.2,22.4,3.409,24.8,3.8,33.33,1.0,5.1,6.4,1027.3,60.8,254.2,-0.1,3.0,92.8,2.2,0.0,2.2,3.9,['rain'],14.7,0.8660254037844386,0.5000000000000001,0.7354170229639855,0.6776147890466889,2024,61801,24908,-0.9763117444712459,-0.21636861511668615,0.9712036253921149,-0.2382509559796404,36893,10.248055555555556
2024-02-18,22.7,0.8660254037844386,0.5000000000000001,0.7469720876965552,0.6648553979642865,2024,2024-02-18,78.0,0.0,15.9,0.0,113.1,1.1,0.0,6.0,3.6,6.5,1032.3,54.0,50.3,-2.9,2.9,81.2,1.1,0.0,9.6,5.2,['none'],27.3,0.8660254037844386,0.5000000000000001,0.7469720876965552,0.6648553979642865,2024,61901,24798,-0.9778593915797151,-0.20926301703681252,0.9730784020065812,-0.23047434466403927,37103,10.30638888888889
2024-02-19,2.9,0.8660254037844386,0.5000000000000001,0.7583058084785624,0.6518989958787126,2024,2024-02-19,86.7,2.2,25.7,1.421,28.8,0.8,58.33,2.0,4.2,6.1,1022.7,61.2,235.0,-3.1,2.8,94.1,0.5,0.0,2.5,2.5,['rain'],17.5,0.8660254037844386,0.5000000000000001,0.7583058084785624,0.6518989958787126,2024,62002,24688,-0.9793700227606562,-0.20207513087411733,0.9748909108758727,-0.22268298518659083,37314,10.365
2024-02-20,2.4,0.8660254037844386,0.5000000000000001,0.7694148268839378,0.6387494220515272,2024,2024-02-20,86.0,2.7,21.5,3.403,44.6,3.4,45.83,3.0,4.8,6.7,1023.7,50.9,248.8,-0.5,2.8,90.7,1.4,0.0,3.7,3.1,['rain'],21.8,0.8660254037844386,0.5000000000000001,0.7694148268839378,0.6387494220515272,2024,62102,24576,-0.9808136447665202,-0.19494767051651155,0.9766722783341679,-0.2147353271670632,37526,10.42388888888889
2024-02-21,9.4,0.8660254037844386,0.5000000000000001,0.7802958510707755,0.6254105729852463,2024,2024-02-21,85.8,2.0,19.0,0.715,58.9,2.5,33.33,5.0,4.2,6.1,1021.6,50.4,209.6,-1.1,3.7,88.5,0.9,0.0,5.1,2.9,['rain'],21.1,0.8660254037844386,0.5000000000000001,0.7802958510707755,0.6254105729852463,2024,62203,24463,-0.982219052026231,-0.1877384719142353,0.9784038891820015,-0.20670227292783636,37740,10.483333333333333
2024-02-22,6.8,0.8660254037844386,0.5000000000000001,0.7909456567567772,0.6118864012687243,2024,2024-02-22,74.3,1.7,33.3,0.195,58.0,3.2,8.33,3.0,6.0,7.4,1005.7,69.3,187.7,-1.2,3.7,97.1,1.6,0.0,5.1,3.3,['rain'],26.8,0.8660254037844386,0.5000000000000001,0.7909456567567772,0.6118864012687243,2024,62302,24349,-0.9835452049648532,-0.18066219801232583,0.9800838739715458,-0.19858398722184778,37953,10.5425
2024-02-23,1.8,0.8660254037844386,0.5000000000000001,0.8013610881746766,0.5981809144059165,2024,2024-02-23,88.3,4.4,31.9,6.935,18.0,5.4,95.83,1.0,6.2,7.9,1000.4,79.2,172.4,1.6,3.4,99.8,2.9,0.0,1.6,4.3,['rain'],15.2,0.8660254037844386,0.5000000000000001,0.8013610881746766,0.5981809144059165,2024,62402,24235,-0.9848329986994834,-0.17350494134918287,0.9816964986630602,-0.19045205305453694,38167,10.601944444444445
2024-02-24,12.6,0.8660254037844386,0.5000000000000001,0.8115390590073611,0.5842981736283684,2024,2024-02-24,85.6,3.0,30.8,3.451,75.1,3.0,45.83,4.0,5.2,8.0,1006.6,66.7,198.5,-0.9,2.5,91.8,1.7,0.0,6.6,4.9,['rain'],24.0,0.8660254037844386,0.5000000000000001,0.8115390590073611,0.5842981736283684,2024,62501,24119,-0.9860566107161995,-0.16641021742333423,0.9832681575053641,-0.18216402069565366,38382,10.661666666666667
2024-02-25,21.7,0.8660254037844386,0.5000000000000001,0.8214765533024142,0.5702422926917871,2024,2024-02-25,78.8,1.7,25.7,0.0,110.0,1.0,0.0,5.0,5.4,9.6,1009.5,68.4,169.0,-3.4,3.0,67.8,2.0,0.0,9.6,6.8,['none'],30.2,0.8660254037844386,0.5000000000000001,0.8214765533024142,0.5702422926917871,2024,62601,24002,-0.9872406956292549,-0.1592350743192748,0.9847824864923219,-0.1737914103113266,38599,10.721944444444444
2024-02-26,18.9,0.8660254037844386,0.5000000000000001,0.8311706263658079,0.5560174366570446,2024,2024-02-26,79.4,3.0,28.6,0.0,90.5,1.9,0.0,5.0,6.5,11.5,1006.6,72.0,162.2,-2.1,2.4,71.3,3.8,0.0,7.8,11.5,['none'],26.2,0.8660254037844386,0.5000000000000001,0.8311706263658079,0.5560174366570446,2024,62699,23884,-0.9883504451294709,-0.1521952614649248,0.9862375494077489,-0.1653344977256656,38815,10.781944444444445
2024-02-27,22.4,0.8660254037844386,0.5000000000000001,0.8406184056344782,0.5416278206559814,2024,2024-02-27,77.1,5.1,20.2,0.284,116.9,4.0,25.0,5.0,9.1,14.3,1012.4,79.2,174.2,0.6,2.5,86.9,7.4,0.0,10.0,14.3,['rain'],21.3,0.8660254037844386,0.5000000000000001,0.8406184056344782,0.5416278206559814,2024,62798,23766,-0.9894205486312346,-0.1450757662267092,0.9876199891643808,-0.15686541047327282,39032,10.842222222222222
2024-02-28,9.4,0.8660254037844386,0.5000000000000001,0.8498170915275278,0.5270777086423722,2024,2024-02-28,88.8,6.2,14.5,0.59,77.5,6.1,16.67,4.0,7.9,10.2,1018.6,54.0,342.8,3.9,2.3,96.3,6.1,0.0,6.8,10.2,['rain'],11.3,0.8660254037844386,0.5000000000000001,0.8498170915275278,0.5270777086423722,2024,62896,23646,-0.9904293336214507,-0.1380207777914943,0.9889512751943923,-0.14824093662475749,39250,10.902777777777779
2024-02-29,11.8,0.8660254037844386,0.5000000000000001,0.8587639582758029,0.5123714121284237,2024,2024-02-29,90.3,5.6,13.5,0.0,105.5,5.1,0.0,5.0,7.2,10.4,1019.0,54.0,32.8,2.6,2.0,81.7,5.3,0.0,9.2,10.4,['none'],6.6,0.8660254037844386,0.5000000000000001,0.8587639582758029,0.5123714121284237,2024,62994,23526,-0.9913878142017059,-0.13095877921072677,0.9902072487559171,-0.1396051736549805,39468,10.963333333333333
2025-02-01,14.9,0.8660254037844386,0.5000000000000001,0.5234156073655503,0.8520775211013093,2025,2025-02-01,81.5,-4.1,10.2,0.0,101.5,-3.8,0.0,5.0,-1.3,2.3,1032.4,20.5,4.8,-7.3,2.7,77.5,-4.3,0.0,8.8,0.0,['none'],25.7,0.8660254037844386,0.5000000000000001,0.5234156073655503,0.8520775211013093,2025,60253,26397,-0.9458259408181219,-0.324674128435751,0.9397672156424046,-0.3418151260604514,33856,9.404444444444444
2025-02-02,4.4,0.8660254037844386,0.5000000000000001,0.5380051715382996,0.8429415373547828,2025,2025-02-02,80.8,-5.1,8.2,0.0,48.5,-4.2,0.0,2.0,-2.1,0.7,1027.6,20.9,347.9,-6.4,0.7,84.6,-4.1,0.0,4.3,-0.9,['none'],19.1,0.8660254037844386,0.5000000000000001,0.5380051715382996,0.8429415373547828,2025,60354,26311,-0.9481851146622191,-0.317718410440746,0.9418865676481284,-0.33593108472427446,34043,9.456388888888888
2025-02-03,13.9,0.8660254037844386,0.5000000000000001,0.5524353131676196,0.8335557718385699,2025,2025-02-03,80.5,-5.5,10.6,0.019,84.9,-5.2,4.17,5.0,-2.5,1.3,1029.5,32.4,357.8,-8.1,0.0,47.8,-5.3,0.0,7.3,-1.6,['snow'],20.9,0.8660254037844386,0.5000000000000001,0.5524353131676196,0.8335557718385699,2025,60456,26224,-0.9505157316277837,-0.31067642963073183,0.943993077330428,-0.32996525567433393,34232,9.508888888888889
2025-02-04,23.3,0.8660254037844386,0.5000000000000001,0.5667017562911176,0.8239230057575542,2025,2025-02-04,73.6,-6.8,11.2,0.095,97.4,-6.4,4.17,4.0,-2.5,2.8,1032.3,18.7,295.3,-10.6,2.6,7.1,-5.4,0.0,8.4,0.3,['snow'],28.7,0.8660254037844386,0.5000000000000001,0.5667017562911176,0.8239230057575542,2025,60557,26134,-0.9527719678148947,-0.3036866433449669,0.9461324606994079,-0.32377981223492497,34423,9.561944444444444
2025-02-05,22.9,0.8660254037844386,0.5000000000000001,0.5808002734538009,0.8140460935082178,2025,2025-02-05,69.4,-5.9,17.3,0.0,98.9,-4.2,0.0,4.0,-0.8,3.8,1035.5,39.6,281.9,-9.7,0.7,33.6,-4.9,0.0,8.6,1.9,['none'],20.7,0.8660254037844386,0.5000000000000001,0.5808002734538009,0.8140460935082178,2025,60659,26043,-0.9549983768200107,-0.2966110252016014,0.9482544075009912,-0.3175115409791336,34616,9.615555555555556
2025-02-06,3.8,0.8660254037844386,0.5000000000000001,0.5947266869607634,0.8039279618328213,2025,2025-02-06,88.8,-1.5,17.1,0.786,53.9,-0.4,16.67,3.0,0.1,1.2,1038.9,46.8,30.0,-5.1,0.1,98.0,-4.1,0.7,4.9,-2.5,"['rain', 'snow']",9.7,0.8660254037844386,0.5000000000000001,0.5947266869607634,0.8039279618328213,2025,60760,25950,-0.9571511836492388,-0.2895886939071709,0.9503800829845611,-0.31109114077109096,34810,9.669444444444444
2025-02-07,3.3,0.8660254037844386,0.5000000000000001,0.6084768701151261,0.7935716089521474,2025,2025-02-07,82.5,-2.7,19.1,0.0,53.3,-1.2,0.0,4.0,0.0,1.8,1035.6,55.2,78.2,-6.4,1.5,96.0,-4.2,0.0,4.7,-1.6,['none'],8.9,0.8660254037844386,0.5000000000000001,0.6084768701151261,0.7935716089521474,2025,60862,25855,-0.9592728994932379,-0.2824809804178617,0.9525065884688467,-0.3045179779970947,35007,9.724166666666667
2025-02-08,16.4,0.8660254037844386,0.5000000000000001,0.6220467484408675,0.7829801036770629,2025,2025-02-08,68.2,-5.1,19.6,0.0,87.1,-2.6,0.0,4.0,0.3,3.9,1032.3,75.6,93.0,-8.3,0.7,77.6,-4.4,0.0,7.6,0.1,['none'],21.9,0.8660254037844386,0.5000000000000001,0.6220467484408675,0.7829801036770629,2025,60964,25759,-0.9613418349248276,-0.2753577244664938,0.9546092958249857,-0.2978608606791517,35205,9.779166666666667
2025-02-09,3.7,0.8660254037844386,0.5000000000000001,0.6354323008901774,0.7721565844991642,2025,2025-02-09,61.1,-6.2,17.9,0.0,40.0,-2.1,0.0,2.0,0.6,3.9,1031.7,75.6,114.3,-7.2,0.7,75.6,-3.5,0.0,3.4,0.5,['none'],28.6,0.8660254037844386,0.5000000000000001,0.6354323008901774,0.7721565844991642,2025,61066,25661,-0.9633578761085547,-0.2682193179836504,0.956707818508178,-0.29105008161023266,35405,9.834722222222222
2025-02-10,21.0,0.8660254037844386,0.5000000000000001,0.6486295610349814,0.7611042586607747,2025,2025-02-10,63.6,-5.6,15.6,0.0,98.3,-4.0,0.0,4.0,0.6,5.5,1030.6,39.6,36.8,-7.5,0.7,35.9,-1.5,0.0,8.6,3.6,['none'],19.5,0.8660254037844386,0.5000000000000001,0.6486295610349814,0.7611042586607747,2025,61168,25562,-0.9653209121192746,-0.26106615373351594,0.9587784163694811,-0.28415479637695684,35606,9.890555555555556
2025-02-11,20.7,0.8660254037844386,0.5000000000000001,0.6616346182422783,0.7498264012045686,2025,2025-02-11,70.2,-7.0,16.5,0.0,103.9,-5.7,0.0,4.0,-2.1,3.2,1030.6,18.0,51.6,-9.0,1.9,8.9,-4.5,0.0,9.0,0.5,['none'],13.0,0.8660254037844386,0.5000000000000001,0.6616346182422783,0.7498264012045686,2025,61270,25461,-0.9672308349482545,-0.25389862529226603,0.9608396319643172,-0.2771050372091339,35809,9.946944444444444
2025-02-12,3.5,0.8660254037844386,0.5000000000000001,0.6744436188329455,0.7383263540031065,2025,2025-02-12,65.2,-7.2,25.1,0.085,33.5,-3.4,29.17,1.0,-1.4,0.9,1025.6,64.8,125.5,-9.0,0.6,96.5,-7.0,0.6,2.8,-4.7,"['rain', 'snow']",18.4,0.8660254037844386,0.5000000000000001,0.6744436188329455,0.7383263540031065,2025,61371,25358,-0.9690695951708419,-0.24678760040857123,0.9628882780470157,-0.26990028529005466,36013,10.00361111111111
2025-02-13,2.7,0.8660254037844386,0.5000000000000001,0.6870527672236669,0.7266075247685656,2025,2025-02-13,89.3,-1.9,20.1,0.861,30.5,-2.0,54.17,1.0,-0.4,1.4,1018.4,46.8,221.1,-7.0,0.7,99.4,-5.0,1.9,2.6,-2.3,"['rain', 'snow']",5.3,0.8660254037844386,0.5000000000000001,0.6870527672236669,0.7266075247685656,2025,61473,25254,-0.9708735025410461,-0.2395926586180834,0.9649020010024226,-0.26261022154805946,36219,10.060833333333333
2025-02-14,0.7,0.8660254037844386,0.5000000000000001,0.699458327051647,0.7146733860429609,2025,2025-02-14,87.9,-4.2,22.8,0.507,7.9,-5.7,29.17,0.0,-2.5,-0.8,1020.7,50.4,345.5,-11.5,0.5,94.6,-7.3,0.3,0.7,-3.9,"['rain', 'snow']",6.5,0.8660254037844386,0.5000000000000001,0.699458327051647,0.7146733860429609,2025,61574,25149,-0.9726070891668795,-0.23245526473351735,0.9668790952145292,-0.2552348237155998,36425,10.118055555555555
2025-02-15,1.7,0.8660254037844386,0.5000000000000001,0.7116566222817746,0.7025274741691571,2025,2025-02-15,76.9,-8.3,16.3,0.034,56.0,-6.7,8.33,3.0,-4.8,-3.0,1025.2,50.4,1.6,-12.2,1.3,83.0,-8.6,1.1,4.8,-4.7,['snow'],18.3,0.8660254037844386,0.5000000000000001,0.7116566222817746,0.7025274741691571,2025,61676,25042,-0.9743045879532984,-0.22523447758536716,0.9688358524399971,-0.2477036354736526,36634,10.176111111111112
2025-02-16,18.6,0.8660254037844386,0.5000000000000001,0.7236440382959124,0.6901733882429719,2025,2025-02-16,79.7,-9.3,12.8,0.049,123.4,-9.4,8.33,5.0,-6.3,-2.9,1023.8,27.7,28.3,-13.1,2.4,61.3,-10.2,0.0,10.7,-6.2,['snow'],17.5,0.8660254037844386,0.5000000000000001,0.7236440382959124,0.6901733882429719,2025,61777,24935,-0.9759326231823475,-0.21807227015010872,0.9707339488875968,-0.24015744934749098,36842,10.233888888888888
2025-02-17,25.2,0.8660254037844386,0.5000000000000001,0.7354170229639855,0.6776147890466889,2025,2025-02-17,74.9,-10.6,9.1,0.03,117.3,-9.5,8.33,5.0,-6.7,-3.0,1026.7,20.9,24.8,-13.6,2.3,46.5,-9.8,0.0,10.3,-5.5,['snow'],16.5,0.8660254037844386,0.5000000000000001,0.7354170229639855,0.6776147890466889,2025,61878,24825,-0.9775080090773067,-0.2108982982143765,0.9726239912189382,-0.23238453413543447,37053,10.2925
2025-02-18,20.9,0.8660254037844386,0.5000000000000001,0.7469720876965552,0.6648553979642865,2025,2025-02-18,65.6,-11.4,11.9,0.0,124.5,-8.6,0.0,5.0,-5.9,-3.5,1029.7,29.2,19.8,-12.6,1.1,47.7,-9.8,0.0,10.8,-7.2,['none'],20.2,0.8660254037844386,0.5000000000000001,0.7469720876965552,0.6648553979642865,2025,61978,24715,-0.9790158436372309,-0.20378414537760514,0.974451794883065,-0.22459674852760664,37263,10.350833333333334
2025-02-19,30.1,0.8660254037844386,0.5000000000000001,0.7583058084785624,0.6518989958787126,2025,2025-02-19,66.0,-11.8,8.5,0.0,130.8,-11.1,0.0,5.0,-6.0,-0.1,1034.1,16.6,352.9,-14.7,1.1,2.4,-8.3,0.0,11.3,-0.3,['none'],30.5,0.8660254037844386,0.5000000000000001,0.7583058084785624,0.6518989958787126,2025,62079,24604,-0.980486202072175,-0.1965879130213302,0.9762330060841318,-0.21672359777361477,37475,10.409722222222221
2025-02-20,29.4,0.8660254037844386,0.5000000000000001,0.7694148268839378,0.6387494220515272,2025,2025-02-20,58.2,-11.8,19.0,0.0,131.6,-9.3,0.0,5.0,-4.4,1.1,1033.8,46.8,195.1,-15.3,1.0,9.4,-9.1,0.0,11.2,-2.7,['none'],24.1,0.8660254037844386,0.5000000000000001,0.7694148268839378,0.6387494220515272,2025,62179,24491,-0.981889890741042,-0.18945248074529036,0.9779809703761813,-0.2086940861214397,37688,10.46888888888889
2025-02-21,26.2,0.8660254037844386,0.5000000000000001,0.7802958510707755,0.6254105729852463,2025,2025-02-21,57.5,-10.4,26.8,0.0,135.6,-7.3,0.0,6.0,-2.9,2.1,1033.7,54.0,198.1,-13.9,0.9,39.9,-8.7,0.0,11.8,-3.0,['none'],24.7,0.8660254037844386,0.5000000000000001,0.7802958510707755,0.6254105729852463,2025,62279,24378,-0.9832416524226045,-0.18230702932488987,0.9796628931423366,-0.20065048168391417,37901,10.528055555555556
2025-02-22,29.4,0.8660254037844386,0.5000000000000001,0.7909456567567772,0.6118864012687243,2025,2025-02-22,55.4,-8.7,26.9,0.0,132.2,-4.6,0.0,5.0,-0.5,5.2,1029.2,54.0,200.2,-11.1,0.9,9.6,-5.8,0.0,11.4,1.1,['none'],28.9,0.8660254037844386,0.5000000000000001,0.7909456567567772,0.6118864012687243,2025,62379,24263,-0.9845414156293035,-0.17515193664543643,0.9813066619899441,-0.192450604400593,38116,10.587777777777777
2025-02-23,6.5,0.8660254037844386,0.5000000000000001,0.8013610881746766,0.5981809144059165,2025,2025-02-23,63.5,-6.4,19.5,0.024,52.1,-4.6,12.5,3.0,-0.2,3.0,1030.6,54.0,242.7,-10.3,0.0,66.6,-4.7,0.0,4.5,-0.7,"['rain', 'snow']",17.6,0.8660254037844386,0.5000000000000001,0.8013610881746766,0.5981809144059165,2025,62478,24147,-0.9857768926152086,-0.16805926926505263,0.9828951937985994,-0.18416578946051262,38331,10.6475
2025-02-24,12.2,0.8660254037844386,0.5000000000000001,0.8115390590073611,0.5842981736283684,2025,2025-02-24,75.9,-0.5,13.1,0.016,107.1,0.1,8.33,5.0,3.5,8.6,1027.7,17.6,309.7,-3.9,0.0,58.2,0.8,0.0,9.2,7.6,"['rain', 'snow']",13.3,0.8660254037844386,0.5000000000000001,0.8115390590073611,0.5842981736283684,2025,62577,24031,-0.9869612744840142,-0.16095789098049978,0.9844137812205944,-0.175867868989681,38546,10.707222222222223
2025-02-25,18.9,0.8660254037844386,0.5000000000000001,0.8214765533024142,0.5702422926917871,2025,2025-02-25,82.8,0.4,25.8,0.0,82.5,-0.2,0.0,3.0,3.1,6.6,1020.2,54.5,221.1,-4.3,2.5,78.1,-0.8,0.0,7.2,2.7,['none'],8.3,0.8660254037844386,0.5000000000000001,0.8214765533024142,0.5702422926917871,2025,62676,23913,-0.9880944998464434,-0.15384816987279037,0.9858866760041227,-0.16741404384800568,38763,10.7675
2025-02-26,1.6,0.8660254037844386,0.5000000000000001,0.8311706263658079,0.5560174366570446,2025,2025-02-26,85.8,1.5,17.8,0.0,18.6,2.9,0.0,1.0,3.7,4.9,1017.0,64.8,221.6,-0.8,0.7,99.6,0.4,0.0,1.5,1.9,['none'],5.3,0.8660254037844386,0.5000000000000001,0.8311706263658079,0.5560174366570446,2025,62775,23795,-0.989176509964781,-0.14673047445536144,0.9872869734659728,-0.15894789090893763,38980,10.827777777777778
2025-02-27,5.4,0.8660254037844386,0.5000000000000001,0.8406184056344782,0.5416278206559814,2025,2025-02-27,90.6,2.3,13.8,1.637,38.6,2.0,62.5,2.0,3.7,5.9,1018.9,14.0,286.0,-0.5,0.0,98.7,1.8,0.0,3.3,5.9,"['rain', 'snow']",4.4,0.8660254037844386,0.5000000000000001,0.8406184056344782,0.5416278206559814,2025,62873,23676,-0.9901970937628508,-0.13967718318896627,0.988625510368511,-0.15039813911282696,39197,10.888055555555555
2025-02-28,17.6,0.8660254037844386,0.5000000000000001,0.8498170915275278,0.5270777086423722,2025,2025-02-28,83.2,-0.3,13.6,1.914,121.1,-0.7,8.33,6.0,2.5,6.8,1020.9,26.6,283.7,-3.0,0.0,71.6,0.0,0.0,10.6,4.7,"['rain', 'snow']",10.3,0.8660254037844386,0.5000000000000001,0.8498170915275278,0.5270777086423722,2025,62971,23556,-0.9911673849465404,-0.13261679764734352,0.9899003212382514,-0.14176513680170644,39415,10.948611111111111
2024-03-01,8.2,1.0,6.123233995736766e-17,0.8674563547295969,0.49751328890718066,2024,2024-03-01,87.5,5.6,17.3,1.89,50.3,4.1,25.0,3.0,7.6,11.2,1010.7,75.6,142.8,0.8,1.8,89.2,5.5,0.0,4.2,11.2,['rain'],12.1,1.0,6.123233995736766e-17,0.8674563547295969,0.49751328890718066,2024,63092,23405,-0.9922959416902838,-0.12389012916690717,0.9913973351713953,-0.13088668310816062,39687,11.024166666666666
2024-03-02,4.1,1.0,6.123233995736766e-17,0.8758917051442429,0.48250774176121847,2024,2024-03-02,92.4,6.1,16.0,0.868,56.5,4.8,33.33,2.0,7.2,9.4,1010.2,75.6,150.2,2.0,1.5,92.1,5.0,0.0,4.9,7.5,['rain'],9.8,1.0,6.123233995736766e-17,0.8758917051442429,0.48250774176121847,2024,63189,23283,-0.9931451722966897,-0.11688741054441455,0.9925195402544398,-0.12208588048220598,39906,11.085
2024-03-03,15.9,1.0,6.123233995736766e-17,0.8840675099433636,0.4673592171580022,2024,2024-03-03,76.2,4.7,26.2,0.0,98.7,5.7,0.0,6.0,8.9,12.2,1007.6,68.4,153.2,2.4,1.4,75.7,7.0,0.0,8.6,12.2,['none'],27.5,1.0,6.123233995736766e-17,0.8840675099433636,0.4673592171580022,2024,63286,23161,-0.9939449847335259,-0.10987887569078476,0.9935636206793269,-0.11327546805282535,40125,11.145833333333334
2024-03-04,31.7,1.0,6.123233995736766e-17,0.8919813464595485,0.45207220393230435,2024,2024-03-04,74.5,3.7,23.7,0.167,158.3,3.4,4.17,6.0,8.4,14.2,1007.3,75.6,201.6,-0.2,1.2,33.1,6.6,0.0,13.7,14.2,['rain'],34.2,1.0,6.123233995736766e-17,0.8919813464595485,0.45207220393230435,2024,63383,23038,-0.9946953392027168,-0.10286487334553089,0.9945370878978852,-0.10438381481625508,40345,11.206944444444444
2024-03-05,6.6,1.0,6.123233995736766e-17,0.8996308696522433,0.43665123195606403,2024,2024-03-05,88.4,3.7,14.4,0.846,64.0,4.0,37.5,4.0,5.4,6.9,1013.7,26.3,18.0,0.9,1.1,96.6,2.9,0.0,5.7,4.9,['rain'],7.0,1.0,6.123233995736766e-17,0.8996308696522433,0.43665123195606403,2024,63480,22915,-0.9953961983671787,-0.09584575252022441,0.9954309830636141,-0.09548380992088022,40565,11.268055555555556
2024-03-06,26.2,1.0,6.123233995736766e-17,0.9070138128026359,0.4211008707960896,2024,2024-03-06,84.1,0.5,25.4,0.355,153.4,1.0,20.83,6.0,3.0,4.9,1020.0,46.3,25.2,-2.8,0.9,68.4,-1.1,0.0,13.4,1.2,['rain'],8.9,1.0,6.123233995736766e-17,0.9070138128026359,0.4211008707960896,2024,63576,22791,-0.9960410654107695,-0.08889429686644149,0.9962515280188289,-0.08650371622160934,40785,11.329166666666667
2024-03-07,2.2,1.0,6.123233995736766e-17,0.9141279881853337,0.40542572835999735,2024,2024-03-07,84.8,-1.0,24.0,0.48,81.0,0.6,45.83,5.0,1.3,3.0,1022.1,49.3,39.6,-4.9,0.7,96.3,-3.6,0.0,7.1,-1.4,"['rain', 'snow']",9.1,1.0,6.123233995736766e-17,0.9141279881853337,0.40542572835999735,2024,63672,22666,-0.9966373868180366,-0.08193850863004044,0.9969966969346754,-0.07744408499909426,41006,11.390555555555556
2024-03-08,19.1,1.0,6.123233995736766e-17,0.9209712877166346,0.38963044953078796,2024,2024-03-08,82.4,-0.7,15.5,0.0,72.3,-0.3,0.0,4.0,2.0,5.2,1020.9,43.2,26.8,-4.3,0.8,77.6,-1.0,0.0,6.1,2.8,['none'],11.7,1.0,6.123233995736766e-17,0.9209712877166346,0.38963044953078796,2024,63768,22541,-0.9971851335251157,-0.07497872682632765,0.9976594818254443,-0.06837805440187684,41227,11.451944444444445
2024-03-09,25.5,1.0,6.123233995736766e-17,0.9275416835791966,0.37371971479046906,2024,2024-03-09,73.8,0.0,25.0,0.0,69.4,0.6,0.0,3.0,4.5,7.2,1014.2,68.4,153.2,-3.4,1.0,84.0,0.5,0.0,6.0,3.5,['none'],19.3,1.0,6.123233995736766e-17,0.9275416835791966,0.37371971479046906,2024,63864,22415,-0.9976842788356053,-0.06801529066524856,0.9982441381653604,-0.059233779370364045,41449,11.51361111111111
2024-03-10,13.5,1.0,6.123233995736766e-17,0.9338372288229252,0.35769823883312546,2024,2024-03-10,68.7,3.7,30.6,0.0,81.0,6.2,0.0,3.0,9.1,11.3,1006.0,64.8,150.7,2.5,0.5,96.8,7.3,0.0,7.1,11.3,['none'],25.1,1.0,6.123233995736766e-17,0.9338372288229252,0.35769823883312546,2024,63959,22289,-0.9981303562074777,-0.06112112578424565,0.9987449823378265,-0.05008453109508659,41670,11.575
2024-03-11,10.9,1.0,6.123233995736766e-17,0.9398560579418954,0.3415707691678556,2024,2024-03-11,78.8,6.2,25.6,2.614,80.5,7.9,37.5,6.0,9.9,11.3,1005.4,63.7,157.0,5.9,0.0,96.0,9.0,0.0,7.0,11.3,['rain'],21.1,1.0,6.123233995736766e-17,0.9398560579418954,0.3415707691678556,2024,64054,22163,-0.9985287943202055,-0.054224043683931314,0.9991619722921717,-0.04093107774316921,41891,11.636388888888888
2024-03-12,1.6,1.0,6.123233995736766e-17,0.9455963874271426,0.3253420847119801,2024,2024-03-12,94.0,6.1,16.1,10.226,20.8,5.5,100.0,1.0,7.0,7.8,1010.4,54.0,12.1,3.3,0.0,99.3,4.7,0.0,1.9,6.6,['rain'],6.1,1.0,6.123233995736766e-17,0.9455963874271426,0.3253420847119801,2024,64149,22036,-0.9988795741569371,-0.04732437355165014,0.9994973810593211,-0.031701502417996734,42113,11.698055555555555
2024-03-13,14.2,1.0,6.123233995736766e-17,0.9510565162951535,0.30901699437494745,2024,2024-03-13,82.7,3.8,19.0,2.202,113.0,4.9,25.0,7.0,6.6,10.9,1016.6,64.8,6.9,2.3,0.0,89.3,4.5,0.0,9.7,10.9,['rain'],12.1,1.0,6.123233995736766e-17,0.9510565162951535,0.30901699437494745,2024,64243,21909,-0.9991797367302624,-0.040495107206223166,0.9997475351389155,-0.02246922303202842,42334,11.759444444444444
2024-03-14,17.1,1.0,6.123233995736766e-17,0.9562348265919056,0.29260033563334836,2024,2024-03-14,72.6,1.7,9.2,0.0,101.0,4.2,0.0,8.0,6.6,10.4,1017.3,39.6,61.7,2.1,0.0,84.3,5.5,0.0,8.8,10.4,['none'],19.0,1.0,6.123233995736766e-17,0.9562348265919056,0.29260033563334836,2024,64338,21781,-0.9994356541259354,-0.03359126764299877,0.999913373027734,-0.013162311358559936,42557,11.821388888888889
2024-03-15,23.0,1.0,6.123233995736766e-17,0.9611297838723007,0.27609697309746883,2024,2024-03-15,70.7,2.6,18.7,0.0,140.3,2.7,0.0,7.0,7.8,13.5,1015.4,39.6,217.0,0.2,0.0,81.4,6.3,0.0,12.0,13.5,['none'],28.0,1.0,6.123233995736766e-17,0.9611297838723007,0.27609697309746883,2024,64432,21654,-0.9996419266713096,-0.02675852090217457,0.9999922893814706,-0.003926980723806139,42778,11.882777777777777
2024-03-16,12.5,1.0,6.123233995736766e-17,0.9657399376548549,0.2595117970697999,2024,2024-03-16,80.9,5.9,17.8,2.698,98.3,6.7,54.17,7.0,9.0,11.7,1016.0,46.8,223.2,4.4,0.0,87.0,7.5,0.0,8.7,11.7,['rain'],21.4,1.0,6.123233995736766e-17,0.9657399376548549,0.2595117970697999,2024,64526,21526,-0.9998014869726967,-0.019924523763059858,0.999985520130511,0.005381405886146909,43000,11.944444444444445
2024-03-17,36.8,1.0,6.123233995736766e-17,0.9700639218515071,0.2428497220959356,2024,2024-03-17,69.8,-0.7,20.7,3.937,129.3,1.1,25.0,7.0,4.6,7.9,1022.0,55.4,322.0,-1.9,0.1,58.1,1.6,0.0,11.1,5.1,['rain'],35.3,1.0,6.123233995736766e-17,0.9700639218515071,0.2428497220959356,2024,64620,21397,-0.999914327574007,-0.013089595571344698,0.9998910351451628,0.01476204038521853,43223,12.006388888888889
2024-03-18,9.8,1.0,6.123233995736766e-17,0.9741004551724205,0.22611568550828828,2024,2024-03-18,74.2,-4.3,16.4,0.0,128.0,-2.0,0.0,5.0,-0.2,1.6,1020.2,39.6,16.7,-6.0,0.0,65.3,-3.8,0.0,11.1,-1.6,['none'],27.7,1.0,6.123233995736766e-17,0.9741004551724205,0.22611568550828828,2024,64714,21269,-0.999980443202315,-0.006254055716227165,0.9997103074851814,0.02406867482609077,43445,12.068055555555556
2024-03-19,9.5,1.0,6.123233995736766e-17,0.9778483415056568,0.20931464596304847,2024,2024-03-19,75.0,-3.7,14.0,0.076,117.6,-2.3,12.5,8.0,0.3,3.8,1023.3,33.5,23.4,-5.3,0.0,57.8,-2.5,0.0,10.0,1.9,"['rain', 'snow']",19.8,1.0,6.123233995736766e-17,0.9778483415056568,0.20931464596304847,2024,64807,21141,-0.9999998704318295,0.0005090543431789756,0.9994429588188255,0.033373223809986204,43666,12.129444444444445
2024-03-20,38.4,1.0,6.123233995736766e-17,0.9813064702716093,0.19245158197082998,2024,2024-03-20,63.0,-3.3,14.9,0.0,200.2,-2.5,0.0,7.0,3.7,10.4,1023.3,23.8,226.7,-5.8,0.0,45.2,1.6,0.0,17.2,10.4,['none'],28.0,1.0,6.123233995736766e-17,0.9813064702716093,0.19245158197082998,2024,64900,21012,-0.9999735576321774,0.007272141118421595,0.9990859062640476,0.04274753682432253,43888,12.19111111111111
2024-03-21,25.7,1.0,6.123233995736766e-17,0.9844738167520922,0.1755314904214282,2024,2024-03-21,65.5,1.0,10.3,0.071,165.7,0.7,8.33,6.0,7.4,13.7,1020.4,19.1,292.5,-2.0,0.0,78.4,6.1,0.0,14.3,13.7,['rain'],27.0,1.0,6.123233995736766e-17,0.9844738167520922,0.1755314904214282,2024,64994,20883,-0.9999004827165346,0.014107610117979907,0.9986409289232824,0.05211808783180476,44111,12.253055555555555
2024-03-22,16.6,1.0,6.123233995736766e-17,0.9873494423939864,0.15855938510313475,2024,2024-03-22,72.6,4.1,18.8,0.0,103.7,6.7,0.0,4.0,8.9,11.5,1017.9,39.6,246.2,4.7,0.0,94.9,7.7,0.0,9.0,11.5,['none'],20.4,1.0,6.123233995736766e-17,0.9873494423939864,0.15855938510313475,2024,65087,20755,-0.9997822038069268,0.02086971372502536,0.9981125345640637,0.06141146754557184,44332,12.314444444444444
2024-03-23,23.6,1.0,6.123233995736766e-17,0.989932495087353,0.141540295217043,2024,2024-03-23,70.2,3.6,30.4,4.765,114.3,3.2,25.0,7.0,9.0,17.1,1007.5,75.9,237.5,0.5,0.0,86.4,7.0,0.0,9.8,17.1,['rain'],29.2,1.0,6.123233995736766e-17,0.989932495087353,0.141540295217043,2024,65180,20626,-0.9996181948242318,0.02763086275063265,0.997492513587015,0.07077206608442822,44554,12.376111111111111
2024-03-24,20.9,1.0,6.123233995736766e-17,0.9922222094179323,0.12447926388678915,2024,2024-03-24,77.8,-0.4,24.9,1.253,135.5,0.9,29.17,9.0,3.3,6.2,1006.4,55.8,233.5,-3.2,0.0,75.2,-0.5,0.0,11.7,2.7,"['rain', 'snow']",31.5,1.0,6.123233995736766e-17,0.9922222094179323,0.12447926388678915,2024,65272,20497,-0.999410961593305,0.034318068814333476,0.9967847080508697,0.08012643631125947,44775,12.4375
2024-03-25,16.4,1.0,6.123233995736766e-17,0.994217906893952,0.10738134666416309,2024,2024-03-25,80.0,0.1,25.8,1.855,76.0,0.2,70.83,3.0,3.4,6.4,1006.4,57.6,254.4,-2.9,0.4,68.1,-0.5,0.5,6.4,3.3,"['rain', 'snow']",23.1,1.0,6.123233995736766e-17,0.994217906893952,0.10738134666416309,2024,65365,20369,-0.9991560085401211,0.041076399527872974,0.9959956843276472,0.08940132437890233,44996,12.498888888888889
2024-03-26,41.2,1.0,6.123233995736766e-17,0.995918996147179,0.09025161003104117,2024,2024-03-26,56.4,-2.7,36.3,0.0,202.8,-1.5,0.0,7.0,6.9,14.9,1004.8,68.4,157.7,-6.2,0.3,52.1,5.0,0.0,17.4,14.9,['none'],28.5,1.0,6.123233995736766e-17,0.995918996147179,0.09025161003104117,2024,65458,20240,-0.9988553540560433,0.047832851405454804,0.9951131834510031,0.09874083310368796,45218,12.560555555555556
2024-03-27,36.9,1.0,6.123233995736766e-17,0.9973249731081555,0.07309512989807777,2024,2024-03-27,54.9,2.5,36.7,0.0,198.1,7.2,0.0,7.0,11.5,14.8,995.8,78.8,170.0,2.8,0.0,59.4,10.7,0.0,16.9,14.8,['none'],28.4,1.0,6.123233995736766e-17,0.9973249731081555,0.07309512989807777,2024,65550,20111,-0.9985129789397631,0.054514501638005856,0.9941431074087606,0.10807165211864543,45439,12.621944444444445
2024-03-28,25.2,1.0,6.123233995736766e-17,0.9984354211555643,0.055916990100603484,2024,2024-03-28,64.1,5.8,33.3,4.8,150.0,7.1,66.67,7.0,12.8,15.8,994.1,51.8,197.7,4.6,0.0,65.3,12.2,0.0,13.0,15.8,['rain'],9.8,1.0,6.123233995736766e-17,0.9984354211555643,0.055916990100603484,2024,65643,19983,-0.9981214559428951,0.061266297312921575,0.9930940760036938,0.11732074073397913,45660,12.683333333333334
2024-03-29,41.2,1.0,6.123233995736766e-17,0.9992500112396835,0.03872228089217446,2024,2024-03-29,63.1,4.5,31.4,0.1,205.2,2.1,4.17,7.0,11.8,17.2,1007.0,65.5,201.2,-0.4,0.0,42.6,10.7,0.0,17.6,17.2,['rain'],10.0,1.0,6.123233995736766e-17,0.9992500112396835,0.03872228089217446,2024,65735,19855,-0.9976892224089917,0.06794273683729134,0.9919589968629542,0.12655966396384577,45880,12.744444444444444
2024-03-30,27.7,1.0,6.123233995736766e-17,0.9997685019798909,0.021516097436222254,2024,2024-03-30,52.4,6.3,28.0,0.0,154.8,9.4,0.0,6.0,16.9,20.8,1005.6,64.8,193.8,8.2,0.0,15.9,16.8,0.0,13.4,20.8,['none'],10.0,1.0,6.123233995736766e-17,0.9997685019798909,0.021516097436222254,2024,65828,19727,-0.9972069017634594,0.07468865426102107,0.9907379683367304,0.1357876212915139,46101,12.805833333333334
2024-03-31,27.7,1.0,6.123233995736766e-17,0.9999907397361901,0.004303538296244289,2024,2024-03-31,42.2,4.9,40.8,0.0,172.9,13.2,0.0,7.0,18.3,22.0,1002.7,68.0,199.8,13.2,0.0,52.4,18.3,0.0,14.4,22.0,['none'],10.0,1.0,6.123233995736766e-17,0.9999907397361901,0.004303538296244289,2024,69520,23199,-0.9416664995458752,0.3365474760461267,0.9932467976305237,-0.11602068348665001,46321,12.866944444444444
2025-03-01,9.8,1.0,6.123233995736766e-17,0.8587639582758029,0.5123714121284237,2025,2025-03-01,82.1,-2.5,14.7,0.31,81.0,-2.7,25.0,5.0,0.3,3.4,1027.9,46.8,318.0,-6.8,1.5,73.6,-3.0,0.0,7.0,0.6,"['rain', 'snow']",17.2,1.0,6.123233995736766e-17,0.8587639582758029,0.5123714121284237,2025,63069,23435,-0.9920873342342666,-0.12554967643107018,0.9911094256021771,-0.13304926336707984,39634,11.009444444444444
2025-03-02,21.8,1.0,6.123233995736766e-17,0.8674563547295969,0.49751328890718066,2025,2025-03-02,74.9,-2.9,13.5,0.038,124.6,-1.2,4.17,5.0,1.2,5.2,1031.5,57.6,356.4,-5.5,2.8,58.9,-1.9,0.1,10.7,2.7,"['rain', 'snow']",21.8,1.0,6.123233995736766e-17,0.8674563547295969,0.49751328890718066,2025,63166,23313,-0.9929482764448879,-0.11854838803259346,0.9922508283721715,-0.12425092995523017,39853,11.070277777777777
2025-03-03,24.0,1.0,6.123233995736766e-17,0.8758917051442429,0.48250774176121847,2025,2025-03-03,75.9,-2.4,13.3,0.038,148.7,-2.0,8.33,6.0,1.6,7.1,1029.8,57.6,297.3,-5.7,2.8,63.3,-1.2,0.0,12.8,5.2,"['rain', 'snow']",20.4,1.0,6.123233995736766e-17,0.8758917051442429,0.48250774176121847,2025,63264,23191,-0.9937679191605964,-0.11146893220632581,0.9933141276352535,-0.11544281632139516,40073,11.131388888888889
2025-03-04,29.9,1.0,6.123233995736766e-17,0.8840675099433636,0.4673592171580022,2025,2025-03-04,58.3,-6.0,14.4,0.0,145.1,-3.6,0.0,6.0,2.3,9.9,1028.2,43.2,277.9,-7.4,2.7,66.4,-0.7,0.0,12.6,8.2,['none'],30.2,1.0,6.123233995736766e-17,0.8840675099433636,0.4673592171580022,2025,63361,23068,-0.9945294942628623,-0.10445613931816276,0.9943069910998594,-0.10655330801971387,40293,11.1925
2025-03-05,34.2,1.0,6.123233995736766e-17,0.8919813464595485,0.45207220393230435,2025,2025-03-05,49.2,-5.1,17.8,0.0,164.7,-2.7,0.0,6.0,5.2,14.8,1027.7,46.8,250.1,-7.6,2.6,24.3,2.5,0.0,14.2,14.8,['none'],35.2,1.0,6.123233995736766e-17,0.8919813464595485,0.45207220393230435,2025,63457,22945,-0.9952344937789233,-0.09751052452228084,0.9952203009214822,-0.09765527447995097,40512,11.253333333333334
2025-03-06,35.0,1.0,6.123233995736766e-17,0.8996308696522433,0.43665123195606403,2025,2025-03-06,47.9,-2.6,28.2,0.0,172.5,1.3,0.0,6.0,8.8,17.3,1024.5,61.2,209.5,-2.2,2.5,0.6,6.9,0.0,14.8,17.3,['none'],34.3,1.0,6.123233995736766e-17,0.8996308696522433,0.43665123195606403,2025,63554,22821,-0.995897570056911,-0.09048773372529485,0.9960604354336776,-0.08867699230168172,40733,11.314722222222223
2025-03-07,29.3,1.0,6.123233995736766e-17,0.9070138128026359,0.4211008707960896,2025,2025-03-07,40.4,-3.9,21.1,0.0,167.3,4.6,0.0,6.0,9.6,17.7,1021.1,61.2,243.1,1.4,0.6,34.4,7.8,0.0,14.3,17.7,['none'],34.0,1.0,6.123233995736766e-17,0.9070138128026359,0.4211008707960896,2025,63650,22697,-0.9965050191585386,-0.08353290843637927,0.9968195749161793,-0.07969149932036344,40953,11.375833333333333
2025-03-08,31.0,1.0,6.123233995736766e-17,0.9141279881853337,0.40542572835999735,2025,2025-03-08,44.0,-3.8,12.5,0.0,160.2,1.1,0.0,6.0,8.7,17.9,1017.0,36.0,83.0,-1.7,0.6,27.0,7.3,0.0,13.8,17.9,['none'],30.7,1.0,6.123233995736766e-17,0.9141279881853337,0.40542572835999735,2025,63746,22572,-0.9970639000113914,-0.07657401187135299,0.99750279641627,-0.07062698593116666,41174,11.437222222222223
2025-03-09,23.3,1.0,6.123233995736766e-17,0.9209712877166346,0.38963044953078796,2025,2025-03-09,38.9,-4.3,25.7,0.0,143.1,4.6,0.0,7.0,10.0,17.1,1010.3,53.0,123.1,1.8,0.5,73.2,8.4,0.0,12.3,17.1,['none'],27.5,1.0,6.123233995736766e-17,0.9209712877166346,0.38963044953078796,2025,63841,22446,-0.9975691204559352,-0.06968392865483425,0.9981080659568636,-0.061484052174927244,41395,11.498611111111112
2025-03-10,28.6,1.0,6.123233995736766e-17,0.9275416835791966,0.37371971479046906,2025,2025-03-10,58.6,1.9,33.5,2.53,140.9,4.3,20.83,6.0,10.0,16.0,1002.1,70.2,175.5,0.2,0.5,69.6,8.2,0.0,12.3,16.0,['rain'],26.6,1.0,6.123233995736766e-17,0.9275416835791966,0.37371971479046906,2025,63937,22320,-0.9980312920446737,-0.06271794081153571,0.9986295347545738,-0.05233595624294362,41617,11.560277777777777
2025-03-11,13.3,1.0,6.123233995736766e-17,0.9338372288229252,0.35769823883312546,2025,2025-03-11,81.4,5.2,22.0,1.435,102.9,6.7,12.5,4.0,8.3,10.6,1002.6,45.6,208.6,3.4,0.4,92.9,6.1,0.0,8.9,10.6,['rain'],21.1,1.0,6.123233995736766e-17,0.9338372288229252,0.35769823883312546,2025,64032,22194,-0.998440764181981,-0.055821504993164066,0.999067159027095,-0.043183466205590236,41838,11.621666666666666
2025-03-12,31.6,1.0,6.123233995736766e-17,0.9398560579418954,0.3415707691678556,2025,2025-03-12,75.2,4.4,27.6,51.871,111.5,2.9,16.67,6.0,8.9,12.9,998.9,51.1,169.2,-0.5,0.4,68.2,7.6,0.0,9.7,12.9,['rain'],26.7,1.0,6.123233995736766e-17,0.9398560579418954,0.3415707691678556,2025,64127,22067,-0.9988025822448382,-0.04892240489840238,0.9994233739277119,-0.033954670473280865,42060,11.683333333333334
2025-03-13,2.1,1.0,6.123233995736766e-17,0.9455963874271426,0.3253420847119801,2025,2025-03-13,86.5,4.3,21.5,7.024,28.8,2.2,58.33,2.0,6.5,10.6,994.5,68.4,304.1,-0.4,0.1,98.3,3.9,0.0,2.5,10.6,['rain'],18.3,1.0,6.123233995736766e-17,0.9455963874271426,0.3253420847119801,2025,64221,21940,-0.9991136704711451,-0.04209362751861762,0.9996943404534014,-0.024722978490438887,42281,11.744722222222222
2025-03-14,1.7,1.0,6.123233995736766e-17,0.9510565162951535,0.30901699437494745,2025,2025-03-14,92.3,0.8,19.3,11.68,24.8,0.8,62.5,1.0,1.9,3.3,1006.1,46.8,359.1,-3.9,0.1,96.7,-1.6,0.8,2.1,0.2,"['rain', 'snow']",9.4,1.0,6.123233995736766e-17,0.9510565162951535,0.30901699437494745,2025,64316,21813,-0.9993806328849579,-0.03519020622930305,0.9998800354913804,-0.015489177697862785,42503,11.80638888888889
2025-03-15,3.7,1.0,6.123233995736766e-17,0.9562348265919056,0.29260033563334836,2025,2025-03-15,86.3,-1.2,26.2,8.366,67.9,-0.4,29.17,4.0,0.8,1.4,1014.5,58.9,42.7,-6.0,0.1,96.3,-4.7,0.7,6.0,-3.9,"['rain', 'snow']",14.7,1.0,6.123233995736766e-17,0.9562348265919056,0.29260033563334836,2025,64410,21685,-0.9995978367717061,-0.028357798245378173,0.999980895365884,-0.006181335069797627,42725,11.868055555555555
2025-03-16,13.7,1.0,6.123233995736766e-17,0.9611297838723007,0.27609697309746883,2025,2025-03-16,79.2,-3.3,22.6,0.0,179.2,-2.2,0.0,7.0,-0.1,2.8,1016.5,54.0,36.8,-7.4,0.5,44.9,-4.9,0.0,15.4,-1.3,['none'],23.4,1.0,6.123233995736766e-17,0.9611297838723007,0.27609697309746883,2025,64504,21557,-0.999768330474743,-0.02152406513056958,0.9999951107886266,0.003127043146888471,42947,11.929722222222223
2025-03-17,9.2,1.0,6.123233995736766e-17,0.9657399376548549,0.2595117970697999,2025,2025-03-17,75.5,-6.0,32.0,0.123,72.1,-4.8,29.17,4.0,-2.1,0.0,1022.9,67.2,0.3,-9.9,0.7,69.6,-7.5,1.3,6.1,-4.6,"['rain', 'snow']",22.8,1.0,6.123233995736766e-17,0.9657399376548549,0.2595117970697999,2025,64598,21429,-0.9998921060270726,-0.014689326218229748,0.9999226805278972,0.012435150417458704,43169,11.991388888888888
2025-03-18,37.8,1.0,6.123233995736766e-17,0.9700639218515071,0.2428497220959356,2025,2025-03-18,65.8,-8.3,9.8,0.067,199.8,-7.3,4.17,7.0,-2.3,2.5,1032.6,43.2,1.4,-11.8,0.8,8.2,-5.6,0.0,17.2,0.7,['snow'],40.2,1.0,6.123233995736766e-17,0.9700639218515071,0.2428497220959356,2025,64692,21301,-0.9999691576447897,-0.007853900888711917,0.999763610859496,0.021742180230654023,43391,12.053055555555556
2025-03-19,40.9,1.0,6.123233995736766e-17,0.9741004551724205,0.22611568550828828,2025,2025-03-19,55.2,-7.6,16.0,0.0,211.3,-5.1,0.0,7.0,1.1,8.1,1032.2,39.6,241.3,-9.5,0.3,0.3,-2.5,0.0,18.1,5.8,['none'],42.9,1.0,6.123233995736766e-17,0.9741004551724205,0.22611568550828828,2025,64785,21172,-0.999999405044161,-0.0010908305661647374,0.9995156550979455,0.03112001308040852,43613,12.114722222222222
2025-03-20,41.4,1.0,6.123233995736766e-17,0.9778483415056568,0.20931464596304847,2025,2025-03-20,48.4,-6.6,23.7,30.535,211.8,-2.3,4.17,7.0,3.7,10.6,1029.1,50.4,215.6,-7.3,0.2,0.0,0.2,0.0,18.3,10.6,"['rain', 'snow']",44.4,1.0,6.123233995736766e-17,0.9778483415056568,0.20931464596304847,2025,64879,21044,-0.9999834972909032,0.005745010518192993,0.9991826789754791,0.04042244469826946,43835,12.176388888888889
2025-03-21,38.5,1.0,6.123233995736766e-17,0.9813064702716093,0.19245158197082998,2025,2025-03-21,51.8,-3.7,15.8,0.0,207.9,-1.6,0.0,7.0,6.2,13.9,1023.4,43.2,236.9,-5.2,0.2,12.8,4.6,0.0,18.0,13.9,['none'],38.6,1.0,6.123233995736766e-17,0.9813064702716093,0.19245158197082998,2025,64972,20915,-0.9999217735741966,0.012507866813848184,0.9987595090822757,0.04979400584138298,44057,12.238055555555556
2025-03-22,35.3,1.0,6.123233995736766e-17,0.9844738167520922,0.1755314904214282,2025,2025-03-22,54.5,-1.9,18.8,0.0,203.1,0.1,0.0,7.0,7.2,13.9,1014.8,39.6,101.0,-2.5,0.2,29.4,5.8,0.0,17.4,13.9,['none'],31.6,1.0,6.123233995736766e-17,0.9844738167520922,0.1755314904214282,2025,65065,20786,-0.9998143134004767,0.019270150999236374,0.9982484431277444,0.05916118485150869,44279,12.299722222222222
2025-03-23,16.3,1.0,6.123233995736766e-17,0.9873494423939864,0.15855938510313475,2025,2025-03-23,77.9,5.0,29.7,3.677,102.1,5.6,25.0,6.0,8.7,12.2,1008.4,75.6,142.3,2.3,0.0,91.1,6.8,0.0,8.9,12.2,['rain'],23.8,1.0,6.123233995736766e-17,0.9873494423939864,0.15855938510313475,2025,65158,20658,-0.9996611216849755,0.026031553767240725,0.9976545065949498,0.06845060606588625,44500,12.36111111111111
2025-03-24,15.9,1.0,6.123233995736766e-17,0.989932495087353,0.141540295217043,2025,2025-03-24,88.3,6.7,15.7,6.168,121.4,6.0,25.0,6.0,8.6,11.8,1011.4,61.8,277.0,3.9,0.1,89.7,7.1,0.0,10.4,11.8,['rain'],11.1,1.0,6.123233995736766e-17,0.989932495087353,0.141540295217043,2025,65251,20529,-0.9994622054346872,0.03279176585106402,0.9969684715636763,0.07780659810059223,44722,12.422777777777778
2025-03-25,33.4,1.0,6.123233995736766e-17,0.9922222094179323,0.12447926388678915,2025,2025-03-25,75.5,3.9,9.6,0.557,208.7,4.6,12.5,7.0,8.3,12.9,1017.4,22.7,352.4,3.0,0.0,53.3,7.5,0.0,18.0,12.9,['rain'],16.4,1.0,6.123233995736766e-17,0.9922222094179323,0.12447926388678915,2025,65344,20400,-0.9992175737480485,0.03955047803836475,0.9961946980917455,0.08715574274765814,44944,12.484444444444444
2025-03-26,28.0,1.0,6.123233995736766e-17,0.994217906893952,0.10738134666416309,2025,2025-03-26,78.3,3.8,17.6,0.115,182.6,2.8,4.17,7.0,7.5,12.4,1017.5,39.6,347.9,-0.1,0.0,51.9,6.1,0.0,15.7,12.4,['rain'],15.4,1.0,6.123233995736766e-17,0.994217906893952,0.10738134666416309,2025,65436,20272,-0.9989306027408966,0.04623473702432958,0.9953402691190216,0.09642483430150989,45164,12.545555555555556
2025-03-27,11.7,1.0,6.123233995736766e-17,0.995918996147179,0.09025161003104117,2025,2025-03-27,79.8,2.9,20.5,0.134,149.8,5.2,8.33,7.0,6.2,7.5,1019.1,46.8,23.4,1.7,0.0,90.5,2.9,0.0,12.9,4.3,['rain'],15.6,1.0,6.123233995736766e-17,0.995918996147179,0.09025161003104117,2025,65529,20143,-0.9985950670631749,0.05298954648884173,0.9943919094856939,0.10575788551874292,45386,12.607222222222223
2025-03-28,35.8,1.0,6.123233995736766e-17,0.9973249731081555,0.07309512989807777,2025,2025-03-28,74.0,3.4,26.4,0.0,195.7,3.1,0.0,7.0,7.9,13.0,1012.9,47.0,44.2,-0.7,0.0,76.0,5.5,0.0,16.7,13.0,['none'],14.0,1.0,6.123233995736766e-17,0.9973249731081555,0.07309512989807777,2025,65621,20015,-0.9982181975284237,0.059669339891647966,0.9933644045082254,0.1150093902949614,45606,12.668333333333333
2025-03-29,13.9,1.0,6.123233995736766e-17,0.9984354211555643,0.055916990100603484,2025,2025-03-29,78.9,6.3,17.8,0.393,64.5,7.4,41.67,3.0,9.8,12.8,1008.4,43.2,1.3,6.3,0.0,95.8,9.2,0.0,5.7,12.8,['rain'],12.5,1.0,6.123233995736766e-17,0.9984354211555643,0.055916990100603484,2025,65714,19886,-0.9977918185902598,0.06641902403936757,0.9922417899658118,0.12432308814311957,45828,12.73
2025-03-30,8.9,1.0,6.123233995736766e-17,0.9992500112396835,0.03872228089217446,2025,2025-03-30,77.3,4.0,17.4,0.485,76.3,5.6,25.0,6.0,7.9,9.7,1011.1,50.0,317.4,3.2,0.0,95.4,5.8,0.0,6.3,8.2,['rain'],12.1,1.0,6.123233995736766e-17,0.9992500112396835,0.03872228089217446,2025,69406,23358,-0.9444241919635292,0.32872928928532513,0.9918389057758673,-0.12749739208834923,46048,12.79111111111111
2025-03-31,17.0,1.0,6.123233995736766e-17,0.9997685019798909,0.021516097436222254,2025,2025-03-31,80.1,2.1,19.0,1.423,109.6,3.5,29.17,5.0,5.3,6.8,1014.9,43.2,342.5,1.3,0.0,86.5,2.6,0.0,9.5,3.8,['rain'],24.1,1.0,6.123233995736766e-17,0.9997685019798909,0.021516097436222254,2025,69498,23230,-0.9422037314647597,0.33504048772332423,0.992982718763006,-0.11825954607569215,46268,12.852222222222222
2024-04-01,23.8,0.8660254037844387,-0.4999999999999998,0.9999166586547379,-0.01291029607500882,2024,2024-04-01,51.1,6.9,33.5,0.568,159.4,10.7,12.5,6.0,17.9,24.8,999.5,77.5,200.4,10.7,0.0,50.5,17.9,0.0,13.8,24.8,['rain'],11.1,0.8660254037844387,-0.4999999999999998,0.9999166586547379,-0.01291029607500882,2024,69612,23071,-0.9393937941349282,0.34284004949944846,0.9942837211116187,-0.10677022961684093,46541,12.928055555555556
2024-04-02,13.1,0.8660254037844387,-0.4999999999999998,0.9995462806873573,-0.030120304846908114,2024,2024-04-02,77.6,5.6,23.5,14.132,64.5,6.3,29.17,4.0,9.5,12.8,1005.1,58.0,249.8,3.0,0.0,66.7,7.8,0.0,5.6,12.8,['rain'],10.9,0.8660254037844387,-0.4999999999999998,0.9995462806873573,-0.030120304846908114,2024,69704,22944,-0.9370790398884509,0.349117276859423,0.9952273999818312,-0.09758289975914933,46760,12.988888888888889
2024-04-03,32.5,0.8660254037844387,-0.4999999999999998,0.9988797155850336,-0.04732138832243185,2024,2024-04-03,69.3,3.5,27.5,0.612,179.6,4.8,20.83,8.0,9.1,14.0,1010.9,54.0,236.1,0.9,0.0,66.6,7.3,0.0,15.3,14.0,['rain'],40.0,0.8660254037844387,-0.4999999999999998,0.9988797155850336,-0.04732138832243185,2024,69796,22817,-0.9347223404187108,0.3553788771468665,0.9960861883834546,-0.08838724631823767,46979,13.049722222222222
2024-04-04,21.0,0.8660254037844387,-0.4999999999999998,0.9979171608653922,-0.06450844944931623,2024,2024-04-04,78.5,6.6,21.2,2.255,120.7,6.9,33.33,6.0,10.4,15.1,1013.5,44.5,220.2,4.3,0.0,85.4,9.4,0.0,10.4,15.1,['rain'],33.5,0.8660254037844387,-0.4999999999999998,0.9979171608653922,-0.06450844944931623,2024,69889,22691,-0.9322975006693893,0.36169236962591556,0.9968542520011127,-0.07925654715733096,47198,13.110555555555555
2024-04-05,26.3,0.8660254037844387,-0.4999999999999998,0.9966589017541702,-0.08167639533042241,2024,2024-04-05,75.1,7.1,19.4,1.075,225.7,6.4,8.33,8.0,11.7,16.6,1017.6,64.8,223.7,3.4,0.0,68.1,10.6,0.0,19.6,16.6,['rain'],37.9,0.8660254037844387,-0.4999999999999998,0.9966589017541702,-0.08167639533042241,2024,69981,22564,-0.9298567760793465,0.3679216981632426,0.9975437167195056,-0.07004665040838721,47417,13.171388888888888
2024-04-06,21.4,0.8660254037844387,-0.4999999999999998,0.9951053111006976,-0.09882013873287143,2024,2024-04-06,69.9,9.3,17.1,0.36,163.5,11.3,16.67,7.0,14.9,19.8,1017.8,61.2,266.1,11.3,0.0,82.1,14.9,0.0,14.1,19.8,['rain'],43.3,0.8660254037844387,-0.4999999999999998,0.9951053111006976,-0.09882013873287143,2024,70073,22439,-0.9273744295466335,0.37413455791072814,0.9981392353576234,-0.06097595296261337,47634,13.231666666666667
2024-04-07,38.9,0.8660254037844387,-0.4999999999999998,0.9932568492674143,-0.11593459959550041,2024,2024-04-07,68.2,9.9,21.8,0.0,215.2,9.8,0.0,8.0,16.2,23.8,1019.3,43.2,228.6,8.8,0.0,58.3,16.1,0.0,18.7,23.8,['none'],42.0,0.8660254037844387,-0.4999999999999998,0.9932568492674143,-0.11593459959550041,2024,70165,22313,-0.9248505721852285,0.38033067077039096,0.998656047209802,-0.05182759275997594,47852,13.292222222222222
2024-04-08,37.4,0.8660254037844387,-0.4999999999999998,0.9911140639934547,-0.1330147065341959,2024,2024-04-08,57.8,8.8,29.3,0.0,216.7,13.1,0.0,8.0,17.7,22.7,1016.0,63.0,190.4,13.1,0.0,75.7,17.7,0.0,18.7,22.7,['none'],42.0,0.8660254037844387,-0.4999999999999998,0.9911140639934547,-0.1330147065341959,2024,70257,22188,-0.9222853169672028,0.3865097593938685,0.9990859062640476,-0.04274753682432218,48069,13.3525
2024-04-09,41.5,0.8660254037844387,-0.4999999999999998,0.9886775902323405,-0.1500553983446526,2024,2024-04-09,51.6,6.9,28.0,0.0,206.4,12.9,0.0,6.0,17.5,23.3,1011.4,64.8,173.4,12.9,0.0,51.2,17.5,0.0,17.7,23.3,['none'],40.1,0.8660254037844387,-0.4999999999999998,0.9886775902323405,-0.1500553983446526,2024,70349,22064,-0.9196787787176657,0.39267154719483155,0.9994307579030923,-0.03373662931074392,48285,13.4125
2024-04-10,2.2,0.8660254037844387,-0.4999999999999998,0.9859481499638304,-0.16705162550211924,2024,2024-04-10,79.5,6.2,22.8,0.76,36.3,7.8,45.83,2.0,9.6,13.7,1023.5,61.2,357.8,4.7,0.0,90.1,7.7,0.0,3.2,13.7,['rain'],24.0,0.8660254037844387,-0.4999999999999998,0.9859481499638304,-0.16705162550211924,2024,70441,21940,-0.9170310741096235,0.39881575836136457,0.9996943404534014,-0.024722978490438887,48501,13.4725
2024-04-11,37.1,0.8660254037844387,-0.4999999999999998,0.9829265519799822,-0.18399835165768005,2024,2024-04-11,72.6,5.6,17.8,0.0,233.4,6.2,0.0,7.0,10.5,15.4,1031.9,68.4,24.1,3.6,0.0,50.6,9.4,0.0,20.0,15.4,['none'],28.0,0.8660254037844387,-0.4999999999999998,0.9829265519799822,-0.18399835165768005,2024,70533,21817,-0.9143423216587574,0.4049421178683115,0.9998754875693905,-0.015780030350849857,48716,13.532222222222222
2024-04-12,43.4,0.8660254037844387,-0.4999999999999998,0.9796136916454901,-0.20089055513063506,2024,2024-04-12,67.5,5.4,12.0,0.0,240.8,4.1,0.0,8.0,11.8,18.8,1031.0,46.8,335.4,1.4,0.0,42.3,10.9,0.0,20.7,18.8,['none'],33.6,0.8660254037844387,-0.4999999999999998,0.9796136916454901,-0.20089055513063506,2024,70625,21694,-0.911612641718119,0.41105035148958646,0.9999766355118064,-0.0068358196646710525,48931,13.591944444444444
2024-04-13,41.5,0.8660254037844387,-0.4999999999999998,0.9760105506323683,-0.21772323039653177,2024,2024-04-13,68.5,7.7,17.5,0.0,232.4,7.6,0.0,8.0,13.8,20.2,1026.1,46.8,269.5,5.6,0.0,65.7,13.2,0.0,20.1,20.2,['none'],34.6,0.8660254037844387,-0.4999999999999998,0.9760105506323683,-0.21772323039653177,2024,70717,21572,-0.9088421564727419,0.41714018581044915,0.9999979269099427,0.0020362160535723267,49145,13.651388888888889
2024-04-14,27.2,0.8660254037844387,-0.4999999999999998,0.9721181966290613,-0.23449138957040985,2024,2024-04-14,68.3,9.2,22.7,0.0,176.1,9.9,0.0,6.0,15.2,20.3,1018.5,54.0,279.7,8.1,0.0,86.5,15.2,0.0,15.2,20.3,['none'],35.6,0.8660254037844387,-0.4999999999999998,0.9721181966290613,-0.23449138957040985,2024,70809,21451,-0.906030989934175,0.4232113482397405,0.9999412956148567,0.010835373739834944,49358,13.710555555555555
2024-04-15,8.1,0.8660254037844387,-0.4999999999999998,0.9679377830240642,-0.25119006388481935,2024,2024-04-15,86.5,9.1,19.3,4.688,50.2,10.1,62.5,2.0,11.3,13.2,1009.5,57.6,317.1,10.1,0.0,94.1,11.3,0.0,4.3,13.2,['rain'],18.5,0.8660254037844387,-0.4999999999999998,0.9679377830240642,-0.25119006388481935,2024,70901,21330,-0.9031792679349281,0.4292635670220888,0.9998072404820648,0.019633692460628474,49571,13.769722222222223
2024-04-16,17.2,0.8660254037844387,-0.4999999999999998,0.9634705485641488,-0.2678143051621742,2024,2024-04-16,71.7,1.9,24.3,0.636,96.2,4.2,16.67,4.0,6.8,10.6,1004.3,55.8,237.9,0.6,0.0,91.3,3.9,0.0,8.0,10.6,['rain'],34.7,0.8660254037844387,-0.4999999999999998,0.9634705485641488,-0.2678143051621742,2024,70992,21210,-0.9003187714021939,0.4352310993723269,0.9995978367717061,0.028357798245378495,49782,13.828333333333333
2024-04-17,13.1,0.8660254037844387,-0.4999999999999998,0.9587178169872964,-0.2843591872810034,2024,2024-04-17,80.3,1.2,19.0,3.117,115.6,3.0,66.67,5.0,4.3,6.4,1005.2,50.4,342.3,-0.2,0.1,87.2,1.2,0.0,9.8,3.0,['rain'],26.0,0.8660254037844387,-0.4999999999999998,0.9587178169872964,-0.2843591872810034,2024,71084,21091,-0.8973867605579672,0.441244832236342,0.9993150036886563,0.037007072334091534,49993,13.886944444444444
2024-04-18,19.8,0.8660254037844387,-0.4999999999999998,0.9536809966304457,-0.30081980763566735,2024,2024-04-18,79.1,0.1,18.6,1.323,170.3,1.2,41.67,9.0,3.5,6.4,1011.6,50.9,0.2,-1.6,0.3,74.9,0.5,0.0,14.5,3.2,['rain'],22.3,0.8660254037844387,-0.4999999999999998,0.9536809966304457,-0.30081980763566735,2024,71176,20973,-0.8944145811832083,0.4472388142445444,0.9989606493482885,0.045580928617632854,50203,13.945277777777777
2024-04-19,30.5,0.8660254037844387,-0.4999999999999998,0.9483615800121715,-0.3171912885891061,2024,2024-04-19,77.4,-0.4,24.9,0.544,158.4,-1.1,33.33,8.0,3.4,7.5,1011.8,53.1,223.6,-5.2,0.2,78.9,-0.3,0.0,13.9,4.2,['rain'],26.2,0.8660254037844387,-0.4999999999999998,0.9483615800121715,-0.3171912885891061,2024,71268,20856,-0.8914023663176305,0.45321277709628716,0.9985366703262117,0.054078812984775314,50412,14.003333333333334
2024-04-20,14.3,0.8660254037844387,-0.4999999999999998,0.9427611433904207,-0.3334687789181868,2024,2024-04-20,88.3,1.9,20.2,10.495,139.8,1.4,100.0,7.0,3.6,6.4,1010.0,51.3,262.9,-3.2,0.2,97.5,0.1,0.0,12.1,4.6,"['rain', 'snow']",16.9,0.8660254037844387,-0.4999999999999998,0.9427611433904207,-0.3334687789181868,2024,71359,20739,-0.8883836399707321,0.4591018495196384,0.9980404034431978,0.06257278238131243,50620,14.061111111111112
2024-04-21,6.0,0.8660254037844387,-0.4999999999999998,0.9368813462954315,-0.3496474552512284,2024,2024-04-21,85.8,-0.9,21.9,4.11,64.7,0.1,100.0,3.0,1.2,2.1,1018.5,54.0,6.3,-4.8,1.0,99.1,-3.5,1.2,5.6,-2.6,"['rain', 'snow']",14.2,0.8660254037844387,-0.4999999999999998,0.9368813462954315,-0.3496474552512284,2024,71451,20623,-0.885292191881919,0.4650351975849866,0.9974770497789303,0.07098968350627767,50828,14.11888888888889
2024-04-22,27.9,0.8660254037844387,-0.4999999999999998,0.9307239310379795,-0.36572252349726897,2024,2024-04-22,76.4,-2.2,19.2,1.624,219.1,-0.5,54.17,9.0,1.7,4.5,1021.1,52.2,21.9,-4.8,1.5,78.7,-2.3,0.3,19.0,1.8,"['rain', 'snow']",21.0,0.8660254037844387,-0.4999999999999998,0.9307239310379795,-0.36572252349726897,2024,71542,20509,-0.8821953625883702,0.4708835760860364,0.9968542520011127,0.07925654715733108,51033,14.175833333333333
2024-04-23,24.5,0.8660254037844387,-0.4999999999999998,0.9242907221930933,-0.3816892202666588,2024,2024-04-23,73.7,-1.2,18.6,0.038,138.3,-2.0,8.33,6.0,3.2,9.9,1017.5,43.2,36.9,-6.0,1.7,80.7,-0.1,0.0,11.9,7.8,['rain'],16.7,0.8660254037844387,-0.4999999999999998,0.9242907221930933,-0.3816892202666588,2024,71634,20395,-0.8790252287837043,0.47677525854615865,0.9961629415154343,0.08751796359215328,51239,14.233055555555556
2024-04-24,3.3,0.8660254037844387,-0.4999999999999998,0.9175836260593937,-0.39754281428255595,2024,2024-04-24,83.1,1.3,17.4,6.054,47.1,2.0,58.33,2.0,3.9,5.2,1007.3,43.2,359.9,-0.5,1.8,98.5,0.9,0.0,4.0,2.4,"['rain', 'snow']",11.8,0.8660254037844387,-0.4999999999999998,0.9175836260593937,-0.39754281428255595,2024,71725,20282,-0.8758508450039193,0.4825819073545139,0.9954101280384597,0.09570097699844689,51443,14.289722222222222
2024-04-25,30.1,0.8660254037844387,-0.4999999999999998,0.9106046300942162,-0.4132786077829042,2024,2024-04-25,76.9,0.2,17.0,0.53,199.3,0.1,20.83,9.0,4.2,8.8,1008.6,46.8,247.7,-3.9,1.6,67.0,1.4,0.0,17.2,6.4,"['rain', 'snow']",21.9,0.8660254037844387,-0.4999999999999998,0.9106046300942162,-0.4132786077829042,2024,71816,20171,-0.8726381043149091,0.4883674220273932,0.9946051939259984,0.10373286950348483,51645,14.345833333333333
2024-04-26,39.3,0.8660254037844387,-0.4999999999999998,0.9033558023246845,-0.4288919379124835,2024,2024-04-26,67.9,0.8,23.6,0.0,246.7,0.4,0.0,10.0,6.7,14.6,1011.7,54.0,193.1,-3.0,1.3,39.9,5.0,0.0,21.3,14.6,['none'],38.3,0.8660254037844387,-0.4999999999999998,0.9033558023246845,-0.4288919379124835,2024,71907,20060,-0.8693871474150617,0.4941315491946468,0.9937354521187343,0.11175800285605819,51847,14.401944444444444
2024-04-27,46.3,0.8660254037844387,-0.4999999999999998,0.895839290734909,-0.4443781781046132,2024,2024-04-27,63.5,3.0,23.9,0.0,255.0,3.3,0.0,10.0,10.3,16.5,1015.0,68.4,181.7,-0.2,0.8,37.2,8.8,0.0,22.1,16.5,['none'],39.2,0.8660254037844387,-0.4999999999999998,0.895839290734909,-0.4443781781046132,2024,71998,19951,-0.8660981166764038,0.49987403642276373,0.9928183694792776,0.11963145583210438,52047,14.4575
2024-04-28,39.7,0.8660254037844387,-0.4999999999999998,0.8880573226294932,-0.45973273945210397,2024,2024-04-28,60.0,5.5,35.2,0.0,218.9,6.7,0.0,7.0,13.7,19.4,1017.6,72.0,166.0,3.3,0.0,57.6,12.6,0.0,18.9,19.4,['none'],42.4,0.8660254037844387,-0.4999999999999998,0.8880573226294932,-0.45973273945210397,2024,72089,19843,-0.8627711561383606,0.5055946322259331,0.9918481750251892,0.12742526319063172,52246,14.512777777777778
2024-04-29,46.0,0.8660254037844387,-0.4999999999999998,0.8800122039735357,-0.47495107206704995,2024,2024-04-29,56.9,7.2,24.6,0.0,277.7,9.5,0.0,9.0,16.5,23.1,1022.0,72.0,165.9,7.2,0.0,56.5,16.2,0.0,24.0,23.1,['none'],41.1,0.8660254037844387,-0.4999999999999998,0.8800122039735357,-0.47495107206704995,2024,72179,19736,-0.859443591511414,0.5112305869272317,0.990826628920362,0.13513915577030725,52443,14.5675
2024-04-30,48.3,0.8660254037844387,-0.4999999999999998,0.8717063187093218,-0.4900286664290592,2024,2024-04-30,54.3,6.9,21.4,0.0,272.5,10.3,0.0,9.0,16.9,23.3,1022.5,64.8,174.5,10.3,0.0,30.2,16.9,0.0,23.8,23.3,['none'],43.4,0.8660254037844387,-0.4999999999999998,0.8717063187093218,-0.4900286664290592,2024,72269,19630,-0.8560792111814574,0.5168446422116938,0.9897554759014904,0.1427728893138132,52639,14.621944444444445
2025-04-01,2.0,0.8660254037844387,-0.4999999999999998,0.9999907397361901,0.004303538296244289,2025,2025-04-01,83.8,2.3,24.8,1.546,63.5,3.7,4.17,2.0,4.8,5.6,1022.7,54.5,18.9,-1.1,0.0,92.5,1.1,0.0,5.3,2.6,['rain'],13.5,0.8660254037844387,-0.4999999999999998,0.9999907397361901,0.004303538296244289,2025,69591,23103,-0.9399162711630378,0.34140504273219335,0.9940325634980643,-0.10908374171005839,46488,12.913333333333334
2025-04-02,5.9,0.8660254037844387,-0.4999999999999998,0.9999166586547379,-0.01291029607500882,2025,2025-04-02,77.8,3.3,20.1,0.0,96.2,4.4,0.0,3.0,7.0,11.3,1022.4,54.0,15.8,0.9,0.0,74.8,4.7,0.0,8.3,11.3,['none'],15.3,0.8660254037844387,-0.4999999999999998,0.9999166586547379,-0.01291029607500882,2025,69683,22975,-0.9376111059620663,0.34768579777809566,0.995004881883726,-0.09982627423455408,46708,12.974444444444444
2025-04-03,42.5,0.8660254037844387,-0.4999999999999998,0.9995462806873573,-0.030120304846908114,2025,2025-04-03,57.6,0.7,23.2,0.0,232.3,3.8,0.0,7.0,9.0,14.6,1023.5,57.6,27.2,0.6,0.0,4.7,7.5,0.0,20.0,14.6,['none'],36.6,0.8660254037844387,-0.4999999999999998,0.9995462806873573,-0.030120304846908114,2025,69775,22848,-0.9352639717216651,0.3539509898268636,0.9958843986159703,-0.09063258019777999,46927,13.035277777777777
2025-04-04,42.2,0.8660254037844387,-0.4999999999999998,0.9988797155850336,-0.04732138832243185,2025,2025-04-04,61.7,2.4,10.9,0.0,242.1,2.6,0.0,7.0,10.0,17.3,1020.6,39.6,4.8,-0.2,0.0,8.8,9.0,0.0,20.9,17.3,['none'],37.9,0.8660254037844387,-0.4999999999999998,0.9988797155850336,-0.04732138832243185,2025,69867,22722,-0.9328749735034843,0.3602003384380331,0.9966730443630513,-0.0815036357476607,47145,13.095833333333333
2025-04-05,25.5,0.8660254037844387,-0.4999999999999998,0.9979171608653922,-0.06450844944931623,2025,2025-04-05,66.0,-0.6,28.8,0.023,187.7,0.0,4.17,8.0,5.5,9.3,1012.5,54.3,352.9,-5.9,0.0,69.8,2.1,0.0,16.2,6.7,"['rain', 'snow']",32.0,0.8660254037844387,-0.4999999999999998,0.9979171608653922,-0.06450844944931623,2025,69959,22595,-0.9304442182430747,0.36643356388032133,0.9973832699521902,-0.07229531671883435,47364,13.156666666666666
2025-04-06,8.2,0.8660254037844387,-0.4999999999999998,0.9966589017541702,-0.08167639533042241,2025,2025-04-06,57.7,-8.9,29.3,0.076,82.2,-2.9,4.17,4.0,-1.6,0.3,1020.3,56.9,352.0,-9.4,0.0,90.6,-7.5,0.0,7.1,-5.1,['snow'],26.4,0.8660254037844387,-0.4999999999999998,0.9966589017541702,-0.08167639533042241,2025,70051,22470,-0.9279718147451027,0.3726503871441445,0.9979992358914197,-0.06322598484913067,47581,13.216944444444444
2025-04-07,16.5,0.8660254037844387,-0.4999999999999998,0.9951053111006976,-0.09882013873287143,2025,2025-04-07,71.2,-4.1,17.9,0.422,80.4,-1.9,54.17,4.0,0.6,3.1,1022.5,44.9,347.6,-6.3,0.1,94.5,-3.3,0.3,7.0,-0.2,"['rain', 'snow']",26.3,0.8660254037844387,-0.4999999999999998,0.9951053111006976,-0.09882013873287143,2025,70143,22344,-0.925457873678479,0.3788505299541079,0.9985366703262117,-0.05407881298477542,47799,13.2775
2025-04-08,28.9,0.8660254037844387,-0.4999999999999998,0.9932568492674143,-0.11593459959550041,2025,2025-04-08,69.0,-2.1,22.6,0.377,130.6,-0.2,37.5,6.0,3.6,7.3,1024.4,46.8,339.7,-3.9,0.0,72.1,0.6,0.1,11.4,4.1,"['rain', 'snow']",29.1,0.8660254037844387,-0.4999999999999998,0.9932568492674143,-0.11593459959550041,2025,70235,22219,-0.9229025075714055,0.3850337147814616,0.9989869982001386,-0.044999749189037305,48016,13.337777777777777
2025-04-09,43.4,0.8660254037844387,-0.4999999999999998,0.9911140639934547,-0.1330147065341959,2025,2025-04-09,54.8,-5.4,15.5,0.0,261.5,-3.3,0.0,8.0,3.8,10.4,1021.6,32.4,322.7,-7.1,0.0,48.8,1.3,0.0,22.7,10.4,['none'],41.7,0.8660254037844387,-0.4999999999999998,0.9911140639934547,-0.1330147065341959,2025,70327,22095,-0.9203058308063379,0.39119966485652347,0.9993521629879409,-0.0359896420004983,48232,13.397777777777778
2025-04-10,40.8,0.8660254037844387,-0.4999999999999998,0.9886775902323405,-0.1500553983446526,2025,2025-04-10,53.9,-4.7,25.7,1.122,238.4,0.5,20.83,8.0,4.2,6.3,1020.0,55.4,340.9,-5.0,0.0,84.9,0.4,0.0,20.7,2.7,"['rain', 'snow']",39.7,0.8660254037844387,-0.4999999999999998,0.9886775902323405,-0.1500553983446526,2025,70419,21971,-0.917667959614866,0.3973481041810676,0.9996360650779827,-0.026976608300656554,48448,13.457777777777778
2025-04-11,30.9,0.8660254037844387,-0.4999999999999998,0.9859481499638304,-0.16705162550211924,2025,2025-04-11,69.3,1.0,25.5,0.025,214.3,2.7,8.33,8.0,6.2,9.9,1015.1,54.0,325.4,-2.2,0.0,88.7,2.8,0.0,18.5,7.2,['rain'],24.9,0.8660254037844387,-0.4999999999999998,0.9859481499638304,-0.16705162550211924,2025,70511,21847,-0.9149890120725114,0.4034787575406785,0.9998386813846587,-0.017961380987744358,48664,13.517777777777777
2025-04-12,23.6,0.8660254037844387,-0.4999999999999998,0.9829265519799822,-0.18399835165768005,2025,2025-04-12,70.8,3.7,15.7,0.0,167.4,5.6,0.0,6.0,9.0,14.4,1016.8,40.9,334.5,3.6,0.0,70.8,7.8,0.0,14.3,14.4,['none'],28.1,0.8660254037844387,-0.4999999999999998,0.9829265519799822,-0.18399835165768005,2025,70603,21724,-0.9122691080934406,0.4095913505170712,0.9999593423115644,-0.009017412257603566,48879,13.5775
2025-04-13,36.0,0.8660254037844387,-0.4999999999999998,0.9796136916454901,-0.20089055513063506,2025,2025-04-13,61.2,3.7,32.0,0.0,183.5,4.8,0.0,8.0,11.4,16.9,1011.7,62.1,178.5,0.6,0.0,62.4,10.1,0.0,15.7,16.9,['none'],39.0,0.8660254037844387,-0.4999999999999998,0.9796136916454901,-0.20089055513063506,2025,70695,21602,-0.9095083694251006,0.41568560950037087,0.9999999894230063,-0.00014544410381985535,49093,13.636944444444444
2025-04-14,40.0,0.8660254037844387,-0.4999999999999998,0.9760105506323683,-0.21772323039653177,2025,2025-04-14,63.5,6.5,18.3,0.0,227.6,8.0,0.0,7.0,13.5,18.5,1011.9,43.2,150.6,6.1,0.0,64.7,13.2,0.0,19.7,18.5,['none'],39.3,0.8660254037844387,-0.4999999999999998,0.9760105506323683,-0.21772323039653177,2025,70787,21481,-0.9067069196427654,0.4217612617013656,0.9999625550315927,0.008653816192229427,49306,13.696111111111112
2025-04-15,14.7,0.8660254037844387,-0.4999999999999998,0.9721181966290613,-0.23449138957040985,2025,2025-04-15,80.1,8.8,29.6,0.306,85.0,10.4,37.5,5.0,12.1,13.9,1008.8,61.2,136.6,10.4,0.0,97.9,12.1,0.0,7.3,13.9,['rain'],24.2,0.8660254037844387,-0.4999999999999998,0.9721181966290613,-0.23449138957040985,2025,70879,21360,-0.9038648841440075,0.42781803516371303,0.9998476951563913,0.0174524064372836,49519,13.755277777777778
2025-04-16,44.7,0.8660254037844387,-0.4999999999999998,0.9679377830240642,-0.25119006388481935,2025,2025-04-16,62.5,9.4,27.6,0.0,260.6,12.1,0.0,8.0,17.1,22.2,1011.0,72.0,174.1,12.1,0.0,42.1,17.1,0.0,22.6,22.2,['none'],36.5,0.8660254037844387,-0.4999999999999998,0.9679377830240642,-0.25119006388481935,2025,70971,21240,-0.9009823901430833,0.43385565877611504,0.9996573249755573,0.02617694830787314,49731,13.814166666666667
2025-04-17,37.0,0.8660254037844387,-0.4999999999999998,0.9634705485641488,-0.2678143051621742,2025,2025-04-17,48.4,7.6,30.0,0.101,194.4,15.2,12.5,7.0,19.1,23.7,1011.3,63.1,161.1,15.2,0.0,77.6,19.1,0.0,16.9,23.7,['rain'],37.7,0.8660254037844387,-0.4999999999999998,0.9634705485641488,-0.2678143051621742,2025,71063,21121,-0.8980595666652396,0.43987386228445324,0.9993933623394756,0.034826818858424924,49942,13.872777777777777
2025-04-18,11.7,0.8660254037844387,-0.4999999999999998,0.9587178169872964,-0.2843591872810034,2025,2025-04-18,83.7,10.4,26.0,8.057,79.3,9.1,58.33,3.0,13.1,16.0,1010.1,57.6,154.4,6.6,0.0,92.1,12.7,0.0,7.0,16.0,['rain'],23.0,0.8660254037844387,-0.4999999999999998,0.9587178169872964,-0.2843591872810034,2025,71155,21002,-0.8950965445409385,0.4458723763038834,0.9990545551976355,0.043474081230712946,50153,13.93138888888889
2025-04-19,39.5,0.8660254037844387,-0.4999999999999998,0.9536809966304457,-0.30081980763566735,2025,2025-04-19,74.0,6.0,21.5,0.008,192.9,6.3,4.17,8.0,10.8,15.6,1012.4,43.2,196.8,3.5,0.0,55.8,9.6,0.0,16.7,15.6,['rain'],36.0,0.8660254037844387,-0.4999999999999998,0.9536809966304457,-0.30081980763566735,2025,71246,20884,-0.8921263135681268,0.4517860562692749,0.9986447164169264,0.05204546447632698,50362,13.989444444444445
2025-04-20,43.6,0.8660254037844387,-0.4999999999999998,0.9483615800121715,-0.3171912885891061,2025,2025-04-20,66.5,6.4,22.2,0.0,225.5,6.9,0.0,9.0,13.0,18.6,1009.0,47.9,189.2,4.0,0.0,44.8,12.1,0.0,19.4,18.6,['none'],46.9,0.8660254037844387,-0.4999999999999998,0.9483615800121715,-0.3171912885891061,2025,71338,20768,-0.8890837271438546,0.45774460797260286,0.9981701461042338,0.06046783794921427,50570,14.047222222222222
2025-04-21,36.1,0.8660254037844387,-0.4999999999999998,0.9427611433904207,-0.3334687789181868,2025,2025-04-21,70.0,8.4,12.5,0.0,252.2,7.9,0.0,8.0,14.2,20.2,1009.5,22.7,288.2,6.4,0.0,77.7,13.8,0.0,21.8,20.2,['none'],39.2,0.8660254037844387,-0.4999999999999998,0.9427611433904207,-0.3334687789181868,2025,71430,20652,-0.8860013438466964,0.4636826702625925,0.997624544414959,0.06888590843449467,50778,14.105
2025-04-22,45.0,0.8660254037844387,-0.4999999999999998,0.9368813462954315,-0.3496474552512284,2025,2025-04-22,69.3,8.4,14.2,0.076,275.3,9.5,12.5,8.0,14.5,19.7,1015.2,36.0,349.5,8.1,0.0,56.7,14.4,0.0,23.6,19.7,['rain'],31.4,0.8660254037844387,-0.4999999999999998,0.9368813462954315,-0.3496474552512284,2025,71521,20537,-0.8829134495887447,0.4695357713053428,0.9970135688861468,0.07722657222037453,50984,14.162222222222223
2025-04-23,37.3,0.8660254037844387,-0.4999999999999998,0.9307239310379795,-0.36572252349726897,2025,2025-04-23,64.5,7.3,15.2,0.613,217.4,8.2,8.33,9.0,14.5,20.7,1015.0,29.2,37.1,6.9,0.0,51.3,14.2,0.0,19.0,20.7,['rain'],33.0,0.8660254037844387,-0.4999999999999998,0.9307239310379795,-0.36572252349726897,2025,71613,20423,-0.8797523170373401,0.47543228820456795,0.9963390818623872,0.0854893791860454,51190,14.219444444444445
2025-04-24,26.3,0.8660254037844387,-0.4999999999999998,0.9242907221930933,-0.3816892202666588,2025,2025-04-24,79.9,9.7,16.6,9.676,172.8,9.0,45.83,9.0,13.2,18.1,1011.3,43.2,11.2,7.9,0.0,87.4,13.1,0.0,15.0,18.1,['rain'],23.4,0.8660254037844387,-0.4999999999999998,0.9242907221930933,-0.3816892202666588,2025,71704,20310,-0.8765868046555685,0.4812437780415869,0.9956029323293272,0.09367390851910222,51394,14.276111111111112
2025-04-25,3.6,0.8660254037844387,-0.4999999999999998,0.9175836260593937,-0.39754281428255595,2025,2025-04-25,92.5,8.9,23.2,4.721,45.3,8.2,70.83,2.0,10.0,11.6,1013.4,54.0,8.3,4.8,0.0,99.1,8.6,0.0,4.1,11.6,['rain'],11.1,0.8660254037844387,-0.4999999999999998,0.9175836260593937,-0.39754281428255595,2025,71795,20198,-0.8733829031340401,0.4870341923450097,0.9948069555509467,0.10177976806545,51597,14.3325
2025-04-26,49.7,0.8660254037844387,-0.4999999999999998,0.9106046300942162,-0.4132786077829042,2025,2025-04-26,66.9,2.6,25.6,1.374,284.1,5.1,4.17,8.0,8.9,12.9,1020.5,54.0,26.1,1.3,0.0,42.4,6.9,0.0,24.5,12.9,['rain'],33.3,0.8660254037844387,-0.4999999999999998,0.9106046300942162,-0.4132786077829042,2025,71886,20087,-0.8701407527840429,0.49280327753011044,0.9939529727226114,0.10980659368127081,51799,14.38861111111111
2025-04-27,51.5,0.8660254037844387,-0.4999999999999998,0.9033558023246845,-0.4288919379124835,2025,2025-04-27,52.1,-1.6,21.4,0.0,300.3,2.5,0.0,9.0,8.4,14.1,1026.1,57.6,42.7,-1.6,0.0,6.6,6.5,0.0,26.0,14.1,['none'],44.4,0.8660254037844387,-0.4999999999999998,0.9033558023246845,-0.4288919379124835,2025,71977,19978,-0.8668604955919298,0.49855078094624805,0.9930513513298088,0.11768183216639924,51999,14.444166666666666
2025-04-28,48.7,0.8660254037844387,-0.4999999999999998,0.895839290734909,-0.4443781781046132,2025,2025-04-28,57.0,2.3,17.7,0.0,298.9,2.5,0.0,9.0,11.0,18.6,1026.9,32.4,262.2,1.2,0.0,8.8,10.6,0.0,25.9,18.6,['none'],44.5,0.8660254037844387,-0.4999999999999998,0.895839290734909,-0.4443781781046132,2025,72068,19869,-0.8635422752128987,0.5042764508879334,0.9920873342342668,0.12554967643106982,52199,14.499722222222223
2025-04-29,48.9,0.8660254037844387,-0.4999999999999998,0.8880573226294932,-0.45973273945210397,2025,2025-04-29,60.0,5.2,11.3,0.0,308.8,5.7,0.0,9.0,13.3,20.4,1024.4,25.2,315.7,4.0,0.0,33.3,12.8,0.0,26.7,20.4,['none'],40.2,0.8660254037844387,-0.4999999999999998,0.8880573226294932,-0.45973273945210397,2025,72158,19762,-0.8602233214849522,0.50991748074899,0.9910803751693377,0.13326548673308078,52396,14.554444444444444
2025-04-30,42.7,0.8660254037844387,-0.4999999999999998,0.8800122039735357,-0.47495107206704995,2025,2025-04-30,62.7,6.5,11.5,0.0,308.2,6.7,0.0,10.0,13.9,20.1,1022.5,25.6,352.8,5.0,0.0,59.4,13.5,0.0,26.6,20.1,['none'],43.8,0.8660254037844387,-0.4999999999999998,0.8800122039735357,-0.47495107206704995,2025,72248,19656,-0.8568675186529582,0.5155366674423094,0.9900236577165575,0.1409012319375828,52592,14.608888888888888
2024-05-01,48.8,0.49999999999999994,-0.8660254037844387,0.8631421280499114,-0.5049610547215204,2024,2024-05-01,53.8,6.5,19.8,0.0,293.3,7.6,0.0,9.0,17.2,23.7,1016.3,40.0,176.9,7.6,0.0,12.2,17.1,0.0,25.3,23.7,['none'],10.0,0.49999999999999994,-0.8660254037844387,0.8631421280499114,-0.5049610547215204,2024,72359,19526,-0.8526781592673465,0.522436557591876,0.9886473744343846,0.15025434777069763,52833,14.675833333333333
2024-05-02,24.1,0.49999999999999994,-0.8660254037844387,0.854322169749827,-0.5197438121555155,2024,2024-05-02,60.3,7.5,25.0,0.0,172.2,10.6,0.0,8.0,15.3,19.5,1009.4,61.2,150.2,10.6,0.0,77.4,15.3,0.0,15.0,19.5,['none'],40.0,0.49999999999999994,-0.8660254037844387,0.854322169749827,-0.5197438121555155,2024,72449,19423,-0.849240581458826,0.528006093528735,0.9874941898645556,0.15765539947539045,53026,14.729444444444445
2024-05-03,28.2,0.49999999999999994,-0.8660254037844387,0.8452490573530633,-0.5343725582809786,2024,2024-05-03,68.5,8.6,17.6,0.283,166.0,11.5,16.67,9.0,14.5,19.0,1009.9,54.0,215.0,11.5,0.0,81.1,14.5,0.0,14.2,19.0,['rain'],39.5,0.49999999999999994,-0.8660254037844387,0.8452490573530633,-0.5343725582809786,2024,72538,19321,-0.8458054238437683,0.5334915041464704,0.98629760152984,0.16497588071134803,53217,14.7825
2024-05-04,46.6,0.49999999999999994,-0.8660254037844387,0.8359254794186372,-0.548842958284719,2024,2024-05-04,63.9,8.2,13.4,0.021,260.8,8.5,4.17,8.0,15.7,22.2,1013.6,43.2,28.9,7.1,0.0,49.9,15.4,0.0,22.6,22.2,['rain'],33.5,0.49999999999999994,-0.8660254037844387,0.8359254794186372,-0.548842958284719,2024,72627,19221,-0.8423348354078001,0.5389545667850997,0.9850717936002091,0.17214401370151414,53406,14.835
2024-05-05,41.9,0.49999999999999994,-0.8660254037844387,0.8263541987239096,-0.5631507242749186,2024,2024-05-05,60.0,8.0,22.7,0.669,254.9,10.3,16.67,9.0,16.4,22.6,1011.2,53.9,208.9,10.3,0.0,66.3,16.4,0.0,22.0,22.6,['rain'],34.9,0.49999999999999994,-0.8660254037844387,0.8263541987239096,-0.5631507242749186,2024,72715,19123,-0.8388685488413085,0.5443340497937617,0.9838199585739873,0.17915995398380152,53592,14.886666666666667
2024-05-06,37.3,0.49999999999999994,-0.8660254037844387,0.8165380514459161,-0.5772916165517272,2024,2024-05-06,71.3,10.0,12.9,2.383,242.0,9.2,25.0,10.0,15.8,21.9,1008.4,51.8,251.1,7.8,0.0,72.0,15.7,0.0,20.9,21.9,['rain'],38.3,0.49999999999999994,-0.8660254037844387,0.8165380514459161,-0.5772916165517272,2024,72803,19025,-0.8353679072690441,0.5496912401566335,0.9825181548313273,0.18616679464083766,53778,14.938333333333333
2024-05-07,15.7,0.49999999999999994,-0.8660254037844387,0.8064799463209448,-0.5912614448635781,2024,2024-05-07,81.5,9.3,24.2,10.95,82.7,10.4,62.5,3.0,12.5,14.4,1012.5,46.8,21.2,10.4,0.0,94.4,12.5,0.0,7.3,14.4,['rain'],17.6,0.49999999999999994,-0.8660254037844387,0.8064799463209448,-0.5912614448635781,2024,72891,18930,-0.8318330540562111,0.5550259184754497,0.9812085670278176,0.192950117883397,53961,14.989166666666666
2024-05-08,43.8,0.49999999999999994,-0.8660254037844387,0.7961828637826158,-0.6050560696488488,2024,2024-05-08,68.8,5.6,22.4,0.0,272.5,8.6,0.0,9.0,11.4,16.3,1020.3,44.5,36.6,6.3,0.0,69.3,10.6,0.0,23.6,16.3,['none'],27.9,0.49999999999999994,-0.8660254037844387,0.7961828637826158,-0.6050560696488488,2024,72978,18836,-0.8283048806984878,0.5602776317247226,0.97986666938171,0.19965297452027808,54142,15.039444444444445
2024-05-09,50.6,0.49999999999999994,-0.8660254037844387,0.7856498550787147,-0.6186714032625031,2024,2024-05-09,58.6,3.4,18.5,0.0,301.6,6.2,0.0,9.0,11.6,17.0,1023.5,50.4,22.4,3.6,0.0,28.5,10.6,0.0,26.1,17.0,['none'],37.3,0.49999999999999994,-0.8660254037844387,0.7856498550787147,-0.6186714032625031,2024,73064,18744,-0.8247846741821524,0.5654469393623426,0.9785089851017784,0.20620418539662966,54320,15.088888888888889
2024-05-10,48.3,0.49999999999999994,-0.8660254037844387,0.7748840413670407,-0.6321034111873487,2024,2024-05-10,57.3,2.8,15.3,0.0,277.6,4.5,0.0,9.0,11.5,17.1,1022.6,43.2,353.1,3.1,0.0,43.3,11.0,0.0,24.1,17.1,['none'],37.6,0.49999999999999994,-0.8660254037844387,0.7748840413670407,-0.6321034111873487,2024,73150,18653,-0.8212322073718041,0.5705941303371724,0.9771229698790953,0.21267510840400813,54497,15.138055555555555
2024-05-11,43.4,0.49999999999999994,-0.8660254037844387,0.7638886127905428,-0.6453481132295501,2024,2024-05-11,68.5,6.2,15.6,1.439,274.3,5.7,20.83,10.0,12.2,18.3,1021.3,43.0,17.4,4.5,0.0,73.4,11.8,0.0,23.6,18.3,['rain'],31.5,0.49999999999999994,-0.8660254037844387,0.7638886127905428,-0.6453481132295501,2024,73236,18564,-0.8176476192171914,0.5757190033240684,0.9757260244712084,0.21899480626172588,54672,15.186666666666667
2024-05-12,52.4,0.49999999999999994,-0.8660254037844387,0.7526668275320085,-0.6584015846980488,2024,2024-05-12,58.3,3.4,19.1,0.0,316.8,8.9,0.0,9.0,12.6,16.9,1020.8,46.8,41.1,7.2,0.0,33.2,12.3,0.0,27.4,16.9,['none'],40.0,0.49999999999999994,-0.8660254037844387,0.7526668275320085,-0.6584015846980488,2024,73320,18477,-0.8141155183563196,0.5807029557109393,0.9743209648904093,0.22516362356078254,54843,15.234166666666667
2024-05-13,48.5,0.49999999999999994,-0.8660254037844387,0.7412220108485958,-0.6712599575675313,2024,2024-05-13,51.6,2.1,14.5,0.0,304.1,4.6,0.0,9.0,12.4,19.6,1018.6,54.0,52.0,3.0,0.0,22.5,11.8,0.0,26.1,19.6,['none'],49.1,0.49999999999999994,-0.8660254037844387,0.7412220108485958,-0.6712599575675313,2024,73404,18392,-0.8105530383532608,0.5856652388662805,0.9729105390421044,0.23118192624165437,55012,15.28111111111111
2024-05-14,46.6,0.49999999999999994,-0.8660254037844387,0.7295575540864875,-0.6839194216246106,2024,2024-05-14,53.1,4.0,14.1,0.0,296.4,5.9,0.0,10.0,14.1,20.2,1014.9,46.8,33.5,4.8,0.0,34.8,13.8,0.0,25.5,20.2,['none'],45.3,0.49999999999999994,-0.8660254037844387,0.7295575540864875,-0.6839194216246106,2024,73487,18308,-0.8070032600661309,0.5905469822483531,0.9714801854702895,0.23712074822463766,55179,15.3275
2024-05-15,26.3,0.49999999999999994,-0.8660254037844387,0.717676913675962,-0.6963762255968722,2024,2024-05-15,53.2,4.9,15.4,0.008,298.4,8.1,4.17,10.0,15.0,20.1,1014.4,46.8,120.1,6.7,0.0,43.3,14.8,0.0,25.9,20.1,['rain'],46.2,0.49999999999999994,-0.8660254037844387,0.717676913675962,-0.6963762255968722,2024,73570,18227,-0.8034240807583505,0.5954072106194209,0.9700665829690416,0.24283909200696574,55343,15.373055555555556
2024-05-16,47.1,0.49999999999999994,-0.8660254037844387,0.705583610107178,-0.7086266782644596,2024,2024-05-16,56.6,5.7,20.0,0.0,233.5,8.7,0.0,9.0,14.7,19.4,1014.8,57.6,133.3,6.1,0.0,48.9,14.3,0.0,20.1,19.4,['none'],45.7,0.49999999999999994,-0.8660254037844387,0.705583610107178,-0.7086266782644596,2024,73651,18147,-0.7999029245728976,0.6001294120935295,0.9686373937944732,0.2484785691826371,55504,15.417777777777777
2024-05-17,5.4,0.49999999999999994,-0.8660254037844387,0.6932812268869777,-0.7206671495538609,2024,2024-05-17,75.6,6.8,17.2,5.781,48.1,9.8,50.0,2.0,11.2,13.0,1012.4,68.4,89.7,7.6,0.0,80.9,11.1,0.0,4.3,13.0,['rain'],30.0,0.49999999999999994,-0.8660254037844387,0.6932812268869777,-0.7206671495538609,2024,73731,18070,-0.7963979960041231,0.6047728763433564,0.9672308349482545,0.25389862529226614,55661,15.461388888888889
2024-05-18,44.2,0.49999999999999994,-0.8660254037844387,0.6807734094770161,-0.7324940716135789,2024,2024-05-18,76.0,9.2,14.4,1.581,249.3,8.2,20.83,9.0,13.8,19.4,1013.6,43.2,183.7,6.7,0.0,76.1,13.4,0.0,21.5,19.4,['rain'],33.8,0.49999999999999994,-0.8660254037844387,0.6807734094770161,-0.7324940716135789,2024,73811,17994,-0.792866112322192,0.609395871278345,0.9658128032307327,0.2592404851013708,55817,15.504722222222222
2024-05-19,28.7,0.49999999999999994,-0.8660254037844387,0.6680638642135335,-0.7441039398713607,2024,2024-05-19,79.5,10.8,17.0,5.448,163.0,11.1,45.83,10.0,14.4,19.0,1011.8,53.1,162.9,11.1,0.0,70.9,14.4,0.0,14.0,19.0,['rain'],27.8,0.49999999999999994,-0.8660254037844387,0.6680638642135335,-0.7441039398713607,2024,73889,17921,-0.7893966871435707,0.6138834338266146,0.9644229677597251,0.26436402791893626,55968,15.546666666666667
2024-05-20,33.1,0.49999999999999994,-0.8660254037844387,0.6551563572090853,-0.7554933140726803,2024,2024-05-20,69.9,10.0,14.7,0.989,239.3,10.9,29.17,9.0,15.8,20.5,1012.2,48.3,39.2,10.9,0.0,63.8,15.8,0.0,20.8,20.5,['rain'],39.9,0.49999999999999994,-0.8660254037844387,0.6551563572090853,-0.7554933140726803,2024,73967,17850,-0.7859018630249489,0.618351244596398,0.9630451367077627,0.26934005395322597,56117,15.588055555555556
2024-05-21,29.8,0.49999999999999994,-0.8660254037844387,0.6420547132365637,-0.766658819300159,2024,2024-05-21,74.0,12.2,14.0,1.588,153.8,11.5,25.0,7.0,17.1,21.9,1010.5,46.8,88.0,11.5,0.0,64.6,17.1,0.0,13.3,21.9,['rain'],32.0,0.49999999999999994,-0.8660254037844387,0.6420547132365637,-0.766658819300159,2024,74043,17781,-0.7824723266031586,0.6226853604351398,0.9616815180321593,0.274169031576073,56262,15.628333333333334
2024-05-22,18.4,0.49999999999999994,-0.8660254037844387,0.6287628145958344,-0.7775971469736269,2024,2024-05-22,83.4,12.6,17.3,2.251,112.1,13.0,58.33,4.0,15.4,17.2,1009.3,64.8,210.4,13.0,0.0,82.9,15.4,0.0,9.7,17.2,['rain'],26.9,0.49999999999999994,-0.8660254037844387,0.6287628145958344,-0.7775971469736269,2024,74118,17714,-0.7790644832623295,0.626943802042256,0.9603342531313144,0.2788514340338249,56404,15.667777777777777
2024-05-23,41.6,0.49999999999999994,-0.8660254037844387,0.6152845999633276,-0.7883050558305255,2024,2024-05-23,73.5,10.8,14.3,0.126,312.3,11.4,4.17,9.0,15.9,20.0,1014.2,43.2,334.5,11.4,0.0,79.2,15.9,0.0,27.1,20.0,['rain'],32.8,0.49999999999999994,-0.8660254037844387,0.6152845999633276,-0.7883050558305255,2024,74192,17650,-0.7756793634436945,0.6311271861737419,0.9590260231013772,0.2833179962768988,56542,15.706111111111111
2024-05-24,24.5,0.49999999999999994,-0.8660254037844387,0.6016240632249226,-0.7987793728863649,2024,2024-05-24,85.1,12.4,16.6,8.915,138.1,12.9,62.5,6.0,15.0,17.7,1017.8,39.6,159.1,12.9,0.0,84.6,15.0,0.0,11.9,17.7,['rain'],23.3,0.49999999999999994,-0.8660254037844387,0.6016240632249226,-0.7987793728863649,2024,74264,17587,-0.7723641715030731,0.635179963930201,0.9577179442960267,0.2877087749329043,56677,15.743611111111111
2024-05-25,32.1,0.49999999999999994,-0.8660254037844387,0.5877852522924732,-0.8090169943749473,2024,2024-05-25,79.6,11.9,12.8,3.117,193.3,11.2,62.5,10.0,15.6,20.3,1018.8,46.8,326.8,11.2,0.0,71.3,15.6,0.0,16.7,20.3,['rain'],27.0,0.49999999999999994,-0.8660254037844387,0.5877852522924732,-0.8090169943749473,2024,74335,17527,-0.7690742878254128,0.639159400936757,0.9564534651424895,0.29188485575124395,56808,15.78
2024-05-26,36.6,0.49999999999999994,-0.8660254037844387,0.5737722679043246,-0.8190148866680801,2024,2024-05-26,72.4,11.3,16.2,2.938,297.6,12.4,37.5,10.0,16.6,21.9,1019.6,50.4,87.4,12.4,0.0,71.5,16.6,0.0,25.6,21.9,['rain'],34.1,0.49999999999999994,-0.8660254037844387,0.5737722679043246,-0.8190148866680801,2024,74405,17470,-0.7658106683134155,0.6430661088079201,0.9552353430260394,0.2958469865216222,56935,15.815277777777778
2024-05-27,49.3,0.49999999999999994,-0.8660254037844387,0.5595892624101765,-0.8287700871745038,2024,2024-05-27,67.0,10.6,16.1,1.343,291.3,11.4,4.17,10.0,17.3,23.9,1019.0,21.6,85.3,11.4,0.0,49.6,17.3,0.0,25.2,23.9,['rain'],35.3,0.49999999999999994,-0.8660254037844387,0.5595892624101765,-0.8287700871745038,2024,74473,17415,-0.762621291798959,0.6468452406061955,0.9540444024062804,0.29966527699625684,57058,15.849444444444444
2024-05-28,41.5,0.49999999999999994,-0.8660254037844387,0.545240438540651,-0.8382797052177744,2024,2024-05-28,62.9,9.3,17.4,0.0,336.7,11.6,0.0,9.0,17.1,23.6,1015.8,39.6,349.8,11.6,0.0,49.8,17.1,0.0,29.1,23.6,['none'],36.9,0.49999999999999994,-0.8660254037844387,0.545240438540651,-0.8382797052177744,2024,74539,17362,-0.7595078853200008,0.6504980954136149,0.9528823284079156,0.3033401856132966,57177,15.8825
2024-05-29,26.4,0.49999999999999994,-0.8660254037844387,0.5307300481619334,-0.8475409228928311,2024,2024-05-29,76.6,10.8,15.5,0.038,244.3,12.2,4.17,9.0,15.0,18.8,1014.7,26.3,14.4,12.2,0.0,75.1,15.0,0.0,21.1,18.8,['rain'],27.1,0.49999999999999994,-0.8660254037844387,0.5307300481619334,-0.8475409228928311,2024,74604,17312,-0.7564245504347983,0.6540809579092738,0.9517730556611735,0.3068029506334524,57292,15.914444444444445
2024-05-30,34.5,0.49999999999999994,-0.8660254037844387,0.5160623910158528,-0.8565509959010036,2024,2024-05-30,76.2,11.7,11.5,0.063,292.3,10.9,8.33,10.0,16.1,20.7,1006.6,21.6,13.8,10.9,0.0,62.5,16.1,0.0,25.2,20.7,['rain'],23.2,0.49999999999999994,-0.8660254037844387,0.5160623910158528,-0.8565509959010036,2024,74667,17264,-0.7534199573385437,0.6575396321773973,0.9506963149801891,0.31012338944860174,57403,15.945277777777777
2024-05-31,27.2,0.49999999999999994,-0.8660254037844387,0.5012418134457758,-0.865307254363206,2024,2024-05-31,80.3,12.2,17.0,0.62,190.5,12.5,16.67,10.0,15.8,20.5,1006.3,39.6,12.0,12.5,0.0,82.0,15.8,0.0,16.3,20.5,['rain'],27.5,0.49999999999999994,-0.8660254037844387,0.5012418134457758,-0.865307254363206,2024,74729,17219,-0.7504476161171799,0.6609299323408206,0.9496763497759848,0.31323286972500397,57510,15.975
2025-05-01,47.9,0.49999999999999994,-0.8660254037844387,0.8717063187093218,-0.4900286664290592,2025,2025-05-01,62.6,6.4,14.2,0.0,280.4,7.2,0.0,9.0,14.1,20.1,1021.4,28.8,8.5,5.6,0.0,25.1,13.7,0.0,24.2,20.1,['none'],42.8,0.49999999999999994,-0.8660254037844387,0.8717063187093218,-0.4900286664290592,2025,72338,19552,-0.8534750104683416,0.5211337702606348,0.988929703964084,0.1483847721887566,52786,14.662777777777778
2025-05-02,45.7,0.49999999999999994,-0.8660254037844387,0.8631421280499114,-0.5049610547215204,2025,2025-05-02,56.4,6.4,20.5,0.0,299.6,6.1,0.0,8.0,15.7,23.2,1017.6,39.6,232.6,4.7,0.0,22.3,15.4,0.0,25.9,23.2,['none'],45.1,0.49999999999999994,-0.8660254037844387,0.8631421280499114,-0.5049610547215204,2025,72428,19448,-0.8500459422548616,0.5267085494427107,0.9877791833242524,0.15585982481471275,52980,14.716666666666667
2025-05-03,37.6,0.49999999999999994,-0.8660254037844387,0.854322169749827,-0.5197438121555155,2025,2025-05-03,62.4,9.6,20.9,4.854,206.0,12.8,33.33,7.0,17.3,24.3,1009.7,89.8,261.4,12.8,0.0,60.3,17.3,0.0,17.6,24.3,['rain'],37.9,0.49999999999999994,-0.8660254037844387,0.854322169749827,-0.5197438121555155,2025,72517,19346,-0.8466191657589899,0.5321991997077334,0.9865959059702106,0.16318246941022582,53171,14.769722222222223
2025-05-04,14.5,0.49999999999999994,-0.8660254037844387,0.8452490573530633,-0.5343725582809786,2025,2025-05-04,76.5,8.2,18.7,0.236,125.4,8.3,37.5,5.0,12.3,13.8,1007.0,46.8,296.4,5.6,0.0,79.4,12.0,0.0,10.6,13.8,['rain'],28.3,0.49999999999999994,-0.8660254037844387,0.8452490573530633,-0.5343725582809786,2025,72606,19246,-0.8431569243545286,0.5376675561283307,0.9853831320927691,0.17035281913441983,53360,14.822222222222223
2025-05-05,16.9,0.49999999999999994,-0.8660254037844387,0.8359254794186372,-0.548842958284719,2025,2025-05-05,71.8,2.5,25.0,0.061,110.5,6.0,12.5,3.0,7.3,8.9,1012.7,54.0,27.4,2.5,0.0,95.5,3.8,0.0,9.7,5.8,['rain'],27.6,0.49999999999999994,-0.8660254037844387,0.8359254794186372,-0.548842958284719,2025,72695,19147,-0.8396593630748996,0.5431133896348478,0.9841311530806021,0.17744259222702002,53548,14.874444444444444
2025-05-06,6.9,0.49999999999999994,-0.8660254037844387,0.8263541987239096,-0.5631507242749186,2025,2025-05-06,74.6,3.0,18.8,0.149,109.3,5.0,25.0,3.0,7.3,10.1,1014.6,45.3,21.8,1.5,0.0,98.4,4.6,0.0,9.6,10.1,['rain'],20.4,0.49999999999999994,-0.8660254037844387,0.8263541987239096,-0.5631507242749186,2025,72783,19049,-0.8361665169200542,0.54847566580641,0.9828415805584562,0.18445169428702918,53734,14.926111111111112
2025-05-07,40.3,0.49999999999999994,-0.8660254037844387,0.8165380514459161,-0.5772916165517272,2025,2025-05-07,58.8,0.9,20.9,0.05,249.2,5.1,8.33,9.0,8.7,12.4,1016.0,43.2,22.7,2.6,0.0,85.0,7.2,0.0,21.6,12.4,['rain'],31.4,0.49999999999999994,-0.8660254037844387,0.8165380514459161,-0.5772916165517272,2025,72871,18953,-0.8326394264183973,0.5538154797165229,0.9815299241122115,0.1913086722348892,53918,14.977222222222222
2025-05-08,42.1,0.49999999999999994,-0.8660254037844387,0.8064799463209448,-0.5912614448635781,2025,2025-05-08,50.6,-2.2,21.6,0.0,261.5,4.3,0.0,9.0,7.6,10.9,1016.0,46.8,26.3,1.4,0.0,72.3,5.5,0.0,22.6,10.9,['none'],42.7,0.49999999999999994,-0.8660254037844387,0.8064799463209448,-0.5912614448635781,2025,72958,18859,-0.8291188950970246,0.5590723189293931,0.9801992395842026,0.19801376396238463,54099,15.0275
2025-05-09,50.4,0.49999999999999994,-0.8660254037844387,0.7961828637826158,-0.6050560696488488,2025,2025-05-09,52.4,-3.5,18.0,0.0,310.2,0.2,0.0,9.0,6.2,11.0,1019.9,41.1,26.3,-1.8,0.0,31.6,4.6,0.0,26.8,11.0,['none'],41.8,0.49999999999999994,-0.8660254037844387,0.7961828637826158,-0.6050560696488488,2025,73044,18766,-0.8256062107545518,0.5642467410304739,0.9788376356632159,0.2046384201689542,54278,15.077222222222222
2025-05-10,19.5,0.49999999999999994,-0.8660254037844387,0.7856498550787147,-0.6186714032625031,2025,2025-05-10,62.3,0.9,16.7,0.023,236.6,1.7,4.17,10.0,8.0,14.4,1020.4,39.6,289.3,-1.1,0.0,78.6,6.7,0.0,20.5,14.4,['rain'],38.6,0.49999999999999994,-0.8660254037844387,0.7856498550787147,-0.6186714032625031,2025,73131,18675,-0.8220198239405444,0.5694588738870932,0.9774619749435718,0.2111115523589653,54456,15.126666666666667
2025-05-11,44.2,0.49999999999999994,-0.8660254037844387,0.7748840413670407,-0.6321034111873487,2025,2025-05-11,63.2,1.0,19.9,0.454,297.1,5.1,12.5,9.0,8.4,11.9,1018.0,46.8,28.3,2.0,0.0,70.4,6.6,0.0,25.7,11.9,['rain'],34.2,0.49999999999999994,-0.8660254037844387,0.7748840413670407,-0.6321034111873487,2025,73216,18586,-0.8184841034446062,0.5745291745494558,0.976075142109945,0.2174334770798893,54630,15.175
2025-05-12,48.9,0.49999999999999994,-0.8660254037844387,0.7638886127905428,-0.6453481132295501,2025,2025-05-12,55.6,-1.2,18.9,0.0,300.3,1.2,0.0,10.0,7.8,12.8,1016.9,43.3,36.0,-1.1,0.0,39.6,6.7,0.0,25.8,12.8,['none'],39.2,0.49999999999999994,-0.8660254037844387,0.7638886127905428,-0.6453481132295501,2025,73301,18499,-0.8149171092700158,0.579577522872481,0.9746799537223286,0.2236045344169912,54802,15.222777777777777
2025-05-13,52.0,0.49999999999999994,-0.8660254037844387,0.7526668275320085,-0.6584015846980488,2025,2025-05-13,53.1,-1.3,16.1,0.0,304.8,1.4,0.0,10.0,8.6,14.3,1019.0,39.6,31.8,-1.2,0.0,35.5,7.6,0.0,26.2,14.3,['none'],40.3,0.49999999999999994,-0.8660254037844387,0.7526668275320085,-0.6584015846980488,2025,73385,18413,-0.8113614891462997,0.5845447236356677,0.9732624568870213,0.22969586416441873,54972,15.27
2025-05-14,46.7,0.49999999999999994,-0.8660254037844387,0.7412220108485958,-0.6712599575675313,2025,2025-05-14,51.0,0.9,23.2,0.0,267.9,3.3,0.0,8.0,11.4,18.3,1014.5,50.4,265.1,0.4,0.0,80.0,10.4,0.0,23.4,18.3,['none'],38.2,0.49999999999999994,-0.8660254037844387,0.7412220108485958,-0.6712599575675313,2025,73468,18329,-0.8078184594430895,0.5894313671522695,0.9718411745293983,0.23563686360440203,55139,15.31638888888889
2025-05-15,18.9,0.49999999999999994,-0.8660254037844387,0.7295575540864875,-0.6839194216246106,2025,2025-05-15,69.8,1.8,21.8,1.171,180.7,3.4,29.17,9.0,7.2,10.8,1010.0,50.4,336.9,-0.7,0.0,85.3,4.7,0.0,15.7,10.8,['rain'],28.6,0.49999999999999994,-0.8660254037844387,0.7295575540864875,-0.6839194216246106,2025,73551,18247,-0.8042459990196034,0.5942965363023415,0.9704187519482195,0.2414279310006613,55304,15.362222222222222
2025-05-16,21.4,0.49999999999999994,-0.8660254037844387,0.717676913675962,-0.6963762255968722,2025,2025-05-16,81.0,2.6,24.0,2.772,207.2,1.6,45.83,10.0,5.7,10.4,1013.8,47.9,280.6,-1.4,0.0,79.2,3.3,0.0,18.1,10.4,['rain'],26.1,0.49999999999999994,-0.8660254037844387,0.717676913675962,-0.6963762255968722,2025,73632,18167,-0.8007313709487336,0.5990235985155857,0.9689977665694788,0.2470694808821235,55465,15.406944444444445
2025-05-17,22.1,0.49999999999999994,-0.8660254037844387,0.705583610107178,-0.7086266782644596,2025,2025-05-17,83.5,4.3,25.8,3.52,147.9,4.8,75.0,6.0,7.1,11.3,1010.7,52.7,283.1,2.1,0.1,96.1,4.8,0.0,12.6,11.3,['rain'],22.0,0.49999999999999994,-0.8660254037844387,0.705583610107178,-0.7086266782644596,2025,73713,18089,-0.7971889593188389,0.6037298759711553,0.9675807280960683,0.25256194213911637,55624,15.45111111111111
2025-05-18,15.5,0.49999999999999994,-0.8660254037844387,0.6932812268869777,-0.7206671495538609,2025,2025-05-18,85.7,3.6,25.1,4.822,174.3,3.9,66.67,9.0,5.9,7.9,1011.5,54.0,266.6,0.5,0.0,94.6,2.8,0.0,15.0,5.0,['rain'],22.6,0.49999999999999994,-0.8660254037844387,0.6932812268869777,-0.7206671495538609,2025,73793,18013,-0.7936631301472917,0.6083574901690643,0.9661700786789599,0.2579057561697538,55780,15.494444444444444
2025-05-19,12.4,0.49999999999999994,-0.8660254037844387,0.6807734094770161,-0.7324940716135789,2025,2025-05-19,90.4,5.9,13.9,8.223,46.3,5.1,70.83,2.0,7.4,9.3,1015.0,39.6,301.2,2.5,0.1,98.9,5.4,0.0,3.9,7.9,['rain'],16.8,0.49999999999999994,-0.8660254037844387,0.6807734094770161,-0.7324940716135789,2025,73871,17939,-0.7901995821450143,0.6128495903383184,0.9647681931079932,0.2631013750764861,55932,15.536666666666667
2025-05-20,20.6,0.49999999999999994,-0.8660254037844387,0.6680638642135335,-0.7441039398713607,2025,2025-05-20,81.1,8.0,9.1,2.694,156.8,8.1,12.5,5.0,11.3,16.0,1017.1,22.7,335.9,7.0,0.0,77.5,11.0,0.0,13.6,16.0,['rain'],24.0,0.49999999999999994,-0.8660254037844387,0.6680638642135335,-0.7441039398713607,2025,73949,17868,-0.7867106093694863,0.6173219719931338,0.9633968768374559,0.2680792004237478,56081,15.578055555555556
2025-05-21,41.2,0.49999999999999994,-0.8660254037844387,0.6551563572090853,-0.7554933140726803,2025,2025-05-21,71.4,8.4,16.8,2.855,243.0,7.5,16.67,8.0,13.9,20.4,1012.3,45.5,261.2,6.3,0.0,62.5,13.6,0.0,20.9,20.4,['rain'],36.3,0.49999999999999994,-0.8660254037844387,0.6551563572090853,-0.7554933140726803,2025,74026,17798,-0.7832415387248396,0.6217175339460401,0.9620197313291151,0.2729799196524484,56228,15.61888888888889
2025-05-22,14.5,0.49999999999999994,-0.8660254037844387,0.6420547132365637,-0.766658819300159,2025,2025-05-22,90.7,9.9,17.0,8.612,135.1,8.2,62.5,10.0,11.4,15.0,1008.8,43.2,303.7,5.8,0.1,86.2,11.1,0.0,11.6,15.0,['rain'],13.5,0.49999999999999994,-0.8660254037844387,0.6420547132365637,-0.766658819300159,2025,74101,17731,-0.7798389625913174,0.625980185328975,0.9606782561929275,0.2776639841213045,56370,15.658333333333333
2025-05-23,29.7,0.49999999999999994,-0.8660254037844387,0.6287628145958344,-0.7775971469736269,2025,2025-05-23,69.8,2.8,16.3,6.319,190.2,5.9,33.33,5.0,8.3,11.4,1014.3,57.6,18.8,2.7,0.0,90.1,6.7,0.0,16.4,11.4,['rain'],31.5,0.49999999999999994,-0.8660254037844387,0.6287628145958344,-0.7775971469736269,2025,74175,17666,-0.7764590171709755,0.6301677512011249,0.9593550292935613,0.28220192729524374,56509,15.696944444444444
2025-05-24,46.1,0.49999999999999994,-0.8660254037844387,0.6152845999633276,-0.7883050558305255,2025,2025-05-24,64.1,1.8,12.9,0.0,288.2,2.9,0.0,10.0,8.8,13.8,1017.3,39.6,347.4,0.7,0.0,56.1,7.8,0.0,25.0,13.8,['none'],42.6,0.49999999999999994,-0.8660254037844387,0.6152845999633276,-0.7883050558305255,2025,74248,17603,-0.7731027139492948,0.6342808476410391,0.9580520602754843,0.28659422499746884,56645,15.734722222222222
2025-05-25,54.4,0.49999999999999994,-0.8660254037844387,0.6016240632249226,-0.7987793728863649,2025,2025-05-25,58.8,2.3,12.6,0.0,325.3,3.0,0.0,10.0,11.0,17.5,1015.6,32.4,285.3,1.3,0.0,25.3,10.5,0.0,28.1,17.5,['none'],44.1,0.49999999999999994,-0.8660254037844387,0.6016240632249226,-0.7987793728863649,2025,74319,17542,-0.7698174627828124,0.638264109906419,0.9567712930173697,0.2908413534177533,56777,15.77138888888889
2025-05-26,21.6,0.49999999999999994,-0.8660254037844387,0.5877852522924732,-0.8090169943749473,2025,2025-05-26,84.7,9.4,13.1,1.839,189.6,9.4,45.83,7.0,12.0,15.6,1014.5,33.8,304.7,7.8,0.0,76.4,11.4,0.0,16.4,15.6,['rain'],23.2,0.49999999999999994,-0.8660254037844387,0.5877852522924732,-0.8090169943749473,2025,74389,17484,-0.766558391140041,0.6421746125259017,0.9555360523014722,0.2948742999179788,56905,15.806944444444444
2025-05-27,49.3,0.49999999999999994,-0.8660254037844387,0.5737722679043246,-0.8190148866680801,2025,2025-05-27,69.2,6.9,11.6,4.645,309.1,6.6,4.17,9.0,13.1,18.8,1018.7,29.9,341.9,4.9,0.0,43.7,12.7,0.0,26.8,18.8,['rain'],28.7,0.49999999999999994,-0.8660254037844387,0.5737722679043246,-0.8190148866680801,2025,74457,17429,-0.7633734140030854,0.6459574527732256,0.9543489997331408,0.2986938009205307,57028,15.841111111111111
2025-05-28,31.3,0.49999999999999994,-0.8660254037844387,0.5595892624101765,-0.8287700871745038,2025,2025-05-28,77.3,8.9,24.4,2.642,149.3,8.0,37.5,7.0,13.0,18.0,1015.1,45.9,259.3,6.5,0.0,78.5,12.7,0.0,12.9,18.0,['rain'],31.2,0.49999999999999994,-0.8660254037844387,0.5595892624101765,-0.8287700871745038,2025,74524,17375,-0.7602170166520587,0.6496692139794247,0.9531686763135246,0.30243920793231027,57149,15.874722222222223
2025-05-29,19.8,0.49999999999999994,-0.8660254037844387,0.545240438540651,-0.8382797052177744,2025,2025-05-29,77.8,7.8,22.9,4.121,109.9,8.3,33.33,3.0,11.7,13.4,1016.7,50.8,317.3,6.4,0.1,82.8,11.6,0.0,9.5,13.4,['rain'],26.9,0.49999999999999994,-0.8660254037844387,0.545240438540651,-0.8382797052177744,2025,74589,17325,-0.7571375918972288,0.6532554377393772,0.9520626777139243,0.3059030200965535,57264,15.906666666666666
2025-05-30,16.0,0.49999999999999994,-0.8660254037844387,0.5307300481619334,-0.8475409228928311,2025,2025-05-30,82.4,8.5,16.0,0.124,130.2,6.0,16.67,4.0,11.4,16.1,1021.3,39.6,296.6,4.2,0.0,74.8,10.9,0.0,11.4,16.1,['rain'],26.6,0.49999999999999994,-0.8660254037844387,0.5307300481619334,-0.8475409228928311,2025,74653,17276,-0.7540890135859926,0.6567722280889355,0.9509665866592052,0.30929363242352786,57377,15.938055555555556
2025-05-31,49.2,0.49999999999999994,-0.8660254037844387,0.5160623910158528,-0.8565509959010036,2025,2025-05-31,78.4,12.5,15.6,2.216,311.0,11.0,25.0,9.0,16.7,24.0,1019.7,43.2,272.6,11.0,0.0,57.9,16.7,0.0,26.7,24.0,['rain'],27.5,0.49999999999999994,-0.8660254037844387,0.5160623910158528,-0.8565509959010036,2025,74715,17231,-0.7511201255987104,0.6601655526612831,0.949949335376473,0.3124040016033681,57484,15.967777777777778
2024-06-01,44.0,1.2246467991473532e-16,-1.0,0.48627270710868997,-0.8738071036110808,2024,2024-06-01,84.0,11.9,22.9,15.839,257.6,12.3,20.83,10.0,14.8,18.5,1008.8,43.2,193.4,12.3,0.1,83.5,14.8,0.0,22.2,18.5,['rain'],23.2,1.2246467991473532e-16,-1.0,0.48627270710868997,-0.8738071036110808,2024,74788,17177,-0.7476049305567485,0.664143710206789,0.9487152061871894,0.3161320255039004,57611,16.003055555555555
2024-06-02,23.7,1.2246467991473532e-16,-1.0,0.4711595076738638,-0.8820480249558537,2024,2024-06-02,87.4,12.0,19.9,1.035,205.3,11.3,16.67,10.0,14.1,18.1,1013.1,57.6,220.2,11.3,0.0,84.0,14.1,0.0,17.7,18.1,['rain'],19.9,1.2246467991473532e-16,-1.0,0.4711595076738638,-0.8820480249558537,2024,74846,17137,-0.744797010913266,0.6672911002963132,0.9477916028789599,0.3188903847909686,57709,16.030277777777776
2024-06-03,29.3,1.2246467991473532e-16,-1.0,0.4559066935084588,-0.8900275764346767,2024,2024-06-03,86.4,13.2,18.0,15.192,176.5,11.9,12.5,9.0,15.6,19.4,1013.8,33.1,11.0,11.9,0.0,83.3,15.6,0.0,15.6,19.4,['rain'],12.3,1.2246467991473532e-16,-1.0,0.4559066935084588,-0.8900275764346767,2024,74901,17100,-0.7421220877154131,0.6702647289876715,0.9469301294951056,0.3214394653031617,57801,16.055833333333332
2024-06-04,9.6,1.2246467991473532e-16,-1.0,0.440518784350495,-0.8977433935342337,2024,2024-06-04,88.1,11.3,17.7,24.089,87.6,11.2,29.17,3.0,13.2,15.0,1013.6,39.6,13.2,11.2,0.1,96.8,13.2,0.0,7.7,15.0,['rain'],13.0,1.2246467991473532e-16,-1.0,0.440518784350495,-0.8977433935342337,2024,74955,17065,-0.7394842488245114,0.6731738599652012,0.9461089122652236,0.3238486160728734,57890,16.080555555555556
2024-06-05,46.3,1.2246467991473532e-16,-1.0,0.42500033996955416,-0.9051931898913974,2024,2024-06-05,75.3,11.5,16.8,2.677,249.3,10.0,4.17,8.0,16.4,22.4,1013.4,32.0,220.8,8.6,0.0,51.6,16.3,0.0,21.6,22.4,['rain'],22.0,1.2246467991473532e-16,-1.0,0.42500033996955416,-0.9051931898913974,2024,75007,17033,-0.7369333291530524,0.6759654343111037,0.9453527212071774,0.32604943261135216,57974,16.10388888888889
2024-06-06,36.6,1.2246467991473532e-16,-1.0,0.4093559588156213,-0.9123747579707273,2024,2024-06-06,72.1,12.9,21.8,1.024,225.2,14.1,25.0,10.0,18.4,23.5,1015.9,39.6,251.1,14.1,0.0,73.7,18.4,0.0,19.4,23.5,['rain'],32.7,1.2246467991473532e-16,-1.0,0.4093559588156213,-0.9123747579707273,2024,75056,17004,-0.7345199334981118,0.6785871110579167,0.9446630008984904,0.3280423977681218,58052,16.125555555555554
2024-06-07,31.4,1.2246467991473532e-16,-1.0,0.39359027665646673,-0.9192859697186104,2024,2024-06-07,74.7,12.9,16.6,0.075,246.5,14.0,12.5,10.0,17.7,22.8,1016.1,54.0,282.1,14.0,0.0,69.1,17.7,0.0,21.2,22.8,['rain'],37.3,1.2246467991473532e-16,-1.0,0.39359027665646673,-0.9192859697186104,2024,75103,16978,-0.7321962799582997,0.6810936849033524,0.9440410588467225,0.32982795395714865,58125,16.145833333333332
2024-06-08,47.3,1.2246467991473532e-16,-1.0,0.3777079652039649,-0.9259247771938498,2024,2024-06-08,65.8,12.0,16.8,1.008,275.3,12.3,12.5,9.0,19.1,24.8,1013.2,34.2,309.9,12.3,0.0,40.6,19.1,0.0,23.7,24.8,['rain'],31.7,1.2246467991473532e-16,-1.0,0.3777079652039649,-0.9259247771938498,2024,75149,16954,-0.7299137830028987,0.6835392230021605,0.9434639629064223,0.33147511323915263,58195,16.165277777777778
2024-06-09,36.0,1.2246467991473532e-16,-1.0,0.36171373072976765,-0.9322892131745133,2024,2024-06-09,71.4,13.5,15.7,0.936,251.3,15.9,20.83,10.0,19.2,22.9,1007.0,48.6,270.4,15.9,0.0,82.7,19.2,0.0,21.6,22.9,['rain'],30.2,1.2246467991473532e-16,-1.0,0.36171373072976765,-0.9322892131745133,2024,75191,16933,-0.7278226298507926,0.6857654259855014,0.9429566463572702,0.3329155494876292,58258,16.182777777777776
2024-06-10,11.4,1.2246467991473532e-16,-1.0,0.3456123126707335,-0.9383773917408641,2024,2024-06-10,90.8,14.7,13.4,6.36,109.4,13.9,50.0,6.0,16.2,18.0,1004.9,31.0,311.9,13.9,0.1,90.0,16.2,0.0,9.4,18.0,['rain'],14.5,1.2246467991473532e-16,-1.0,0.3456123126707335,-0.9383773917408641,2024,75232,16915,-0.7257747166921181,0.6879324535232189,0.9425200531812429,0.33414959127795907,58317,16.199166666666667
2024-06-11,34.9,1.2246467991473532e-16,-1.0,0.3294084822245304,-0.9441875088341993,2024,2024-06-11,74.8,10.1,20.6,7.57,171.7,11.4,8.33,9.0,15.1,19.3,1010.1,46.8,300.9,11.4,0.0,73.1,15.1,0.0,15.0,19.3,['rain'],23.8,1.2246467991473532e-16,-1.0,0.3294084822245304,-0.9441875088341993,2024,75270,16900,-0.7238708892203581,0.6899354576620396,0.9421549918355965,0.3351775221569416,58370,16.21388888888889
2024-06-12,17.3,1.2246467991473532e-16,-1.0,0.3131070409358269,-0.9497178427914316,2024,2024-06-12,74.5,6.3,13.9,0.652,163.8,9.0,25.0,6.0,10.7,13.2,1017.8,39.6,34.2,7.9,0.0,76.8,10.4,0.0,14.1,13.2,['rain'],30.6,1.2246467991473532e-16,-1.0,0.3131070409358269,-0.9497178427914316,2024,75305,16887,-0.7221124730699703,0.6917756690118346,0.941837698490237,0.3360680730188654,58418,16.227222222222224
2024-06-13,31.2,1.2246467991473532e-16,-1.0,0.29671281927349075,-0.9549667548552551,2024,2024-06-13,72.9,6.7,16.5,0.71,243.0,8.1,12.5,8.0,11.6,15.0,1016.9,43.2,32.8,6.3,0.0,72.0,11.0,0.0,21.0,15.0,['rain'],31.8,1.2246467991473532e-16,-1.0,0.29671281927349075,-0.9549667548552551,2024,75338,16877,-0.720450252851565,0.693506620852401,0.9415930538671278,0.3367529077961707,58461,16.239166666666666
2024-06-14,46.6,1.2246467991473532e-16,-1.0,0.28023067519921585,-0.9599326896597447,2024,2024-06-14,67.0,6.9,8.4,0.0,281.9,6.5,0.0,9.0,13.4,18.4,1016.1,23.4,342.9,5.0,0.0,51.1,13.1,0.0,24.4,18.4,['none'],35.5,1.2246467991473532e-16,-1.0,0.28023067519921585,-0.9599326896597447,2024,75369,16870,-0.7188849934596628,0.6951290284389657,0.9414215063363465,0.3372321861972909,58499,16.24972222222222
2024-06-15,54.6,1.2246467991473532e-16,-1.0,0.26366549272800704,-0.9646141756912435,2024,2024-06-15,61.8,9.7,23.1,0.0,334.0,10.5,0.0,9.0,17.6,23.8,1010.9,51.1,195.7,10.5,0.0,37.0,17.6,0.0,28.7,23.8,['none'],42.7,1.2246467991473532e-16,-1.0,0.26366549272800704,-0.9646141756912435,2024,75397,16866,-0.7174680702593186,0.6965913925382436,0.9413233696415454,0.33750602034139554,58531,16.25861111111111
2024-06-16,25.3,1.2246467991473532e-16,-1.0,0.24702218048093552,-0.9690098257244062,2024,2024-06-16,79.9,12.3,15.9,0.789,246.7,13.1,29.17,10.0,16.0,19.8,1011.5,39.6,6.6,13.1,0.1,72.6,16.0,0.0,21.3,19.8,['rain'],25.6,1.2246467991473532e-16,-1.0,0.24702218048093552,-0.9690098257244062,2024,75422,16865,-0.7162004463402476,0.6978946343553805,0.9412988230220564,0.33757447441607813,58557,16.265833333333333
2024-06-17,50.6,1.2246467991473532e-16,-1.0,0.23030567023061221,-0.9731183372332619,2024,2024-06-17,68.7,12.3,14.8,0.0,320.9,11.9,0.0,10.0,18.8,25.2,1014.8,26.6,276.9,11.9,0.0,41.4,18.8,0.0,27.7,25.2,['none'],42.4,1.2246467991473532e-16,-1.0,0.23030567023061221,-0.9731183372332619,2024,75445,16866,-0.7150321414681146,0.6990915795999277,0.9413233696415454,0.33750602034139554,58579,16.271944444444443
2024-06-18,45.7,1.2246467991473532e-16,-1.0,0.21352091543979612,-0.9769384927771817,2024,2024-06-18,65.9,14.7,18.6,1.17,321.5,16.2,16.67,9.0,21.7,26.9,1016.0,43.2,236.9,16.2,0.0,68.7,21.8,0.0,27.8,27.3,['rain'],41.7,1.2246467991473532e-16,-1.0,0.21352091543979612,-0.9769384927771817,2024,75465,16870,-0.7140145980512681,0.7001308118985237,0.9414215063363465,0.3372321861972909,58595,16.27638888888889
2024-06-19,51.4,1.2246467991473532e-16,-1.0,0.19667288979357647,-0.980469160361632,2024,2024-06-19,66.6,15.9,22.6,0.084,325.9,17.6,4.17,9.0,23.0,28.9,1012.5,72.0,215.3,17.6,0.0,54.3,23.1,0.0,28.3,29.0,['rain'],32.4,1.2246467991473532e-16,-1.0,0.19667288979357647,-0.980469160361632,2024,75483,16877,-0.7130975175010454,0.7010648547273256,0.9415930538671278,0.3367529077961707,58606,16.279444444444444
2024-06-20,40.2,1.2246467991473532e-16,-1.0,0.1797665857255624,-0.9837092937736097,2024,2024-06-20,72.9,11.9,20.7,0.0,273.3,13.8,0.0,8.0,17.1,21.2,1021.0,39.2,24.5,13.8,0.1,80.9,17.1,0.0,23.7,21.2,['none'],35.4,1.2246467991473532e-16,-1.0,0.1797665857255624,-0.9837092937736097,2024,75497,16887,-0.7123833877962878,0.7017905020673076,0.941837698490237,0.3360680730188654,58610,16.280555555555555
2024-06-21,46.0,1.2246467991473532e-16,-1.0,0.16280701293851715,-0.986657932891657,2024,2024-06-21,72.6,16.5,15.0,2.006,291.9,15.5,4.17,9.0,21.9,28.2,1015.5,61.2,239.5,15.5,0.0,67.2,22.2,0.0,25.2,29.7,['rain'],29.0,1.2246467991473532e-16,-1.0,0.16280701293851715,-0.986657932891657,2024,75509,16899,-0.711770688872535,0.7024119065490824,0.9421306145470748,0.3352460367150538,58610,16.280555555555555
2024-06-22,26.7,1.2246467991473532e-16,-1.0,0.1457991969198751,-0.9893142039703663,2024,2024-06-22,77.5,15.0,20.9,6.533,228.9,16.0,20.83,10.0,19.2,22.8,1011.6,68.4,258.9,16.0,0.1,64.9,19.2,0.0,19.9,22.8,['rain'],33.9,1.2246467991473532e-16,-1.0,0.1457991969198751,-0.9893142039703663,2024,75518,16914,-0.7113108089375884,0.7028776088968504,0.9424957506449988,0.3342181323867996,58604,16.27888888888889
2024-06-23,48.6,1.2246467991473532e-16,-1.0,0.12874817745258132,-0.99167731989929,2024,2024-06-23,63.6,10.7,17.3,1.088,320.0,12.5,4.17,10.0,18.2,22.8,1015.1,36.0,15.3,12.5,0.0,41.8,18.2,0.0,27.5,22.8,['rain'],43.7,1.2246467991473532e-16,-1.0,0.12874817745258132,-0.99167731989929,2024,75525,16932,-0.7109529138748159,0.7032396136829244,0.942932433561923,0.33298412234968433,58593,16.275833333333335
2024-06-24,38.0,1.2246467991473532e-16,-1.0,0.11165900712169512,-0.993746580436178,2024,2024-06-24,69.0,11.0,17.4,0.0,212.0,12.7,0.0,9.0,16.8,20.0,1018.5,57.6,15.6,12.7,0.0,40.7,16.8,0.0,18.3,20.0,['none'],30.8,1.2246467991473532e-16,-1.0,0.11165900712169512,-0.993746580436178,2024,75528,16952,-0.7107994738729924,0.703394702810504,0.9434157418266261,0.33161233100371396,58576,16.27111111111111
2024-06-25,47.5,1.2246467991473532e-16,-1.0,0.09453674981719912,-0.9955213724144752,2024,2024-06-25,67.6,12.8,14.7,0.0,213.3,12.7,0.0,8.0,19.3,24.9,1016.7,46.8,42.6,12.7,0.0,26.6,19.3,0.0,18.3,24.9,['none'],36.9,1.2246467991473532e-16,-1.0,0.09453674981719912,-0.9955213724144752,2024,75529,16975,-0.7107483196872361,0.7034463917469266,0.9439690790837607,0.33003390391557774,58554,16.265
2024-06-26,34.8,1.2246467991473532e-16,-1.0,0.07738647923346301,-0.9970011699250151,2024,2024-06-26,74.9,15.3,21.9,0.42,219.7,15.5,12.5,9.0,20.2,26.7,1013.8,43.2,21.2,15.5,0.0,62.1,20.2,0.0,19.2,26.7,['rain'],28.5,1.2246467991473532e-16,-1.0,0.07738647923346301,-0.9970011699250151,2024,75527,17001,-0.7108506242996885,0.7033430101541801,0.9445914106686555,0.3282484834557494,58526,16.25722222222222
2024-06-27,25.6,1.2246467991473532e-16,-1.0,0.06021327736579302,-0.9981855344718586,2024,2024-06-27,82.8,16.4,14.2,4.919,207.8,16.4,41.67,8.0,19.6,25.4,1011.4,50.4,66.3,16.4,0.0,84.7,19.6,0.0,17.8,25.4,['rain'],19.2,1.2246467991473532e-16,-1.0,0.06021327736579302,-0.9981855344718586,2024,75522,17029,-0.7111063200377891,0.7030844910836205,0.9452578372771672,0.3263244107726121,58493,16.248055555555556
2024-06-28,39.0,1.2246467991473532e-16,-1.0,0.04302223300453059,-0.99907411510223,2024,2024-06-28,76.7,17.0,15.7,1.542,287.5,16.2,4.17,10.0,21.6,26.9,1013.6,31.7,255.5,16.2,0.0,52.3,21.6,0.0,24.9,27.7,['rain'],24.5,1.2246467991473532e-16,-1.0,0.04302223300453059,-0.99907411510223,2024,75514,17059,-0.7115152376491483,0.702670667235424,0.945967516591104,0.3242614031217089,58455,16.2375
2024-06-29,47.1,1.2246467991473532e-16,-1.0,0.02581844022713308,-0.9996666485105112,2024,2024-06-29,68.5,16.8,14.2,0.0,302.9,17.5,0.0,9.0,23.5,28.9,1016.1,19.8,26.7,17.5,0.0,34.6,23.6,0.0,26.1,29.3,['none'],26.5,1.2246467991473532e-16,-1.0,0.02581844022713308,-0.9996666485105112,2024,75503,17092,-0.7120771061191266,0.7021012711432805,0.9467429633543615,0.3219903124924758,58411,16.225277777777777
2024-06-30,35.8,1.2246467991473532e-16,-1.0,0.008606996888688698,-0.9999629591162655,2024,2024-06-30,70.5,17.0,35.8,0.697,227.1,17.5,8.33,9.0,23.1,29.3,1008.3,79.2,166.3,17.5,0.1,80.4,23.2,0.0,19.7,30.1,['rain'],24.9,1.2246467991473532e-16,-1.0,0.008606996888688698,-0.9999629591162655,2024,75490,17128,-0.7127405449971554,0.7014277692800291,0.9475826866231714,0.31951064459891276,58362,16.211666666666666
2025-06-01,35.9,1.2246467991473532e-16,-1.0,0.5012418134457758,-0.865307254363206,2025,2025-06-01,76.9,13.9,18.1,0.853,247.1,12.4,16.67,7.0,18.2,22.7,1016.4,43.2,264.1,12.4,0.0,74.9,18.2,0.0,21.5,22.7,['rain'],34.3,1.2246467991473532e-16,-1.0,0.5012418134457758,-0.865307254363206,2025,74775,17187,-0.7482324689910763,0.6634366377790105,0.9489448529995685,0.31544201680439965,57588,15.996666666666666
2025-06-02,37.5,1.2246467991473532e-16,-1.0,0.48627270710868997,-0.8738071036110808,2025,2025-06-02,78.7,14.7,14.0,4.71,264.3,14.4,29.17,8.0,18.8,24.2,1014.9,47.8,279.3,14.4,0.0,76.7,18.8,0.0,23.1,24.2,['rain'],30.4,1.2246467991473532e-16,-1.0,0.48627270710868997,-0.8738071036110808,2025,74833,17147,-0.745427526102609,0.6665866810314651,0.9480232558708657,0.3182010470253095,57686,16.023888888888887
2025-06-03,23.6,1.2246467991473532e-16,-1.0,0.4711595076738638,-0.8820480249558537,2025,2025-06-03,84.9,14.2,15.7,8.245,182.7,14.2,37.5,8.0,16.9,20.5,1015.4,43.2,250.3,14.2,0.1,79.8,16.9,0.0,15.6,20.5,['rain'],22.4,1.2246467991473532e-16,-1.0,0.4711595076738638,-0.8820480249558537,2025,74889,17109,-0.7427067213810878,0.6696168501578759,0.9471403083007703,0.3208196321797058,57780,16.05
2025-06-04,49.1,1.2246467991473532e-16,-1.0,0.4559066935084588,-0.8900275764346767,2025,2025-06-04,70.3,13.9,21.6,0.0,302.0,13.5,0.0,9.0,19.9,25.7,1013.4,44.1,186.4,13.5,0.0,46.0,19.9,0.0,26.1,25.7,['none'],37.5,1.2246467991473532e-16,-1.0,0.4559066935084588,-0.8900275764346767,2025,74943,17074,-0.7400714221899748,0.6725282819760876,0.946320668032159,0.32322931991879766,57869,16.07472222222222
2025-06-05,47.2,1.2246467991473532e-16,-1.0,0.440518784350495,-0.8977433935342337,2025,2025-06-05,68.7,13.6,22.9,5.97,287.9,14.6,16.67,9.0,19.8,24.5,1012.5,70.7,248.9,14.6,0.0,54.0,19.8,0.0,25.0,24.5,['rain'],36.7,1.2246467991473532e-16,-1.0,0.440518784350495,-0.8977433935342337,2025,74995,17041,-0.7375229395977073,0.6753220813561159,0.9455422490834221,0.32549939354515506,57954,16.098333333333333
2025-06-06,48.4,1.2246467991473532e-16,-1.0,0.42500033996955416,-0.9051931898913974,2025,2025-06-06,72.1,13.2,21.6,3.638,261.0,12.6,16.67,9.0,18.8,25.0,1014.2,50.4,258.3,12.6,0.1,51.8,18.8,0.0,22.5,25.0,['rain'],35.8,1.2246467991473532e-16,-1.0,0.42500033996955416,-0.9051931898913974,2025,75045,17012,-0.7350625291477837,0.6779993202377592,0.9448536883515212,0.3274927596276391,58033,16.120277777777776
2025-06-07,21.9,1.2246467991473532e-16,-1.0,0.4093559588156213,-0.9123747579707273,2025,2025-06-07,78.0,13.9,17.8,1.125,56.6,15.4,54.17,2.0,17.9,21.5,1013.7,43.2,279.0,15.4,0.0,90.9,17.9,0.0,4.8,21.5,['rain'],35.3,1.2246467991473532e-16,-1.0,0.4093559588156213,-0.9123747579707273,2025,75093,16985,-0.7326913916086022,0.6805610366915299,0.9442088368815134,0.32934734302079893,58108,16.141111111111112
2025-06-08,8.3,1.2246467991473532e-16,-1.0,0.39359027665646673,-0.9192859697186104,2025,2025-06-08,90.0,12.5,24.0,2.596,58.4,10.6,54.17,2.0,14.1,16.0,1014.3,51.0,228.9,10.6,0.0,79.2,14.1,0.0,5.1,16.0,['rain'],19.5,1.2246467991473532e-16,-1.0,0.39359027665646673,-0.9192859697186104,2025,75139,16960,-0.7304106737020847,0.6830082340221578,0.9436085063935835,0.3310634178849581,58179,16.160833333333333
2025-06-09,38.7,1.2246467991473532e-16,-1.0,0.3777079652039649,-0.9259247771938498,2025,2025-06-09,68.8,6.0,29.7,0.0,252.2,7.7,0.0,9.0,11.8,15.8,1022.7,54.9,266.1,4.9,0.0,46.4,11.0,0.0,21.8,15.8,['none'],40.4,1.2246467991473532e-16,-1.0,0.3777079652039649,-0.9259247771938498,2025,75182,16939,-0.7282713063524444,0.6852889203421458,0.9431018184015845,0.33250407535491155,58243,16.17861111111111
2025-06-10,48.0,1.2246467991473532e-16,-1.0,0.36171373072976765,-0.9322892131745133,2025,2025-06-10,63.6,7.2,26.3,0.0,267.3,6.9,0.0,9.0,14.4,21.2,1020.2,44.7,205.2,5.3,0.0,58.9,13.9,0.0,23.1,21.2,['none'],32.4,1.2246467991473532e-16,-1.0,0.36171373072976765,-0.9322892131745133,2025,75223,16920,-0.7262248119485061,0.6874572877716527,0.9426414910921784,0.3338068592337709,58303,16.19527777777778
2025-06-11,35.4,1.2246467991473532e-16,-1.0,0.3456123126707335,-0.9383773917408641,2025,2025-06-11,67.5,8.6,23.6,0.033,314.0,11.1,4.17,10.0,14.7,16.7,1017.6,44.9,319.4,11.1,0.0,69.1,14.7,0.0,27.3,16.7,['rain'],33.5,1.2246467991473532e-16,-1.0,0.3456123126707335,-0.9383773917408641,2025,75262,16904,-0.724272154874422,0.6895142099141695,0.9422524511625572,0.33490344620226403,58358,16.210555555555555
2025-06-12,52.3,1.2246467991473532e-16,-1.0,0.3294084822245304,-0.9441875088341993,2025,2025-06-12,65.6,6.6,14.8,0.0,331.5,6.7,0.0,9.0,13.6,19.5,1022.4,28.8,9.9,4.5,0.0,18.7,13.1,0.0,28.7,19.5,['none'],30.9,1.2246467991473532e-16,-1.0,0.3294084822245304,-0.9441875088341993,2025,75298,16891,-0.7224645309159944,0.6914079848890468,0.9419354168813631,0.335794089323402,58407,16.224166666666665
2025-06-13,54.2,1.2246467991473532e-16,-1.0,0.3131070409358269,-0.9497178427914316,2025,2025-06-13,61.3,6.4,19.0,0.0,335.9,8.1,0.0,9.0,14.3,19.1,1025.4,43.2,30.2,6.7,0.0,12.3,14.0,0.0,29.0,19.1,['none'],43.5,1.2246467991473532e-16,-1.0,0.3131070409358269,-0.9497178427914316,2025,75331,16880,-0.7208031920615129,0.6931397826657577,0.9416664995458752,0.3365474760461265,58451,16.23638888888889
2025-06-14,53.4,1.2246467991473532e-16,-1.0,0.29671281927349075,-0.9549667548552551,2025,2025-06-14,62.9,8.5,13.5,0.0,337.8,8.5,0.0,9.0,16.2,22.6,1023.5,25.6,35.2,7.0,0.0,8.3,15.9,0.0,29.2,22.6,['none'],38.6,1.2246467991473532e-16,-1.0,0.29671281927349075,-0.9549667548552551,2025,75363,16873,-0.7191882322740719,0.6948152895255656,0.9414950565815023,0.3370267918617059,58490,16.247222222222224
2025-06-15,52.5,1.2246467991473532e-16,-1.0,0.28023067519921585,-0.9599326896597447,2025,2025-06-15,57.1,9.9,9.7,0.0,337.9,11.4,0.0,9.0,19.3,26.5,1018.9,15.8,309.0,11.4,0.0,14.6,19.3,0.0,29.1,26.5,['none'],36.6,1.2246467991473532e-16,-1.0,0.28023067519921585,-0.9599326896597447,2025,75391,16868,-0.717771947285299,0.6962782717349938,0.9413724479458364,0.3373691068376943,58523,16.25638888888889
2025-06-16,12.6,1.2246467991473532e-16,-1.0,0.26366549272800704,-0.9646141756912435,2025,2025-06-16,82.3,13.0,19.9,5.701,103.9,12.6,41.67,6.0,16.2,19.9,1019.8,64.8,336.9,12.6,0.0,82.7,16.2,0.0,9.0,19.9,['rain'],21.6,1.2246467991473532e-16,-1.0,0.26366549272800704,-0.9646141756912435,2025,75417,16866,-0.7164541606393893,0.6976341703948482,0.9413233696415454,0.33750602034139554,58551,16.264166666666668
2025-06-17,38.0,1.2246467991473532e-16,-1.0,0.24702218048093552,-0.9690098257244062,2025,2025-06-17,74.1,11.1,16.7,5.385,330.0,11.3,4.17,10.0,16.1,20.9,1024.1,39.6,16.5,11.3,0.0,72.1,16.1,0.0,28.4,20.9,['rain'],30.9,1.2246467991473532e-16,-1.0,0.24702218048093552,-0.9690098257244062,2025,75441,16866,-0.7152354687109673,0.6988835556069429,0.9413233696415454,0.33750602034139554,58575,16.270833333333332
2025-06-18,51.7,1.2246467991473532e-16,-1.0,0.23030567023061221,-0.9731183372332619,2025,2025-06-18,68.6,12.2,15.0,0.0,330.7,11.8,0.0,9.0,18.5,24.7,1021.5,39.6,286.5,11.8,0.0,50.0,18.5,0.0,28.8,24.7,['none'],32.0,1.2246467991473532e-16,-1.0,0.23030567023061221,-0.9731183372332619,2025,75461,16870,-0.7142182276375897,0.6999230838529474,0.9414215063363465,0.3372321861972909,58591,16.275277777777777
2025-06-19,41.1,1.2246467991473532e-16,-1.0,0.21352091543979612,-0.9769384927771817,2025,2025-06-19,65.6,11.6,19.8,0.0,305.3,14.3,0.0,10.0,18.4,22.9,1019.5,45.9,322.8,14.3,0.0,52.2,18.4,0.0,26.3,22.9,['none'],29.4,1.2246467991473532e-16,-1.0,0.21352091543979612,-0.9769384927771817,2025,75480,16876,-0.7132504491541813,0.7009092642998511,0.9415685620148154,0.33682138148483476,58604,16.27888888888889
2025-06-20,45.4,1.2246467991473532e-16,-1.0,0.19667288979357647,-0.980469160361632,2025,2025-06-20,59.0,6.0,16.7,0.038,305.8,8.6,4.17,10.0,14.2,18.5,1023.9,39.6,356.7,7.1,0.0,31.1,14.0,0.0,26.5,18.5,['rain'],43.2,1.2246467991473532e-16,-1.0,0.19667288979357647,-0.980469160361632,2025,75495,16885,-0.7124854515520563,0.701686882681059,0.9417888094087228,0.33620505420427643,58610,16.280555555555555
2025-06-21,53.0,1.2246467991473532e-16,-1.0,0.1797665857255624,-0.9837092937736097,2025,2025-06-21,56.7,6.1,11.7,0.0,340.5,7.5,0.0,9.0,15.3,21.4,1024.3,18.7,349.3,6.0,0.0,19.2,15.0,0.0,29.5,21.4,['none'],44.6,1.2246467991473532e-16,-1.0,0.1797665857255624,-0.9837092937736097,2025,75507,16897,-0.711872843014402,0.7023083762697071,0.9420818450227959,0.3353830605120729,58610,16.280555555555555
2025-06-22,52.3,1.2246467991473532e-16,-1.0,0.16280701293851715,-0.986657932891657,2025,2025-06-22,55.0,8.6,14.6,0.0,334.1,10.1,0.0,9.0,18.6,25.8,1020.2,22.3,244.7,10.1,0.0,26.3,18.6,0.0,29.0,25.8,['none'],44.7,1.2246467991473532e-16,-1.0,0.16280701293851715,-0.986657932891657,2025,75517,16911,-0.7113619217588019,0.7028258790565585,0.9424228131304658,0.3344237451068017,58606,16.279444444444444
2025-06-23,39.9,1.2246467991473532e-16,-1.0,0.1457991969198751,-0.9893142039703663,2025,2025-06-23,55.5,11.5,28.1,5.875,266.6,13.9,12.5,8.0,21.1,27.7,1012.0,58.2,219.3,13.9,0.0,65.9,21.1,0.0,23.0,27.4,['rain'],37.4,1.2246467991473532e-16,-1.0,0.1457991969198751,-0.9893142039703663,2025,75524,16928,-0.7110040530227066,0.7031879098685387,0.9428355325148631,0.3332583961844241,58596,16.276666666666667
2025-06-24,42.6,1.2246467991473532e-16,-1.0,0.12874817745258132,-0.99167731989929,2025,2025-06-24,64.4,10.9,22.8,2.723,318.9,12.5,20.83,10.0,18.3,23.4,1013.0,58.9,243.8,12.5,0.0,67.5,18.3,0.0,27.7,23.4,['rain'],42.1,1.2246467991473532e-16,-1.0,0.12874817745258132,-0.99167731989929,2025,75528,16948,-0.7107994738729924,0.703394702810504,0.94331923979704,0.3318867454851648,58580,16.272222222222222
2025-06-25,43.4,1.2246467991473532e-16,-1.0,0.11165900712169512,-0.993746580436178,2025,2025-06-25,59.4,12.8,21.1,0.0,270.8,15.2,0.0,10.0,21.2,26.6,1012.3,43.2,262.4,15.2,0.0,63.7,21.2,0.0,23.4,26.6,['none'],46.9,1.2246467991473532e-16,-1.0,0.11165900712169512,-0.993746580436178,2025,75530,16970,-0.7106971617426895,0.7034980769631751,0.9438490129703004,0.33037711893378696,58560,16.266666666666666
2025-06-26,50.1,1.2246467991473532e-16,-1.0,0.09453674981719912,-0.9955213724144752,2025,2025-06-26,60.8,14.2,29.7,1.339,315.9,15.6,20.83,9.0,22.8,29.7,1013.5,63.1,300.7,15.6,0.0,47.6,22.8,0.0,27.2,29.3,['rain'],42.0,1.2246467991473532e-16,-1.0,0.09453674981719912,-0.9955213724144752,2025,75528,16995,-0.7107994738729924,0.703394702810504,0.9444480953347402,0.32866060795078805,58533,16.259166666666665
2025-06-27,36.3,1.2246467991473532e-16,-1.0,0.07738647923346301,-0.9970011699250151,2025,2025-06-27,74.2,14.6,21.8,0.568,240.5,16.2,20.83,8.0,19.7,23.9,1017.9,63.6,284.2,16.2,0.0,83.3,19.7,0.0,21.2,23.9,['rain'],34.1,1.2246467991473532e-16,-1.0,0.07738647923346301,-0.9970011699250151,2025,75524,17023,-0.7110040530227066,0.7031879098685387,0.9451153614148703,0.32673682623426314,58501,16.25027777777778
2025-06-28,31.2,1.2246467991473532e-16,-1.0,0.06021327736579302,-0.9981855344718586,2025,2025-06-28,67.8,11.9,13.0,0.0,250.3,14.4,0.0,10.0,18.2,23.6,1022.7,43.2,335.4,14.4,0.0,67.7,18.2,0.0,21.6,23.6,['none'],37.2,1.2246467991473532e-16,-1.0,0.06021327736579302,-0.9981855344718586,2025,75517,17053,-0.7113619217588019,0.7028258790565585,0.945825940818122,0.3246741284357507,58464,16.24
2025-06-29,30.7,1.2246467991473532e-16,-1.0,0.04302223300453059,-0.99907411510223,2025,2025-06-29,68.1,15.0,15.2,0.0,303.8,16.0,0.0,10.0,21.4,26.6,1020.0,28.4,313.5,16.0,0.0,69.8,21.4,0.0,26.1,26.6,['none'],37.8,1.2246467991473532e-16,-1.0,0.04302223300453059,-0.99907411510223,2025,75507,17085,-0.711872843014402,0.7023083762697071,0.9465789301195717,0.3224722143901501,58422,16.22833333333333
2025-06-30,53.0,1.2246467991473532e-16,-1.0,0.02581844022713308,-0.9996666485105112,2025,2025-06-30,51.5,8.3,17.3,0.0,333.8,15.8,0.0,9.0,19.8,24.0,1019.0,43.2,355.0,15.8,0.0,23.0,19.8,0.0,28.9,24.0,['none'],41.7,1.2246467991473532e-16,-1.0,0.02581844022713308,-0.9996666485105112,2025,75494,17120,-0.7125364777781092,0.7016350674214951,0.9473966425143293,0.3200618717569715,58374,16.215
2024-07-01,13.8,-0.4999999999999997,-0.8660254037844388,-0.008606996888688009,-0.9999629591162655,2024,2024-07-01,87.2,15.7,16.0,25.041,194.1,16.2,8.33,5.0,17.9,19.3,1010.4,43.2,319.1,16.2,0.1,91.9,17.9,0.0,16.8,19.3,['rain'],22.9,-0.4999999999999997,-0.8660254037844388,-0.008606996888688009,-0.9999629591162655,2024,75473,17165,-0.7136071576447924,0.700546090245403,0.9484389677424528,0.3169598152252594,58308,16.196666666666665
2024-07-02,15.6,-0.4999999999999997,-0.8660254037844388,-0.02581844022713239,-0.9996666485105112,2024,2024-07-02,72.3,10.2,18.7,2.634,248.7,13.5,12.5,10.0,15.5,18.4,1010.4,42.1,335.1,13.5,0.0,77.5,15.5,0.0,21.4,18.4,['rain'],36.9,-0.4999999999999997,-0.8660254037844388,-0.02581844022713239,-0.9996666485105112,2024,75454,17205,-0.7145744339833673,0.6995594172744373,0.9493569525205077,0.3141995810006351,58249,16.18027777777778
2024-07-03,24.6,-0.4999999999999997,-0.8660254037844388,-0.04302223300453034,-0.99907411510223,2024,2024-07-03,78.4,10.7,9.9,0.0,122.6,11.4,0.0,4.0,14.5,16.9,1009.0,18.7,336.8,11.4,0.0,82.6,14.5,0.0,10.7,16.9,['none'],27.7,-0.4999999999999997,-0.8660254037844388,-0.04302223300453034,-0.99907411510223,2024,75432,17248,-0.7156927337037361,0.6984152854310056,0.9503348265602212,0.31122936466014,58184,16.162222222222223
2024-07-04,28.8,-0.4999999999999997,-0.8660254037844388,-0.060213277365792774,-0.9981855344718586,2024,2024-07-04,73.9,9.8,19.8,0.0,158.7,10.8,0.0,10.0,14.8,19.2,1009.6,43.2,262.2,10.8,0.0,73.5,14.8,0.0,13.7,19.2,['none'],32.7,-0.4999999999999997,-0.8660254037844388,-0.060213277365792774,-0.9981855344718586,2024,75408,17292,-0.7169106076504829,0.6971651028545643,0.9513258223252946,0.3081869234362517,58116,16.143333333333334
2024-07-05,45.5,-0.4999999999999997,-0.8660254037844388,-0.07738647923346322,-0.9970011699250151,2024,2024-07-05,65.7,10.3,19.5,0.0,182.8,12.5,0.0,10.0,17.3,21.8,1013.2,43.6,250.1,12.5,0.0,63.9,17.3,0.0,16.0,21.8,['none'],38.8,-0.4999999999999997,-0.8660254037844388,-0.07738647923346322,-0.9970011699250151,2024,75380,17339,-0.7183287002046529,0.6957038726802474,0.9523736267674692,0.30493355839883757,58041,16.1225
2024-07-06,51.1,-0.4999999999999997,-0.8660254037844388,-0.09453674981719933,-0.9955213724144752,2024,2024-07-06,61.2,12.4,36.6,0.0,328.5,13.6,0.0,10.0,20.9,26.3,1010.2,65.9,165.6,13.6,0.0,50.2,20.9,0.0,28.3,26.3,['none'],43.7,-0.4999999999999997,-0.8660254037844388,-0.09453674981719933,-0.9955213724144752,2024,75350,17387,-0.7198447799053626,0.6941350681553267,0.9534322413385976,0.301607296291151,57963,16.100833333333334
2024-07-07,12.9,-0.4999999999999997,-0.8660254037844388,-0.11165900712169444,-0.9937465804361781,2024,2024-07-07,79.7,14.9,24.7,0.0,163.4,17.1,0.0,7.0,18.7,22.6,1013.0,62.3,2.3,17.1,0.0,86.0,18.7,0.0,14.0,22.6,['none'],24.5,-0.4999999999999997,-0.8660254037844388,-0.11165900712169444,-0.9937465804361781,2024,75317,17438,-0.7215085100310902,0.692405567534459,0.9545442899483381,0.2980691170299653,57879,16.0775
2024-07-08,23.7,-0.4999999999999997,-0.8660254037844388,-0.12874817745258066,-0.99167731989929,2024,2024-07-08,83.4,16.3,14.5,1.092,194.6,16.3,25.0,7.0,19.4,23.4,1017.4,27.4,18.8,16.3,0.0,72.1,19.4,0.0,16.7,23.4,['rain'],14.1,-0.4999999999999997,-0.8660254037844388,-0.12874817745258066,-0.99167731989929,2024,75281,17491,-0.7233187489280223,0.6905142919948875,0.9556860355374793,0.29438784193416667,57790,16.052777777777777
2024-07-09,47.4,-0.4999999999999997,-0.8660254037844388,-0.14579919691987442,-0.9893142039703664,2024,2024-07-09,75.9,17.4,9.4,0.0,317.5,16.1,0.0,9.0,22.2,28.3,1018.4,21.6,25.4,16.1,0.0,32.0,22.5,0.0,27.3,29.3,['none'],17.6,-0.4999999999999997,-0.8660254037844388,-0.14579919691987442,-0.9893142039703664,2024,75242,17545,-0.725274246225635,0.6884600698383582,0.9568347219876236,0.2906326113822516,57697,16.026944444444446
2024-07-10,47.6,-0.4999999999999997,-0.8660254037844388,-0.16280701293851646,-0.9866579328916572,2024,2024-07-10,65.4,18.2,16.0,0.0,309.8,19.6,0.0,8.0,25.7,31.2,1015.5,43.2,62.0,19.6,0.0,24.6,26.1,0.0,26.7,31.9,['none'],25.3,-0.4999999999999997,-0.8660254037844388,-0.16280701293851646,-0.9866579328916572,2024,75201,17602,-0.7273237347495485,0.6862945321580003,0.9580312160219941,0.28666389575148654,57599,15.999722222222223
2024-07-11,37.2,-0.4999999999999997,-0.8660254037844388,-0.17976658572556214,-0.9837092937736098,2024,2024-07-11,71.1,17.7,15.8,11.002,271.4,19.2,12.5,9.0,23.5,28.3,1015.5,49.8,337.7,19.2,0.1,65.8,23.7,0.0,23.5,28.8,['rain'],30.2,-0.4999999999999997,-0.8660254037844388,-0.17976658572556214,-0.9837092937736098,2024,75158,17660,-0.7294662513236038,0.6840168040186505,0.9592318041539712,0.2826204980172479,57498,15.971666666666666
2024-07-12,30.6,-0.4999999999999997,-0.8660254037844388,-0.19667288979357622,-0.9804691603616321,2024,2024-07-12,77.7,18.0,21.4,15.816,208.1,18.3,12.5,8.0,22.3,26.9,1012.1,66.3,67.5,18.3,0.0,77.1,22.3,0.0,18.0,28.1,['rain'],23.9,-0.4999999999999997,-0.8660254037844388,-0.19667288979357622,-0.9804691603616321,2024,75111,17720,-0.7317999118258172,0.6815195441450863,0.9604558336016056,0.278432382636512,57391,15.941944444444445
2024-07-13,25.6,-0.4999999999999997,-0.8660254037844388,-0.2135209154397959,-0.9769384927771817,2024,2024-07-13,80.6,17.3,18.3,15.711,287.5,17.7,12.5,10.0,20.9,26.9,1010.8,43.2,299.6,17.7,0.1,66.6,21.0,0.0,24.9,27.8,['rain'],21.0,-0.4999999999999997,-0.8660254037844388,-0.2135209154397959,-0.9769384927771817,2024,75062,17782,-0.7342237741026549,0.6789075412325698,0.9617014536238336,0.2740990953976416,57280,15.911111111111111
2024-07-14,44.1,-0.4999999999999997,-0.8660254037844388,-0.23030567023061196,-0.973118337233262,2024,2024-07-14,75.8,16.6,21.3,0.135,326.8,17.1,8.33,9.0,21.2,25.3,1012.8,39.6,20.0,17.1,0.0,58.5,21.2,0.0,28.3,25.3,['rain'],26.8,-0.4999999999999997,-0.8660254037844388,-0.23030567023061196,-0.973118337233262,2024,75011,17845,-0.7367366676033622,0.6761797709253752,0.962947138239386,0.26969020923381104,57166,15.879444444444445
2024-07-15,30.5,-0.4999999999999997,-0.8660254037844388,-0.24702218048093527,-0.9690098257244063,2024,2024-07-15,66.8,15.9,9.3,0.0,255.3,17.5,0.0,10.0,23.0,28.6,1013.7,22.3,23.8,17.5,0.0,62.7,23.0,0.0,22.1,28.5,['none'],34.5,-0.4999999999999997,-0.8660254037844388,-0.24702218048093527,-0.9690098257244063,2024,74957,17910,-0.7393863318342134,0.6732814064689047,0.9642111831703293,0.265135426243408,57047,15.846388888888889
2024-07-16,42.3,-0.4999999999999997,-0.8660254037844388,-0.2636654927280072,-0.9646141756912435,2024,2024-07-16,70.6,17.8,21.5,0.016,225.7,19.0,8.33,8.0,23.8,29.4,1011.6,43.2,295.3,19.0,0.0,45.4,24.1,0.0,19.5,30.7,['rain'],31.0,-0.4999999999999997,-0.8660254037844388,-0.2636654927280072,-0.9646141756912435,2024,74900,17976,-0.7421708287796019,0.6702107585741957,0.9654726308792251,0.26050450864264846,56924,15.812222222222223
2024-07-17,32.3,-0.4999999999999997,-0.8660254037844388,-0.2802306751992161,-0.9599326896597445,2024,2024-07-17,71.3,15.0,21.5,1.063,259.8,17.4,12.5,9.0,20.6,23.5,1018.4,35.3,357.7,17.4,0.0,73.9,20.6,0.0,22.3,23.5,['rain'],34.7,-0.4999999999999997,-0.8660254037844388,-0.2802306751992161,-0.9599326896597445,2024,74842,18044,-0.744991086512499,0.6670744193993097,0.9667490415422307,0.25572698464803884,56798,15.777222222222223
2024-07-18,50.0,-0.4999999999999997,-0.8660254037844388,-0.2967128192734901,-0.9549667548552553,2024,2024-07-18,64.9,13.1,16.9,0.137,308.5,14.1,4.17,9.0,20.4,25.5,1021.4,36.7,27.1,14.1,0.0,36.9,20.4,0.0,26.6,25.5,['rain'],42.1,-0.4999999999999997,-0.8660254037844388,-0.2967128192734901,-0.9549667548552553,2024,74780,18113,-0.7479911871646706,0.6637086589189467,0.96802005790848,0.25087281137433576,56667,15.740833333333333
2024-07-19,47.0,-0.4999999999999997,-0.8660254037844388,-0.3131070409358267,-0.9497178427914317,2024,2024-07-19,60.8,13.1,15.3,0.0,283.9,16.3,0.0,8.0,21.4,26.3,1019.1,31.3,33.5,16.3,0.0,52.9,21.4,0.0,24.5,26.3,['none'],39.7,-0.4999999999999997,-0.8660254037844388,-0.3131070409358267,-0.9497178427914317,2024,74717,18183,-0.751024100466938,0.660274791672245,0.9692845889581925,0.24594183379032522,56534,15.703888888888889
2024-07-20,31.8,-0.4999999999999997,-0.8660254037844388,-0.3294084822245302,-0.9441875088341994,2024,2024-07-20,65.9,13.6,12.5,0.0,169.7,15.7,0.0,7.0,20.5,24.3,1012.6,20.9,36.0,15.7,0.0,81.1,20.5,0.0,14.5,24.3,['none'],34.3,-0.4999999999999997,-0.8660254037844388,-0.3294084822245302,-0.9441875088341994,2024,74651,18255,-0.7541845292581261,0.6566625433414783,0.9705590447912331,0.24086332343038283,56396,15.665555555555555
2024-07-21,43.9,-0.4999999999999997,-0.8660254037844388,-0.3456123126707333,-0.9383773917408642,2024,2024-07-21,61.5,13.5,10.7,0.0,256.3,16.2,0.0,9.0,21.9,26.9,1008.9,24.5,33.0,16.2,0.0,40.9,21.8,0.0,22.0,26.9,['none'],38.4,-0.4999999999999997,-0.8660254037844388,-0.3456123126707333,-0.9383773917408642,2024,74583,18328,-0.7574225562701568,0.6529250119678225,0.9718240359633366,0.23570753726584887,56255,15.626388888888888
2024-07-22,43.2,-0.4999999999999997,-0.8660254037844388,-0.3617137307297674,-0.9322892131745134,2024,2024-07-22,61.5,13.9,15.4,0.0,303.8,15.7,0.0,9.0,22.3,28.7,1011.7,28.8,347.3,15.7,0.0,34.5,22.2,0.0,26.1,28.0,['none'],34.3,-0.4999999999999997,-0.8660254037844388,-0.3617137307297674,-0.9322892131745134,2024,74512,18401,-0.760783670452575,0.6490055521894307,0.9730616388662192,0.23054510831285846,56111,15.586388888888889
2024-07-23,40.0,-0.4999999999999997,-0.8660254037844388,-0.37770796520396466,-0.9259247771938499,2024,2024-07-23,65.7,14.1,15.9,0.304,254.5,18.1,8.33,8.0,21.2,24.8,1016.3,28.1,5.7,18.1,0.0,72.1,21.2,0.0,21.9,24.8,['rain'],35.1,-0.4999999999999997,-0.8660254037844388,-0.37770796520396466,-0.9259247771938499,2024,74440,18476,-0.7641714114159134,0.6450132199998779,0.9743045879532984,0.22523447758536727,55964,15.545555555555556
2024-07-24,19.0,-0.4999999999999997,-0.8660254037844388,-0.39359027665646645,-0.9192859697186105,2024,2024-07-24,78.9,13.7,15.8,0.0,254.4,14.6,0.0,10.0,17.5,20.0,1014.3,33.5,331.8,14.6,0.0,70.4,17.5,0.0,22.1,20.0,['none'],28.7,-0.4999999999999997,-0.8660254037844388,-0.39359027665646645,-0.9192859697186105,2024,74365,18552,-0.7676780291722424,0.6408357383341083,0.9755345439458566,0.21984620435283755,55813,15.50361111111111
2024-07-25,28.0,-0.4999999999999997,-0.8660254037844388,-0.4093559588156211,-0.9123747579707274,2024,2024-07-25,71.3,11.2,14.1,3.414,255.9,12.8,12.5,9.0,16.9,21.3,1014.5,43.2,7.7,12.8,0.0,61.7,16.9,0.0,22.0,21.3,['rain'],35.9,-0.4999999999999997,-0.8660254037844388,-0.4093559588156211,-0.9123747579707274,2024,74288,18629,-0.7712543975169688,0.6365270255933658,0.9767502937366656,0.21438018491767738,55659,15.460833333333333
2024-07-26,48.2,-0.4999999999999997,-0.8660254037844388,-0.42500033996955394,-0.9051931898913975,2024,2024-07-26,61.0,10.1,10.6,0.0,288.0,11.3,0.0,8.0,18.4,24.5,1013.9,20.9,293.3,11.3,0.0,41.2,18.4,0.0,24.8,24.5,['none'],41.3,-0.4999999999999997,-0.8660254037844388,-0.42500033996955394,-0.9051931898913975,2024,74209,18707,-0.7748985241871551,0.6320856565470925,0.9779506067077541,0.20883632547987327,55502,15.417222222222222
2024-07-27,47.9,-0.4999999999999997,-0.8660254037844388,-0.4405187843504952,-0.8977433935342336,2024,2024-07-27,54.3,13.0,20.0,0.0,302.2,15.7,0.0,8.0,23.1,29.1,1014.5,57.6,214.6,15.7,0.0,40.8,23.0,0.0,26.0,28.7,['none'],43.1,-0.4999999999999997,-0.8660254037844388,-0.4405187843504952,-0.8977433935342336,2024,74128,18786,-0.7786083508997457,0.6275101878927374,0.9791342347598434,0.2032145425929354,55342,15.372777777777777
2024-07-28,15.0,-0.4999999999999997,-0.8660254037844388,-0.455906693508459,-0.8900275764346766,2024,2024-07-28,66.1,13.6,22.8,0.385,146.5,14.6,20.83,6.0,20.2,22.7,1018.0,79.2,264.7,14.6,0.0,68.9,20.2,0.0,12.6,22.7,['rain'],36.5,-0.4999999999999997,-0.8660254037844388,-0.455906693508459,-0.8900275764346766,2024,74045,18865,-0.7823817524127429,0.622799159835308,0.9802855460770468,0.19758605252503575,55180,15.327777777777778
2024-07-29,41.0,-0.4999999999999997,-0.8660254037844388,-0.47115950767386394,-0.8820480249558535,2024,2024-07-29,63.0,8.9,17.6,0.0,311.5,10.9,0.0,9.0,16.7,22.4,1022.4,43.2,337.5,10.9,0.0,23.0,16.7,0.0,26.8,22.4,['none'],43.1,-0.4999999999999997,-0.8660254037844388,-0.47115950767386394,-0.8820480249558535,2024,73961,18945,-0.7861715948328771,0.6180082713669215,0.9814184591383835,0.19187967078990148,55016,15.282222222222222
2024-07-30,49.3,-0.4999999999999997,-0.8660254037844388,-0.4862727071086902,-0.8738071036110807,2024,2024-07-30,62.0,9.3,12.3,0.0,294.8,10.3,0.0,8.0,17.3,23.6,1020.1,19.1,359.5,10.3,0.0,13.1,17.3,0.0,25.4,23.6,['none'],42.7,-0.4999999999999997,-0.8660254037844388,-0.4862727071086902,-0.8738071036110807,2024,73874,19026,-0.790065860301082,0.6130219705579166,0.9825316906646449,0.18609534341211914,54848,15.235555555555555
2024-07-31,47.2,-0.4999999999999997,-0.8660254037844388,-0.5012418134457756,-0.8653072543632061,2024,2024-07-31,54.2,10.3,15.1,0.0,295.8,13.1,0.0,8.0,21.0,28.7,1014.9,27.0,241.3,13.1,0.0,23.8,20.8,0.0,25.8,27.7,['none'],42.7,-0.4999999999999997,-0.8660254037844388,-0.5012418134457756,-0.8653072543632061,2024,73786,19107,-0.793972714336388,0.6079533936818746,0.9836108305739015,0.18030455894879518,54679,15.188611111111111
2025-07-01,53.3,-0.4999999999999997,-0.8660254037844388,0.008606996888688698,-0.9999629591162655,2025,2025-07-01,49.5,6.7,13.1,0.0,0.0,11.1,0.0,0.0,18.7,25.5,1019.7,24.1,27.6,11.1,0.0,0.7,18.7,0.0,0.0,25.5,['none'],44.4,-0.4999999999999997,-0.8660254037844388,0.008606996888688698,-0.9999629591162655,2025,75478,17157,-0.7133523847299417,0.7008055188139612,0.9482544075009913,0.3175115409791335,58321,16.200277777777778
2025-07-02,53.0,-0.4999999999999997,-0.8660254037844388,-0.008606996888688009,-0.9999629591162655,2025,2025-07-02,45.7,8.6,10.5,0.0,0.0,12.5,0.0,0.0,21.7,29.7,1018.6,19.4,273.9,12.5,0.0,0.0,21.4,0.0,0.0,28.4,['none'],46.4,-0.4999999999999997,-0.8660254037844388,-0.008606996888688009,-0.9999629591162655,2025,75460,17196,-0.7142691255919905,0.6998711425870145,0.9491511060531284,0.3148208663321462,58264,16.184444444444445
2025-07-03,48.1,-0.4999999999999997,-0.8660254037844388,-0.02581844022713239,-0.9996666485105112,2025,2025-07-03,50.4,12.1,31.5,0.0,221.7,15.1,0.0,9.0,23.8,31.7,1017.4,53.6,281.9,15.1,0.0,41.0,23.5,0.0,19.2,30.7,['none'],37.2,-0.4999999999999997,-0.8660254037844388,-0.02581844022713239,-0.9996666485105112,2025,75439,17238,-0.7153371096383465,0.6987795214330885,0.9501082429071183,0.3119203852907796,58201,16.166944444444443
2025-07-04,37.1,-0.4999999999999997,-0.8660254037844388,-0.04302223300453034,-0.99907411510223,2025,2025-07-04,71.3,12.3,19.7,0.236,253.2,14.7,25.0,8.0,17.8,21.2,1023.0,50.4,27.8,14.7,0.0,73.7,17.8,0.0,22.0,21.2,['rain'],30.5,-0.4999999999999997,-0.8660254037844388,-0.04302223300453034,-0.99907411510223,2025,75415,17282,-0.716555619838166,0.6975299589826531,0.9511014509356468,0.3088786655437818,58133,16.148055555555555
2025-07-05,53.0,-0.4999999999999997,-0.8660254037844388,-0.060213277365792774,-0.9981855344718586,2025,2025-07-05,53.8,7.5,12.5,0.0,339.2,10.1,0.0,9.0,18.2,25.4,1019.3,43.2,293.2,10.1,0.0,30.2,18.2,0.0,29.5,25.4,['none'],43.1,-0.4999999999999997,-0.8660254037844388,-0.060213277365792774,-0.9981855344718586,2025,75388,17328,-0.7179238345567864,0.6961216616190591,0.9521293927421387,0.3056953049631057,58060,16.127777777777776
2025-07-06,44.3,-0.4999999999999997,-0.8660254037844388,-0.07738647923346322,-0.9970011699250151,2025,2025-07-06,49.2,10.3,20.9,3.67,262.6,14.1,8.33,8.0,22.3,29.3,1009.8,72.3,224.3,14.1,0.0,65.2,22.0,0.0,22.7,28.1,['rain'],37.4,-0.4999999999999997,-0.8660254037844388,-0.07738647923346322,-0.9970011699250151,2025,75358,17376,-0.719440826694351,0.6945537393789978,0.953190667792947,0.30236989075044457,57982,16.10611111111111
2025-07-07,11.4,-0.4999999999999997,-0.8660254037844388,-0.09453674981719933,-0.9955213724144752,2025,2025-07-07,90.9,15.0,20.1,6.285,89.1,14.4,75.0,3.0,16.5,17.3,1004.7,73.3,244.0,14.4,0.0,84.1,16.5,0.0,7.6,17.3,['rain'],16.2,-0.4999999999999997,-0.8660254037844388,-0.09453674981719933,-0.9955213724144752,2025,75326,17427,-0.7210551771435603,0.6928776454140146,0.954305546386806,0.29883260219624586,57899,16.083055555555557
2025-07-08,5.9,-0.4999999999999997,-0.8660254037844388,-0.11165900712169444,-0.9937465804361781,2025,2025-07-08,92.6,12.9,20.6,5.723,79.6,12.2,70.83,4.0,14.1,15.6,1006.4,52.7,312.6,12.2,0.1,89.3,14.1,0.0,7.0,15.6,['rain'],16.2,-0.4999999999999997,-0.8660254037844388,-0.11165900712169444,-0.9937465804361781,2025,75291,17479,-0.7228164015452039,0.6910401215973226,0.955428769815862,0.295221723130512,57812,16.058888888888887
2025-07-09,15.0,-0.4999999999999997,-0.8660254037844388,-0.12874817745258066,-0.99167731989929,2025,2025-07-09,80.3,10.3,20.7,21.707,115.7,11.8,66.67,4.0,13.7,16.3,1012.2,62.6,331.4,11.8,0.0,95.7,13.7,0.0,9.9,16.3,['rain'],25.0,-0.4999999999999997,-0.8660254037844388,-0.12874817745258066,-0.99167731989929,2025,75253,17533,-0.7247232857096971,0.6890400272481567,0.9565807328850682,0.2914674964263868,57720,16.033333333333335
2025-07-10,24.6,-0.4999999999999997,-0.8660254037844388,-0.14579919691987442,-0.9893142039703664,2025,2025-07-10,77.2,10.1,19.6,9.261,215.7,12.6,45.83,10.0,14.2,17.5,1015.2,54.0,324.2,12.6,0.1,90.8,14.2,0.0,18.7,17.5,['rain'],30.5,-0.4999999999999997,-0.8660254037844388,-0.14579919691987442,-0.9893142039703664,2025,75212,17589,-0.7267745058834696,0.6868761297336213,0.9577597797111813,0.28756947746169,57623,16.00638888888889
2025-07-11,42.0,-0.4999999999999997,-0.8660254037844388,-0.16280701293851646,-0.9866579328916572,2025,2025-07-11,70.7,9.1,13.8,1.33,312.8,9.8,33.33,10.0,14.8,20.4,1014.4,39.6,322.9,8.6,0.0,71.6,14.8,0.0,27.2,20.4,['rain'],36.1,-0.4999999999999997,-0.8660254037844388,-0.16280701293851646,-0.9866579328916572,2025,75169,17647,-0.7289188438235333,0.6846001162130806,0.9589641898804252,0.28352721655421337,57522,15.978333333333333
2025-07-12,33.5,-0.4999999999999997,-0.8660254037844388,-0.17976658572556214,-0.9837092937736098,2025,2025-07-12,78.0,11.1,22.1,3.232,194.3,12.1,25.0,7.0,15.1,19.5,1012.9,45.0,214.0,12.1,0.0,90.5,15.1,0.0,16.7,19.5,['rain'],35.1,-0.4999999999999997,-0.8660254037844388,-0.17976658572556214,-0.9837092937736098,2025,75123,17706,-0.731204895254469,0.6821579004569991,0.9601718614330202,0.27941008663297906,57417,15.949166666666667
2025-07-13,42.7,-0.4999999999999997,-0.8660254037844388,-0.19667288979357622,-0.9804691603616321,2025,2025-07-13,68.0,12.6,17.9,3.711,277.3,13.8,29.17,9.0,19.2,25.3,1012.4,57.6,268.3,13.8,0.0,75.4,19.2,0.0,24.0,25.3,['rain'],37.0,-0.4999999999999997,-0.8660254037844388,-0.19667288979357622,-0.9804691603616321,2025,75075,17768,-0.7335816159446584,0.6796013631151894,0.9614218925664842,0.27507806981633337,57307,15.918611111111112
2025-07-14,40.2,-0.4999999999999997,-0.8660254037844388,-0.2135209154397959,-0.9769384927771817,2025,2025-07-14,68.0,13.8,17.4,2.297,262.2,14.2,16.67,9.0,20.4,26.7,1013.8,50.4,267.2,14.2,0.0,54.1,20.4,0.0,22.7,26.7,['rain'],33.2,-0.4999999999999997,-0.8660254037844388,-0.2135209154397959,-0.9769384927771817,2025,75024,17831,-0.7360970871197345,0.6768759696826605,0.9626720652611515,0.27067045417967095,57193,15.886944444444444
2025-07-15,42.0,-0.4999999999999997,-0.8660254037844388,-0.23030567023061196,-0.973118337233262,2025,2025-07-15,72.4,14.5,19.4,2.193,297.9,15.9,33.33,9.0,20.0,25.1,1014.7,52.3,294.4,15.9,0.0,78.4,20.0,0.0,26.1,25.1,['rain'],30.1,-0.4999999999999997,-0.8660254037844388,-0.23030567023061196,-0.973118337233262,2025,74971,17895,-0.7387004750710263,0.6740338330750468,0.9639213916801365,0.26618705953037775,57076,15.854444444444445
2025-07-16,42.2,-0.4999999999999997,-0.8660254037844388,-0.24702218048093527,-0.9690098257244063,2025,2025-07-16,73.6,11.6,17.4,0.505,222.0,13.2,25.0,9.0,16.8,21.2,1013.2,43.2,279.5,13.2,0.0,75.8,16.8,0.0,19.2,21.2,['rain'],29.0,-0.4999999999999997,-0.8660254037844388,-0.24702218048093527,-0.9690098257244063,2025,74915,17961,-0.7414393008395087,0.67101994245374,0.9651878901849948,0.26155752071052807,56954,15.820555555555556
2025-07-17,22.9,-0.4999999999999997,-0.8660254037844388,-0.2636654927280072,-0.9646141756912435,2025,2025-07-17,80.1,11.2,15.0,1.175,208.5,12.7,75.0,8.0,14.7,17.6,1012.3,33.8,352.3,12.7,0.0,89.4,14.7,0.0,17.8,17.6,['rain'],24.5,-0.4999999999999997,-0.8660254037844388,-0.2636654927280072,-0.9646141756912435,2025,74857,18028,-0.7442629781091148,0.6678866815681768,0.9664508353324498,0.25685167487328187,56829,15.785833333333333
2025-07-18,23.3,-0.4999999999999997,-0.8660254037844388,-0.2802306751992161,-0.9599326896597445,2025,2025-07-18,79.6,11.8,9.2,3.534,161.0,12.5,41.67,7.0,15.6,19.7,1012.8,14.8,353.3,12.5,0.0,79.2,15.6,0.0,14.0,19.7,['rain'],23.3,-0.4999999999999997,-0.8660254037844388,-0.2802306751992161,-0.9599326896597445,2025,74796,18097,-0.7472184209116279,0.664578536706034,0.9677274989241113,0.25199898377986396,56699,15.749722222222223
2025-07-19,42.6,-0.4999999999999997,-0.8660254037844388,-0.2967128192734901,-0.9549667548552553,2025,2025-07-19,70.7,12.4,11.8,0.153,321.8,11.9,4.17,10.0,18.2,24.1,1011.4,23.8,304.8,11.9,0.0,47.8,18.2,0.0,27.8,24.1,['rain'],38.9,-0.4999999999999997,-0.8660254037844388,-0.2967128192734901,-0.9549667548552553,2025,74733,18167,-0.7502553276459,0.6611482007378855,0.9689977665694788,0.2470694808821235,56566,15.712777777777777
2025-07-20,49.2,-0.4999999999999997,-0.8660254037844388,-0.3131070409358267,-0.9497178427914317,2025,2025-07-20,63.5,12.9,11.7,0.0,298.5,13.7,0.0,9.0,20.8,27.2,1008.1,23.0,299.6,13.7,0.0,23.5,20.8,0.0,25.7,27.1,['none'],43.0,-0.4999999999999997,-0.8660254037844388,-0.3131070409358267,-0.9497178427914317,2025,74668,18238,-0.7533721377149234,0.657594420684092,0.9702605298998848,0.24206301683321002,56430,15.675
2025-07-21,46.4,-0.4999999999999997,-0.8660254037844388,-0.3294084822245302,-0.9441875088341994,2025,2025-07-21,63.4,14.5,25.7,9.505,292.9,16.1,16.67,9.0,22.6,29.3,1004.6,64.6,218.3,16.1,0.0,43.0,22.6,0.0,25.4,29.1,['rain'],35.6,-0.4999999999999997,-0.8660254037844388,-0.3294084822245302,-0.9441875088341994,2025,74600,18311,-0.7566147828674927,0.6538608952570698,0.971531894072631,0.23690879848508423,56289,15.635833333333334
2025-07-22,36.4,-0.4999999999999997,-0.8660254037844388,-0.3456123126707333,-0.9383773917408642,2025,2025-07-22,72.7,13.1,22.0,1.573,234.9,13.6,8.33,10.0,18.6,23.4,1009.6,50.0,245.0,13.6,0.0,48.2,18.6,0.0,20.1,23.4,['rain'],40.8,-0.4999999999999997,-0.8660254037844388,-0.3456123126707333,-0.9383773917408642,2025,74530,18384,-0.7599334726229398,0.6500008593742317,0.9727758782093965,0.2317479034941575,56146,15.596111111111112
2025-07-23,43.7,-0.4999999999999997,-0.8660254037844388,-0.3617137307297674,-0.9322892131745134,2025,2025-07-23,66.0,12.1,20.6,0.0,303.9,13.0,0.0,10.0,19.0,24.1,1012.4,39.6,235.0,13.0,0.0,29.3,19.0,0.0,25.9,24.1,['none'],48.8,-0.4999999999999997,-0.8660254037844388,-0.3617137307297674,-0.9322892131745134,2025,74458,18459,-0.7633264366329998,0.6460129651463405,0.9740253917443586,0.2264388134513355,55999,15.555277777777778
2025-07-24,18.6,-0.4999999999999997,-0.8660254037844388,-0.37770796520396466,-0.9259247771938499,2025,2025-07-24,76.6,14.3,12.2,4.283,115.4,15.1,50.0,7.0,18.6,21.8,1012.1,28.8,318.9,15.1,0.0,77.4,18.6,0.0,9.9,21.8,['rain'],35.4,-0.4999999999999997,-0.8660254037844388,-0.37770796520396466,-0.9259247771938499,2025,74384,18535,-0.7667918417389854,0.6418958415837688,0.9752620081821834,0.2210520648997761,55849,15.51361111111111
2025-07-25,32.7,-0.4999999999999997,-0.8660254037844388,-0.39359027665646645,-0.9192859697186105,2025,2025-07-25,79.4,15.2,9.0,2.83,238.3,15.7,8.33,8.0,19.1,22.8,1013.5,22.7,9.4,15.7,0.0,85.0,19.1,0.0,20.6,22.8,['rain'],26.9,-0.4999999999999997,-0.8660254037844388,-0.39359027665646645,-0.9192859697186105,2025,74307,18611,-0.7703741600981329,0.6375920744904977,0.9764688339934652,0.21565856402990966,55696,15.471111111111112
2025-07-26,12.5,-0.4999999999999997,-0.8660254037844388,-0.4093559588156211,-0.9123747579707274,2025,2025-07-26,85.4,15.9,16.2,2.272,96.5,17.0,41.67,6.0,18.5,20.0,1012.2,46.8,34.0,17.0,0.0,93.6,18.5,0.0,8.2,20.0,['rain'],19.1,-0.4999999999999997,-0.8660254037844388,-0.4093559588156211,-0.9123747579707274,2025,74229,18689,-0.7739783735799598,0.6332120318112411,0.9776764028291638,0.21011628054728806,55540,15.427777777777777
2025-07-27,2.8,-0.4999999999999997,-0.8660254037844388,-0.42500033996955394,-0.9051931898913975,2025,2025-07-27,92.0,15.5,16.5,15.951,39.2,15.8,62.5,2.0,16.8,17.4,1007.8,43.2,357.3,15.8,0.0,98.4,16.8,0.0,3.4,17.4,['rain'],13.9,-0.4999999999999997,-0.8660254037844388,-0.42500033996955394,-0.9051931898913975,2025,74149,18767,-0.7776491329256684,0.6286985176218854,0.9788525148007797,0.20456723654629883,55382,15.383888888888889
2025-07-28,10.8,-0.4999999999999997,-0.8660254037844388,-0.4405187843504952,-0.8977433935342336,2025,2025-07-28,84.7,13.9,15.9,30.382,146.8,14.8,79.17,6.0,16.6,19.8,1006.1,54.0,320.7,14.8,0.0,93.4,16.6,0.0,12.7,19.8,['rain'],16.6,-0.4999999999999997,-0.8660254037844388,-0.4405187843504952,-0.8977433935342336,2025,74066,18847,-0.7814297245438464,0.6239932576553439,0.9800260667666841,0.19886907365858286,55219,15.338611111111112
2025-07-29,19.7,-0.4999999999999997,-0.8660254037844388,-0.455906693508459,-0.8900275764346766,2025,2025-07-29,76.1,11.9,17.7,0.279,169.0,13.8,16.67,8.0,16.3,18.5,1012.3,54.0,332.7,13.8,0.0,79.7,16.3,0.0,14.6,18.5,['rain'],27.5,-0.4999999999999997,-0.8660254037844388,-0.455906693508459,-0.8900275764346766,2025,73982,18927,-0.7852268790098149,0.6192081624789078,0.9811664484915039,0.1931641797916191,55055,15.293055555555556
2025-07-30,43.2,-0.4999999999999997,-0.8660254037844388,-0.47115950767386394,-0.8820480249558535,2025,2025-07-30,68.5,10.0,17.9,0.018,221.8,10.5,4.17,8.0,16.3,20.8,1015.3,39.6,267.5,10.5,0.0,56.5,16.3,0.0,19.1,20.8,['rain'],40.5,-0.4999999999999997,-0.8660254037844388,-0.47115950767386394,-0.8820480249558535,2025,73896,19007,-0.7890840848346904,0.6142852000989435,0.9822736213775548,0.18745274803486886,54889,15.246944444444445
2025-07-31,34.8,-0.4999999999999997,-0.8660254037844388,-0.4862727071086902,-0.8738071036110807,2025,2025-07-31,72.2,12.2,25.6,0.2,219.1,13.8,8.33,10.0,17.8,23.0,1014.8,33.5,232.1,13.8,0.0,55.0,17.8,0.0,18.9,23.0,['rain'],10.0,-0.4999999999999997,-0.8660254037844388,-0.4862727071086902,-0.8738071036110807,2025,73808,19089,-0.7929990430073466,0.6092228802248258,0.9833739698303791,0.181591947674011,54719,15.199722222222222
2024-08-01,17.4,-0.8660254037844385,-0.5000000000000004,-0.5160623910158526,-0.8565509959010037,2024,2024-08-01,66.2,13.3,15.5,0.0,160.5,17.1,0.0,7.0,19.9,23.7,1011.5,39.6,24.6,17.1,0.0,72.9,19.9,0.0,13.9,23.7,['none'],33.8,-0.8660254037844385,-0.5000000000000004,-0.5160623910158526,-0.8565509959010037,2024,73695,19190,-0.7979785566720018,0.6026858411242699,0.984681212097365,0.1743643040948001,54505,15.140277777777778
2024-08-02,18.0,-0.8660254037844385,-0.5000000000000004,-0.5307300481619331,-0.8475409228928312,2024,2024-08-02,81.1,15.2,19.7,0.008,120.7,15.5,4.17,7.0,18.6,23.1,1008.1,27.7,303.5,15.5,0.0,86.5,18.6,0.0,10.6,23.1,['rain'],23.5,-0.8660254037844385,-0.5000000000000004,-0.5307300481619331,-0.8475409228928312,2024,73603,19272,-0.8019928938721881,0.5973335736240791,0.9857034690888535,0.16848937956500257,54331,15.091944444444444
2024-08-03,24.1,-0.8660254037844385,-0.5000000000000004,-0.5452404385406507,-0.8382797052177745,2024,2024-08-03,78.8,12.4,18.5,9.491,195.7,13.6,12.5,9.0,16.3,19.9,1010.2,43.2,347.9,13.6,0.0,78.4,16.3,0.0,17.0,19.9,['rain'],30.4,-0.8660254037844385,-0.5000000000000004,-0.5452404385406507,-0.8382797052177745,2024,73510,19355,-0.8060143785504578,0.5918959550207447,0.9867024973258918,0.16253670899476397,54155,15.043055555555556
2024-08-04,31.0,-0.8660254037844385,-0.5000000000000004,-0.5595892624101763,-0.828770087174504,2024,2024-08-04,80.3,13.1,18.8,0.017,159.3,11.7,4.17,6.0,16.7,21.3,1012.6,29.9,274.2,11.7,0.0,66.3,16.7,0.0,14.0,21.3,['rain'],26.7,-0.8660254037844385,-0.5000000000000004,-0.5595892624101763,-0.828770087174504,2024,73414,19439,-0.810126916279921,0.586254534753281,0.9876769617481271,0.15650629134954488,53975,14.993055555555555
2024-08-05,13.7,-0.8660254037844385,-0.5000000000000004,-0.5737722679043243,-0.8190148866680802,2024,2024-08-05,83.5,12.6,14.5,2.077,134.2,13.8,12.5,6.0,15.5,17.8,1013.6,30.6,335.7,13.8,0.0,76.4,15.5,0.0,11.5,17.8,['rain'],22.6,-0.8660254037844385,-0.5000000000000004,-0.5737722679043243,-0.8190148866680802,2024,73317,19523,-0.8142421887127163,0.5805253294390567,0.9886145704930308,0.15047003359101166,53794,14.942777777777778
2024-08-06,48.7,-0.8660254037844385,-0.5000000000000004,-0.5877852522924734,-0.8090169943749472,2024,2024-08-06,67.1,10.2,12.0,0.836,283.2,12.1,4.17,9.0,16.9,21.9,1014.9,54.0,5.8,12.1,0.0,37.0,16.9,0.0,24.6,21.9,['rain'],39.9,-0.8660254037844385,-0.5000000000000004,-0.5877852522924734,-0.8090169943749472,2024,73219,19608,-0.8183587411453146,0.574707726406263,0.9895257890689695,0.14435620100097316,53611,14.891944444444444
2024-08-07,43.8,-0.8660254037844385,-0.5000000000000004,-0.6016240632249227,-0.7987793728863648,2024,2024-08-07,64.4,11.6,14.5,0.0,263.2,11.8,0.0,9.0,19.1,25.9,1013.5,46.8,241.5,11.8,0.0,39.5,19.1,0.0,22.7,25.9,['none'],41.3,-0.8660254037844385,-0.5000000000000004,-0.6016240632249227,-0.7987793728863648,2024,73119,19693,-0.8225164574907441,0.5687413095220681,0.9903991985886109,0.1382368526661298,53426,14.840555555555556
2024-08-08,24.1,-0.8660254037844385,-0.5000000000000004,-0.6152845999633277,-0.7883050558305253,2024,2024-08-08,76.6,14.7,20.8,0.839,178.8,16.0,33.33,8.0,19.1,26.1,1013.9,46.8,307.5,16.0,0.0,78.1,19.1,0.0,15.2,26.1,['rain'],28.9,-0.8660254037844385,-0.5000000000000004,-0.6152845999633277,-0.7883050558305253,2024,73017,19778,-0.826712514442771,0.5626245803941656,0.9912347656796165,0.1321122224023032,53239,14.788611111111111
2024-08-09,43.1,-0.8660254037844385,-0.5000000000000004,-0.6287628145958345,-0.7775971469736268,2024,2024-08-09,73.9,13.4,11.6,8.351,282.0,14.4,4.17,8.0,18.6,23.7,1017.0,24.5,314.3,14.4,0.0,63.1,18.6,0.0,24.4,23.7,['rain'],29.2,-0.8660254037844385,-0.5000000000000004,-0.6287628145958345,-0.7775971469736268,2024,72914,19863,-0.8309035505677551,0.5564164714077917,0.9920324584155794,0.12598254422713404,53051,14.73638888888889
2024-08-10,43.2,-0.8660254037844385,-0.5000000000000004,-0.6420547132365636,-0.7666588193001592,2024,2024-08-10,67.1,14.2,16.5,0.0,273.8,15.9,0.0,9.0,20.9,26.5,1018.9,27.0,274.5,15.9,0.0,40.4,20.9,0.0,23.4,26.5,['none'],38.2,-0.8660254037844385,-0.5000000000000004,-0.6420547132365636,-0.7666588193001592,2024,72810,19949,-0.8350879763187433,0.5501164165954929,0.9928009592883617,0.11977585414476832,52861,14.68361111111111
2024-08-11,45.5,-0.8660254037844385,-0.5000000000000004,-0.655156357209085,-0.7554933140726804,2024,2024-08-11,64.0,13.8,16.8,0.0,256.8,15.6,0.0,8.0,21.5,27.8,1019.6,28.8,333.6,15.6,0.0,19.1,21.4,0.0,22.1,27.6,['none'],41.5,-0.8660254037844385,-0.5000000000000004,-0.655156357209085,-0.7554933140726804,2024,72704,20035,-0.8393037163763003,0.5436628290373832,0.9935306281461395,0.11356447919810869,52669,14.630277777777778
2024-08-12,45.8,-0.8660254037844385,-0.5000000000000004,-0.6680638642135333,-0.7441039398713608,2024,2024-08-12,62.2,13.0,11.2,0.0,271.7,14.1,0.0,8.0,21.3,27.5,1016.3,28.1,11.2,14.1,0.0,23.7,21.3,0.0,23.4,27.3,['none'],30.6,-0.8660254037844385,-0.5000000000000004,-0.6680638642135333,-0.7441039398713608,2024,72597,20121,-0.843508646331169,0.5371155960913432,0.9942214364489401,0.10734866233636109,52476,14.576666666666666
2024-08-13,45.7,-0.8660254037844385,-0.5000000000000004,-0.6807734094770159,-0.7324940716135792,2024,2024-08-13,54.5,12.1,13.9,0.0,275.8,16.2,0.0,8.0,22.3,28.1,1013.1,29.2,31.6,16.2,0.0,35.1,22.2,0.0,23.9,27.6,['none'],42.2,-0.8660254037844385,-0.5000000000000004,-0.6807734094770159,-0.7324940716135792,2024,72489,20208,-0.8477010831953582,0.5304741968742839,0.9948807088287882,0.10105629718294655,52281,14.5225
2024-08-14,42.2,-0.8660254037844385,-0.5000000000000004,-0.6932812268869771,-0.7206671495538615,2024,2024-08-14,57.1,13.9,13.0,0.0,266.2,15.2,0.0,8.0,23.4,31.3,1012.7,24.1,4.5,15.2,0.0,14.1,23.4,0.0,23.2,31.2,['none'],40.3,-0.8660254037844385,-0.5000000000000004,-0.6932812268869771,-0.7206671495538615,2024,72380,20294,-0.85187931942761,0.523738126482646,0.9954932638611026,0.09483228146137333,52086,14.468333333333334
2024-08-15,19.6,-0.8660254037844385,-0.5000000000000004,-0.7055836101071774,-0.70862667826446,2024,2024-08-15,67.6,16.4,16.8,0.337,191.4,20.1,4.17,9.0,22.9,27.6,1014.9,50.4,286.1,20.1,0.0,59.0,23.0,0.0,16.7,28.1,['rain'],32.0,-0.8660254037844385,-0.5000000000000004,-0.7055836101071774,-0.70862667826446,2024,72269,20381,-0.8560792111814574,0.5168446422116938,0.9960733224440275,0.0885321202463635,51888,14.413333333333334
2024-08-16,41.9,-0.8660254037844385,-0.5000000000000004,-0.7176769136759615,-0.6963762255968726,2024,2024-08-16,64.8,16.1,11.4,0.0,242.0,17.2,0.0,8.0,23.9,30.3,1015.3,20.9,306.9,17.2,0.0,26.5,23.9,0.0,21.0,30.1,['none'],31.7,-0.8660254037844385,-0.5000000000000004,-0.7176769136759615,-0.6963762255968726,2024,72157,20468,-0.8602604014559107,0.5098549221954374,0.9966135097066673,0.08222841522344083,51689,14.358055555555556
2024-08-17,26.6,-0.8660254037844385,-0.5000000000000004,-0.7295575540864876,-0.6839194216246105,2024,2024-08-17,74.9,17.5,16.8,7.368,173.4,19.2,37.5,8.0,22.4,27.6,1012.3,43.2,14.9,19.2,0.1,77.9,22.5,0.0,14.9,28.5,['rain'],26.4,-0.8660254037844385,-0.5000000000000004,-0.7295575540864876,-0.6839194216246105,2024,72044,20555,-0.8644210879571235,0.5027685180030895,0.9971138040261367,0.0759214187204576,51489,14.3025
2024-08-18,28.6,-0.8660254037844385,-0.5000000000000004,-0.7412220108485957,-0.6712599575675315,2024,2024-08-18,79.7,17.9,22.9,12.13,235.8,18.3,8.33,8.0,21.9,27.4,1008.2,57.6,279.5,18.3,0.0,75.8,22.1,0.0,20.3,28.1,['rain'],20.8,-0.8660254037844385,-0.5000000000000004,-0.7412220108485957,-0.6712599575675315,2024,71930,20642,-0.8685594437086714,0.4955850005241111,0.9975741853764049,0.06961138319701844,51288,14.246666666666666
2024-08-19,17.4,-0.8660254037844385,-0.5000000000000004,-0.7526668275320083,-0.6584015846980489,2024,2024-08-19,87.1,16.7,21.7,4.929,174.9,17.2,16.67,8.0,18.9,21.5,1012.0,75.6,356.1,17.2,0.0,89.6,18.9,0.0,15.1,21.5,['rain'],25.3,-0.8660254037844385,-0.5000000000000004,-0.7526668275320083,-0.6584015846980489,2024,71815,20729,-0.8726736170885465,0.4883039607023404,0.9979946353290973,0.06329856123437608,51086,14.190555555555555
2024-08-20,22.9,-0.8660254037844385,-0.5000000000000004,-0.7638886127905429,-0.64534811322955,2024,2024-08-20,79.5,16.0,18.6,0.408,223.8,16.9,4.17,7.0,19.8,23.9,1014.1,40.7,35.5,16.9,0.0,67.2,19.8,0.0,19.5,23.9,['rain'],20.5,-0.8660254037844385,-0.5000000000000004,-0.7638886127905429,-0.64534811322955,2024,71699,20816,-0.8767617318795383,0.4809250102787259,0.9983751370542333,0.056983205525319984,50883,14.134166666666667
2024-08-21,11.7,-0.8660254037844385,-0.5000000000000004,-0.7748840413670406,-0.6321034111873488,2024,2024-08-21,80.3,15.6,23.9,0.855,96.7,16.4,8.33,4.0,19.2,21.4,1012.0,57.6,287.0,16.4,0.0,70.7,19.2,0.0,8.4,21.4,['rain'],20.5,-0.8660254037844385,-0.5000000000000004,-0.7748840413670406,-0.6321034111873488,2024,71582,20903,-0.8808218873333956,0.47344778254252595,0.9987156753208998,0.050665568864061934,50679,14.0775
2024-08-22,31.9,-0.8660254037844385,-0.5000000000000004,-0.7856498550787144,-0.6186714032625032,2024,2024-08-22,63.7,8.7,12.8,0.0,208.3,11.6,0.0,8.0,16.0,20.9,1016.2,18.4,355.0,11.6,0.0,84.0,16.0,0.0,18.0,20.9,['none'],41.7,-0.8660254037844385,-0.5000000000000004,-0.7856498550787144,-0.6186714032625032,2024,71464,20991,-0.8848521582491715,0.46587193309082614,0.9990194587813651,0.04427325350805271,50473,14.020277777777778
2024-08-23,42.5,-0.8660254037844385,-0.5000000000000004,-0.7961828637826154,-0.6050560696488494,2024,2024-08-23,61.2,10.5,17.9,0.0,248.2,11.3,0.0,8.0,18.8,26.6,1014.8,35.3,229.8,11.3,0.0,42.3,18.8,0.0,21.5,26.6,['none'],42.7,-0.8660254037844385,-0.5000000000000004,-0.7961828637826154,-0.6050560696488494,2024,71346,21078,-0.8888172716794738,0.4582617784239228,0.9992795711288428,0.03795179474749526,50268,13.963333333333333
2024-08-24,41.0,-0.8660254037844385,-0.5000000000000004,-0.8064799463209447,-0.5912614448635782,2024,2024-08-24,62.2,14.6,14.0,0.0,244.7,15.1,0.0,7.0,23.0,30.7,1015.5,29.9,275.1,15.1,0.0,24.7,22.9,0.0,21.2,30.2,['none'],33.0,-0.8660254037844385,-0.5000000000000004,-0.8064799463209447,-0.5912614448635782,2024,71226,21165,-0.8927824659182211,0.45048803374671387,0.9994996838147123,0.03162881683354875,50061,13.905833333333334
2024-08-25,37.6,-0.8660254037844385,-0.5000000000000004,-0.8165380514459157,-0.5772916165517278,2024,2024-08-25,61.5,14.9,23.5,0.0,233.8,18.2,0.0,7.0,22.9,29.6,1015.2,72.0,336.4,18.2,0.0,48.5,23.0,0.0,20.2,29.6,['none'],31.9,-0.8660254037844385,-0.5000000000000004,-0.8165380514459157,-0.5772916165517278,2024,71105,21253,-0.8967118615413606,0.4426147731052679,0.9996816255852577,0.02523187403298757,49852,13.847777777777777
2024-08-26,33.3,-0.8660254037844385,-0.5000000000000004,-0.8263541987239094,-0.5631507242749187,2024,2024-08-26,71.7,13.2,22.9,0.191,230.3,15.3,4.17,7.0,18.5,22.1,1020.3,50.0,26.8,15.3,0.0,77.5,18.5,0.0,19.9,22.1,['rain'],25.7,-0.8660254037844385,-0.5000000000000004,-0.8263541987239094,-0.5631507242749187,2024,70984,21340,-0.9005718262149621,0.4347072415176081,0.9998212541310183,0.01890660699009146,49644,13.79
2024-08-27,38.3,-0.8660254037844385,-0.5000000000000004,-0.8359254794186365,-0.5488429582847199,2024,2024-08-27,69.4,13.7,20.6,0.0,229.3,15.7,0.0,7.0,19.6,23.6,1021.0,44.6,33.5,15.7,0.0,69.5,19.6,0.0,19.8,23.6,['none'],27.3,-0.8660254037844385,-0.5000000000000004,-0.8359254794186365,-0.5488429582847199,2024,70862,21427,-0.9043930939798591,0.42670028305771934,0.999920861332413,0.012580583144090784,49435,13.731944444444444
2024-08-28,36.7,-0.8660254037844385,-0.5000000000000004,-0.8452490573530634,-0.5343725582809785,2024,2024-08-28,68.8,16.3,14.9,0.0,229.7,16.3,0.0,7.0,22.7,28.5,1019.6,23.8,46.4,16.3,0.0,32.0,22.8,0.0,19.8,29.0,['none'],25.2,-0.8660254037844385,-0.5000000000000004,-0.8452490573530634,-0.5343725582809785,2024,70740,21515,-0.9081431738250815,0.4186597375374277,0.999980895365884,0.0061813350697973056,49225,13.67361111111111
2024-08-29,37.0,-0.8660254037844385,-0.5000000000000004,-0.8543221697498269,-0.5197438121555157,2024,2024-08-29,64.4,15.5,11.2,0.0,231.5,17.5,0.0,7.0,23.2,29.4,1017.8,18.7,16.2,17.5,0.0,26.4,23.2,0.0,20.1,29.4,['none'],22.5,-0.8660254037844385,-0.5000000000000004,-0.8543221697498269,-0.5197438121555157,2024,70616,21602,-0.9118814782719004,0.4104536144129488,0.9999999894230063,-0.00014544410381985535,49014,13.615
2024-08-30,38.8,-0.8660254037844385,-0.5000000000000004,-0.8631421280499115,-0.5049610547215202,2024,2024-08-30,60.3,13.9,9.9,0.0,238.3,16.1,0.0,7.0,22.8,29.7,1017.5,15.1,5.1,16.1,0.0,11.5,22.6,0.0,20.4,29.0,['none'],24.7,-0.8660254037844385,-0.5000000000000004,-0.8631421280499115,-0.5049610547215202,2024,70492,21689,-0.9155456327326518,0.4022141150981258,0.9999790549812573,-0.006472217455528476,48803,13.55638888888889
2024-08-31,34.9,-0.8660254037844385,-0.5000000000000004,-0.8717063187093217,-0.4900286664290594,2024,2024-08-31,69.9,15.1,25.6,0.0,223.3,16.6,0.0,7.0,20.9,25.5,1019.8,40.7,25.5,16.6,0.0,36.5,20.9,0.0,19.3,25.5,['none'],22.2,-0.8660254037844385,-0.5000000000000004,-0.8717063187093217,-0.4900286664290594,2024,70368,21776,-0.9191353392552346,0.39394190959095066,0.9999180928786112,-0.01279873173408502,48592,13.497777777777777
2023-09-01,22.4,-1.0,-1.8369701987210297e-16,-0.8717063187093217,-0.4900286664290594,2023,2023-09-01,77.7,10.4,20.7,0.088,127.9,9.5,4.17,5.0,14.3,18.1,1017.3,46.8,217.9,8.3,0.0,79.3,14.2,0.0,11.0,18.1,['rain'],34.0,-1.0,-1.8369701987210297e-16,-0.8717063187093217,-0.4900286664290594,2023,70337,21797,-0.9200210990553466,0.3918688266409975,0.9998973811176148,-0.014325754225708686,48540,13.483333333333333
2023-09-02,31.5,-1.0,-1.8369701987210297e-16,-0.8800122039735356,-0.4749510720670502,2023,2023-09-02,81.1,14.2,12.9,2.185,209.2,15.0,8.33,8.0,17.7,21.3,1019.7,43.2,286.5,15.0,0.0,77.6,17.7,0.0,18.2,21.3,['rain'],36.2,-1.0,-1.8369701987210297e-16,-0.8800122039735356,-0.4749510720670502,2023,70211,21884,-0.9235731121750946,0.38342236041630384,0.9997867330790687,-0.020651594589352458,48327,13.424166666666666
2023-09-03,22.6,-1.0,-1.8369701987210297e-16,-0.888057322629493,-0.4597327394521046,2023,2023-09-03,79.9,12.6,15.3,0.229,175.2,14.3,16.67,10.0,16.3,19.2,1023.4,50.4,344.3,14.3,0.0,87.9,16.3,0.0,15.2,19.2,['rain'],29.0,-1.0,-1.8369701987210297e-16,-0.888057322629493,-0.4597327394521046,2023,70086,21971,-0.9270203133492454,0.3750111180190087,0.9996360650779827,-0.026976608300656554,48115,13.365277777777777
2023-09-04,31.9,-1.0,-1.8369701987210297e-16,-0.8958392907349089,-0.4443781781046134,2023,2023-09-04,73.9,9.9,17.5,0.084,171.2,11.9,4.17,7.0,14.7,18.5,1027.3,54.0,14.2,11.9,0.0,49.5,14.7,0.0,14.9,18.5,['rain'],31.7,-1.0,-1.8369701987210297e-16,-0.8958392907349089,-0.4443781781046134,2023,69959,22059,-0.9304442182430747,0.36643356388032133,0.9994429588188255,-0.03337322380998608,47900,13.305555555555555
2023-09-05,40.8,-1.0,-1.8369701987210297e-16,-0.9033558023246842,-0.4288919379124841,2023,2023-09-05,71.2,9.9,12.2,0.0,239.3,9.4,0.0,7.0,15.7,24.2,1026.1,43.2,59.9,7.9,0.0,16.9,15.4,0.0,20.6,24.2,['none'],31.7,-1.0,-1.8369701987210297e-16,-0.9033558023246842,-0.4288919379124841,2023,69832,22146,-0.9337887585156288,0.3578247538528332,0.9992118107954966,-0.039695807924574826,47686,13.24611111111111
2023-09-06,40.7,-1.0,-1.8369701987210297e-16,-0.9106046300942162,-0.41327860778290443,2023,2023-09-06,69.0,10.7,8.8,0.0,232.0,10.6,0.0,7.0,17.0,25.0,1024.3,16.9,332.6,10.6,0.0,7.8,17.0,0.0,19.9,25.0,['none'],33.4,-1.0,-1.8369701987210297e-16,-0.9106046300942162,-0.41327860778290443,2023,69705,22233,-0.9370536488857837,0.3491854222470325,0.9989406658229039,-0.04601680307554429,47472,13.186666666666667
2023-09-07,40.8,-1.0,-1.8369701987210297e-16,-0.9175836260593934,-0.3975428142825566,2023,2023-09-07,68.3,11.5,15.5,0.0,231.5,11.5,0.0,7.0,17.7,25.4,1024.4,21.2,45.0,11.5,0.0,9.7,17.7,0.0,20.1,25.4,['none'],28.2,-1.0,-1.8369701987210297e-16,-0.9175836260593934,-0.3975428142825566,2023,69577,22320,-0.9402633714246784,0.34044792899516557,0.9986295347545738,-0.05233595624294362,47257,13.126944444444444
2023-09-08,39.0,-1.0,-1.8369701987210297e-16,-0.9242907221930934,-0.3816892202666586,2023,2023-09-08,72.0,12.6,7.8,0.0,226.5,11.9,0.0,7.0,18.3,24.9,1022.6,13.7,287.1,11.9,0.0,9.2,18.3,0.0,19.5,24.9,['none'],30.6,-1.0,-1.8369701987210297e-16,-0.9242907221930934,-0.3816892202666586,2023,69449,22407,-0.9433916238027877,0.3316809372555791,0.9982784300446162,-0.058653014480556064,47042,13.067222222222222
2023-09-09,38.4,-1.0,-1.8369701987210297e-16,-0.9307239310379793,-0.3657225234972692,2023,2023-09-09,72.2,13.2,7.4,0.0,220.1,12.8,0.0,7.0,18.9,25.6,1020.5,12.2,286.0,12.8,0.0,27.6,18.9,0.0,19.0,25.6,['none'],27.7,-1.0,-1.8369701987210297e-16,-0.9307239310379793,-0.3657225234972692,2023,69321,22495,-0.9464381349692206,0.32288520665397996,0.9978826385222864,-0.06504029317123276,46826,13.007222222222222
2023-09-10,38.2,-1.0,-1.8369701987210297e-16,-0.9368813462954315,-0.34964745525122826,2023,2023-09-10,69.0,12.9,11.5,0.0,219.8,13.4,0.0,7.0,19.3,26.5,1019.1,28.8,236.2,13.4,0.0,16.8,19.3,0.0,18.9,26.5,['none'],30.5,-1.0,-1.8369701987210297e-16,-0.9368813462954315,-0.34964745525122826,2023,69192,22582,-0.949425477641904,0.31399245596740444,0.9974511712627354,-0.071352371695671,46610,12.947222222222223
2023-09-11,37.2,-1.0,-1.8369701987210297e-16,-0.9427611433904206,-0.33346877891818705,2023,2023-09-11,69.3,13.6,14.2,0.0,212.9,13.8,0.0,7.0,19.8,26.4,1015.8,24.1,244.1,13.8,0.0,8.6,19.8,0.0,18.3,26.4,['none'],30.0,-1.0,-1.8369701987210297e-16,-0.9427611433904206,-0.33346877891818705,2023,69063,22669,-0.9523292659060936,0.30507207230220373,0.9969797775296791,-0.07766159409174893,46394,12.887222222222222
2023-09-12,34.7,-1.0,-1.8369701987210297e-16,-0.9483615800121716,-0.31719128858910595,2023,2023-09-12,68.9,13.9,11.4,0.0,202.2,14.6,0.0,7.0,20.2,26.8,1013.7,25.2,222.4,14.6,0.0,42.4,20.3,0.0,17.4,27.1,['none'],27.5,-1.0,-1.8369701987210297e-16,-0.9483615800121716,-0.31719128858910595,2023,68934,22757,-0.9551492442132319,0.29612484069880385,0.9964623672533685,-0.08404017282117517,46177,12.826944444444445
2023-09-13,31.1,-1.0,-1.8369701987210297e-16,-0.9536809966304455,-0.300819807635668,2023,2023-09-13,72.8,14.5,18.7,2.352,181.5,15.1,25.0,6.0,19.8,25.9,1013.5,50.4,227.1,15.1,0.0,64.5,19.8,0.0,15.9,25.9,['rain'],22.9,-1.0,-1.8369701987210297e-16,-0.9536809966304455,-0.300819807635668,2023,68804,22844,-0.9579060441074666,0.28708188842625415,0.9959107204306471,-0.09034288533863305,45960,12.766666666666667
2023-09-14,9.6,-1.0,-1.8369701987210297e-16,-0.9587178169872964,-0.2843591872810036,2023,2023-09-14,86.6,14.0,18.8,6.355,125.8,13.4,58.33,9.0,16.3,19.3,1018.8,50.4,16.6,13.4,0.0,83.8,16.3,0.0,10.9,19.3,['rain'],20.2,-1.0,-1.8369701987210297e-16,-0.9587178169872964,-0.2843591872810036,2023,68674,22931,-0.9605772312146634,0.27801327822960364,0.9953192087963554,-0.09664198156596865,45743,12.706388888888888
2023-09-15,36.4,-1.0,-1.8369701987210297e-16,-0.9634705485641486,-0.26781430516217486,2023,2023-09-15,78.9,11.4,20.5,0.0,179.1,11.8,0.0,7.0,15.3,19.8,1021.5,46.8,46.2,11.8,0.0,40.9,15.3,0.0,15.4,19.8,['none'],26.8,-1.0,-1.8369701987210297e-16,-0.9634705485641486,-0.26781430516217486,2023,68544,23019,-0.9631625667976582,0.2689198206152655,0.9946803675925122,-0.1030095448297135,45525,12.645833333333334
2023-09-16,33.7,-1.0,-1.8369701987210297e-16,-0.9679377830240642,-0.25119006388481957,2023,2023-09-16,73.5,11.5,12.3,0.067,210.6,10.8,4.17,7.0,16.7,23.0,1019.8,43.2,151.9,10.8,0.0,22.6,16.7,0.0,18.1,23.0,['rain'],37.1,-1.0,-1.8369701987210297e-16,-0.9679377830240642,-0.25119006388481957,2023,68414,23106,-0.96566181979226,0.25980232831039224,0.9940087414613663,-0.10930060337615072,45308,12.585555555555555
2023-09-17,38.6,-1.0,-1.8369701987210297e-16,-0.9721181966290612,-0.23449138957041052,2023,2023-09-17,77.7,13.8,19.1,0.0,170.2,13.8,0.0,8.0,18.0,22.9,1018.2,50.4,181.4,13.8,0.0,49.9,18.0,0.0,15.0,22.9,['none'],31.3,-1.0,-1.8369701987210297e-16,-0.9721181966290612,-0.23449138957041052,2023,68284,23194,-0.968074766827904,0.2506616161902322,0.9932889182807971,-0.11565952109776333,45090,12.525
2023-09-18,33.0,-1.0,-1.8369701987210297e-16,-0.9760105506323682,-0.21772323039653224,2023,2023-09-18,74.3,13.8,28.7,0.0,161.0,14.1,0.0,6.0,18.7,23.6,1014.0,68.4,170.0,14.1,0.0,55.1,18.7,0.0,14.0,23.6,['none'],23.0,-1.0,-1.8369701987210297e-16,-0.9760105506323682,-0.21772323039653224,2023,68154,23282,-0.9704011922476142,0.24149850120530536,0.9925284159657329,-0.12201370210166168,44872,12.464444444444444
2023-09-19,13.3,-1.0,-1.8369701987210297e-16,-0.9796136916454901,-0.20089055513063528,2023,2023-09-19,83.4,14.4,21.4,6.119,78.5,14.0,45.83,6.0,17.3,21.8,1012.1,72.0,235.4,14.0,0.0,73.1,17.3,0.0,6.8,21.8,['rain'],16.1,-1.0,-1.8369701987210297e-16,-0.9796136916454901,-0.20089055513063528,2023,68023,23369,-0.9726577798918095,0.23224306925274735,0.9917365978518923,-0.12829076537753623,44654,12.403888888888888
2023-09-20,36.2,-1.0,-1.8369701987210297e-16,-0.9829265519799822,-0.18399835165767986,2023,2023-09-20,76.2,11.5,16.9,0.0,199.8,10.9,0.0,7.0,16.1,21.9,1015.9,61.2,217.1,10.9,0.0,32.1,16.1,0.0,17.3,21.9,['none'],38.3,-1.0,-1.8369701987210297e-16,-0.9829265519799822,-0.18399835165767986,2023,67893,23457,-0.9748098766129868,0.22303745079643789,0.9908952937149468,-0.13463475366178448,44436,12.343333333333334
2023-09-21,35.6,-1.0,-1.8369701987210297e-16,-0.9859481499638303,-0.1670516255021195,2023,2023-09-21,70.4,12.2,33.7,0.0,185.8,13.2,0.0,7.0,18.0,22.3,1008.9,64.8,157.2,13.2,0.0,33.3,18.0,0.0,16.1,22.3,['none'],37.2,-1.0,-1.8369701987210297e-16,-0.9859481499638303,-0.1670516255021195,2023,67763,23545,-0.9768748497682551,0.21381189838324952,0.9900134084719588,-0.14097322811702376,44218,12.282777777777778
2023-09-22,30.5,-1.0,-1.8369701987210297e-16,-0.9886775902323404,-0.15005539834465262,2023,2023-09-22,74.5,14.2,27.7,1.507,175.6,16.1,12.5,8.0,18.9,23.4,1004.9,86.4,184.7,16.1,0.0,73.4,18.9,0.0,15.2,23.4,['rain'],27.7,-1.0,-1.8369701987210297e-16,-0.9886775902323404,-0.15005539834465262,2023,67632,23633,-0.9788673887616851,0.2044960518417898,0.9890909782396391,-0.14730592915749796,43999,12.221944444444444
2023-09-23,5.5,-1.0,-1.8369701987210297e-16,-0.9911140639934546,-0.13301470653419636,2023,2023-09-23,88.3,12.2,14.1,5.71,44.7,12.6,62.5,2.0,14.1,16.5,1013.6,68.4,335.4,12.6,0.0,96.4,14.1,0.0,4.0,16.5,['rain'],21.2,-1.0,-1.8369701987210297e-16,-0.9911140639934546,-0.13301470653419636,2023,67502,23722,-0.9807568952924212,0.1952329693888072,0.9881168657045656,-0.15370445572651903,43780,12.161111111111111
2023-09-24,5.6,-1.0,-1.8369701987210297e-16,-0.9932568492674143,-0.11593459959550066,2023,2023-09-24,79.5,8.7,24.8,0.345,68.6,10.4,25.0,4.0,12.2,13.7,1023.9,68.4,21.6,10.4,0.0,95.0,12.2,0.0,6.0,13.7,['rain'],29.4,-1.0,-1.8369701987210297e-16,-0.9932568492674143,-0.11593459959550066,2023,67372,23810,-0.9825587467428611,0.1859524380025658,0.9871130008559923,-0.16002475915019415,43562,12.100555555555555
2023-09-25,25.4,-1.0,-1.8369701987210297e-16,-0.9951053111006974,-0.09882013873287211,2023,2023-09-25,83.4,12.5,21.7,0.0,141.8,12.3,0.0,6.0,15.3,19.1,1025.6,53.1,50.5,12.3,0.0,72.1,15.3,0.0,12.2,19.1,['none'],24.8,-1.0,-1.8369701987210297e-16,-0.9951053111006974,-0.09882013873287211,2023,67242,23898,-0.984272782072655,0.1766552871299239,0.9860687098013228,-0.16633850892308355,43344,12.04
2023-09-26,29.1,-1.0,-1.8369701987210297e-16,-0.99665890175417,-0.08167639533042288,2023,2023-09-26,80.4,14.1,13.4,0.0,179.4,14.2,0.0,6.0,17.8,24.0,1024.3,39.6,141.3,14.2,0.0,50.0,17.8,0.0,15.5,24.0,['none'],20.8,-1.0,-1.8369701987210297e-16,-0.99665890175417,-0.08167639533042288,2023,67112,23987,-0.9858988480900127,0.1673423477031026,0.9849714775727358,-0.1727170760758229,43125,11.979166666666666
2023-09-27,33.8,-1.0,-1.8369701987210297e-16,-0.9979171608653922,-0.06450844944931625,2023,2023-09-27,66.1,10.3,12.5,0.0,181.5,11.2,0.0,6.0,17.3,24.8,1023.5,50.4,176.2,11.2,0.0,7.5,17.3,0.0,15.6,24.8,['none'],31.1,-1.0,-1.8369701987210297e-16,-0.9979171608653922,-0.06450844944931625,2023,66982,24076,-0.9874367994653955,0.15801445206542405,0.9838329848520312,-0.1790884081037713,42906,11.918333333333333
2023-09-28,34.4,-1.0,-1.8369701987210297e-16,-0.9988797155850335,-0.04732138832243232,2023,2023-09-28,64.6,9.7,24.5,0.0,178.6,11.0,0.0,6.0,17.1,26.0,1021.7,54.0,210.0,11.0,0.0,9.3,17.1,0.0,15.4,26.0,['none'],28.6,-1.0,-1.8369701987210297e-16,-0.9988797155850335,-0.04732138832243232,2023,66853,24165,-0.988875684365159,0.1487443473592809,0.9826532793307118,-0.1854522381115908,42688,11.857777777777779
2023-09-29,33.3,-1.0,-1.8369701987210297e-16,-0.9995462806873573,-0.03012030484690836,2023,2023-09-29,63.7,9.3,19.8,0.0,171.5,10.7,0.0,6.0,16.8,23.4,1021.6,46.8,198.3,10.7,0.0,18.6,16.8,0.0,15.0,23.4,['none'],30.7,-1.0,-1.8369701987210297e-16,-0.9995462806873573,-0.03012030484690836,2023,66723,24254,-0.9902376823146537,0.139389140624738,0.9814324104266859,-0.19180829951820427,42469,11.796944444444444
2023-09-30,2.9,-1.0,-1.8369701987210297e-16,-0.9999166586547379,-0.012910296075008843,2023,2023-09-30,84.4,10.3,13.9,4.103,19.7,8.2,50.0,1.0,13.0,14.5,1023.0,54.0,328.1,6.1,0.0,72.4,12.7,0.0,1.7,14.5,['rain'],20.2,-1.0,-1.8369701987210297e-16,-0.9999166586547379,-0.012910296075008843,2023,66594,24344,-0.9915017197888083,0.1300935803790316,0.980156016355715,-0.19822760554901347,42250,11.73611111111111
2024-09-01,31.4,-1.0,-1.8369701987210297e-16,-0.8800122039735356,-0.4749510720670502,2024,2024-09-01,74.7,15.5,19.4,0.0,218.7,17.3,0.0,7.0,20.3,24.7,1018.6,39.6,39.0,17.3,0.0,47.2,20.3,0.0,19.0,24.7,['none'],18.9,-1.0,-1.8369701987210297e-16,-0.8800122039735356,-0.4749510720670502,2024,70242,21864,-0.9227063849078361,0.38550347242315774,0.9998157121216442,-0.01919744239968974,48378,13.438333333333333
2024-09-02,35.8,-1.0,-1.8369701987210297e-16,-0.888057322629493,-0.4597327394521046,2024,2024-09-02,66.9,14.5,12.8,0.0,211.3,16.0,0.0,7.0,21.5,28.3,1014.7,23.8,38.5,16.0,0.0,45.8,21.5,0.0,18.2,28.0,['none'],22.0,-1.0,-1.8369701987210297e-16,-0.888057322629493,-0.4597327394521046,2024,70117,21951,-0.9261725394732275,0.3771000227071232,0.9996742436362176,-0.025522668558679407,48166,13.379444444444445
2024-09-03,30.6,-1.0,-1.8369701987210297e-16,-0.8958392907349089,-0.4443781781046134,2024,2024-09-03,55.9,13.1,11.8,0.0,225.4,17.0,0.0,7.0,23.2,29.9,1016.2,43.2,40.3,17.0,0.0,51.3,22.9,0.0,19.3,28.8,['none'],27.1,-1.0,-1.8369701987210297e-16,-0.8958392907349089,-0.4443781781046134,2024,69990,22038,-0.9296157727476445,0.3685302091536049,0.9994927596910347,-0.031846873083548895,47952,13.32
2024-09-04,32.0,-1.0,-1.8369701987210297e-16,-0.9033558023246842,-0.4288919379124841,2024,2024-09-04,54.8,12.5,13.0,0.0,253.8,16.6,0.0,7.0,22.9,29.7,1015.5,43.2,30.2,16.6,0.0,27.6,22.7,0.0,21.9,28.6,['none'],27.9,-1.0,-1.8369701987210297e-16,-0.9033558023246842,-0.4288919379124841,2024,69864,22126,-0.932953534825489,0.3599968081200512,0.9992684891219139,-0.038242471782134274,47738,13.260555555555555
2024-09-05,35.5,-1.0,-1.8369701987210297e-16,-0.9106046300942162,-0.41327860778290443,2024,2024-09-05,54.4,11.1,19.9,0.0,171.2,16.2,0.0,7.0,21.4,27.6,1014.4,30.2,52.4,16.2,0.0,40.4,21.3,0.0,14.6,27.0,['none'],30.4,-1.0,-1.8369701987210297e-16,-0.9106046300942162,-0.41327860778290443,2024,69736,22213,-0.9362640704899741,0.35129701152948195,0.999006537947652,-0.04456385461163009,47523,13.200833333333334
2024-09-06,36.8,-1.0,-1.8369701987210297e-16,-0.9175836260593934,-0.3975428142825566,2024,2024-09-06,52.4,9.3,15.1,0.0,195.1,13.2,0.0,7.0,19.9,27.0,1014.4,68.4,65.9,13.2,0.0,44.5,19.9,0.0,16.6,26.4,['none'],30.4,-1.0,-1.8369701987210297e-16,-0.9175836260593934,-0.3975428142825566,2024,69609,22300,-0.9394685678743134,0.3426350974085791,0.9987045980408904,-0.05088345361690234,47309,13.141388888888889
2024-09-07,35.3,-1.0,-1.8369701987210297e-16,-0.9242907221930934,-0.3816892202666586,2024,2024-09-07,61.0,12.9,15.1,0.0,198.2,15.6,0.0,8.0,21.3,27.9,1016.0,39.6,99.3,15.6,0.0,45.3,21.3,0.0,17.1,27.5,['none'],30.2,-1.0,-1.8369701987210297e-16,-0.9242907221930934,-0.3816892202666586,2024,69481,22387,-0.942617213479791,0.33387540917473113,0.9983626814878305,-0.057201015833888036,47094,13.081666666666667
2024-09-08,32.7,-1.0,-1.8369701987210297e-16,-0.9307239310379793,-0.3657225234972692,2024,2024-09-08,56.8,12.3,22.1,0.0,183.3,16.7,0.0,7.0,22.1,27.9,1012.7,46.8,124.7,16.7,0.0,35.6,22.0,0.0,16.0,27.3,['none'],31.5,-1.0,-1.8369701987210297e-16,-0.9307239310379793,-0.3657225234972692,2024,69352,22475,-0.9457078234512293,0.32501801898223814,0.9979761803011367,-0.06358886342397697,46877,13.02138888888889
2024-09-09,5.3,-1.0,-1.8369701987210297e-16,-0.9368813462954315,-0.34964745525122826,2024,2024-09-09,74.7,12.2,33.3,5.125,30.3,13.2,66.67,1.0,17.4,23.0,1005.2,68.4,175.4,13.2,0.0,97.9,17.4,0.0,2.5,23.0,['rain'],18.7,-1.0,-1.8369701987210297e-16,-0.9368813462954315,-0.34964745525122826,2024,69224,22562,-0.9486922139089209,0.3162010171846231,0.9975538940407862,-0.06990156281560456,46662,12.961666666666666
2024-09-10,10.8,-1.0,-1.8369701987210297e-16,-0.9427611433904206,-0.33346877891818705,2024,2024-09-10,86.7,12.4,14.8,7.66,130.7,12.9,33.33,8.0,14.7,17.0,1008.7,39.6,295.0,12.9,0.0,80.8,14.7,0.0,11.5,17.0,['rain'],20.2,-1.0,-1.8369701987210297e-16,-0.9427611433904206,-0.33346877891818705,2024,69095,22649,-0.95161675296716,0.30728741508926016,0.9970916771950916,-0.0762114641525745,46446,12.901666666666667
2024-09-11,35.7,-1.0,-1.8369701987210297e-16,-0.9483615800121716,-0.31719128858910595,2024,2024-09-11,76.1,10.3,17.9,1.255,199.4,10.6,4.17,7.0,14.9,20.1,1008.8,33.5,293.5,10.6,0.0,60.6,14.9,0.0,17.3,20.1,['rain'],28.5,-1.0,-1.8369701987210297e-16,-0.9483615800121716,-0.31719128858910595,2024,68965,22736,-0.9544792386387502,0.29827735919374054,0.9965895482658997,-0.08251831485900536,46229,12.841388888888888
2024-09-12,1.4,-1.0,-1.8369701987210297e-16,-0.9536809966304455,-0.300819807635668,2024,2024-09-12,90.7,8.8,23.1,3.132,26.7,7.9,33.33,1.0,10.3,12.8,1010.4,41.4,352.7,4.4,0.1,94.1,9.0,0.0,2.4,12.8,['rain'],14.9,-1.0,-1.8369701987210297e-16,-0.9536809966304455,-0.300819807635668,2024,68836,22824,-0.9572353810893434,0.2893102576659522,0.9960410654107695,-0.08889429686644147,46012,12.78111111111111
2024-09-13,1.1,-1.0,-1.8369701987210297e-16,-0.9587178169872964,-0.2843591872810036,2024,2024-09-13,94.2,7.5,29.3,27.088,22.4,7.3,41.67,1.0,8.4,10.5,1008.4,54.4,17.5,3.3,0.2,99.9,5.2,0.0,2.0,10.5,['rain'],9.1,-1.0,-1.8369701987210297e-16,-0.9587178169872964,-0.2843591872810036,2024,68706,22911,-0.9599276645588966,0.2802478881535104,0.9954587160629781,-0.09519424674972331,45795,12.720833333333333
2024-09-14,1.5,-1.0,-1.8369701987210297e-16,-0.9634705485641486,-0.26781430516217486,2024,2024-09-14,94.8,11.4,34.3,65.818,28.3,10.8,79.17,1.0,12.3,13.7,1006.5,72.0,342.7,10.8,0.4,99.7,12.3,0.0,2.4,13.7,['rain'],9.7,-1.0,-1.8369701987210297e-16,-0.9634705485641486,-0.26781430516217486,2024,68576,22999,-0.9625341545592226,0.2711604715052738,0.9948291367769283,-0.10156273243504112,45577,12.660277777777777
2024-09-15,10.9,-1.0,-1.8369701987210297e-16,-0.9679377830240642,-0.25119006388481957,2024,2024-09-15,86.9,10.0,37.0,103.508,88.9,10.2,50.0,3.0,12.2,15.4,1009.0,72.1,358.9,10.2,0.0,83.6,12.2,0.0,7.6,15.4,['rain'],20.4,-1.0,-1.8369701987210297e-16,-0.9679377830240642,-0.25119006388481957,2024,68446,23086,-0.9650546181354567,0.2620488199084816,0.9941666613266907,-0.10785476116769734,45360,12.6
2024-09-16,4.6,-1.0,-1.8369701987210297e-16,-0.9721181966290612,-0.23449138957041052,2024,2024-09-16,89.4,11.3,27.2,9.98,63.1,11.3,62.5,2.0,13.1,14.9,1011.7,60.3,18.5,11.3,0.0,95.5,13.1,0.0,5.6,14.9,['rain'],13.7,-1.0,-1.8369701987210297e-16,-0.9721181966290612,-0.23449138957041052,2024,68316,23174,-0.9674888300213395,0.25291374771637,0.9934560875751426,-0.11421471910349647,45142,12.539444444444445
2024-09-17,15.9,-1.0,-1.8369701987210297e-16,-0.9760105506323682,-0.21772323039653224,2024,2024-09-17,83.0,11.3,13.9,0.016,115.2,10.7,8.33,5.0,14.3,18.8,1021.4,50.4,44.5,10.7,0.0,69.5,14.3,0.0,10.0,18.8,['rain'],16.2,-1.0,-1.8369701987210297e-16,-0.9760105506323682,-0.21772323039653224,2024,68186,23261,-0.9698365726593502,0.24375607137539165,0.9927135933156784,-0.12049780764094375,44925,12.479166666666666
2024-09-18,31.0,-1.0,-1.8369701987210297e-16,-0.9796136916454901,-0.20089055513063528,2024,2024-09-18,68.0,9.6,19.5,0.0,171.9,11.1,0.0,6.0,15.9,21.4,1024.9,50.4,38.0,11.1,0.0,19.4,15.9,0.0,14.9,21.4,['none'],24.2,-1.0,-1.8369701987210297e-16,-0.9796136916454901,-0.20089055513063528,2024,68055,23349,-0.9721146925420913,0.2345059157970121,0.9919221401817575,-0.12684820778096073,44706,12.418333333333333
2024-09-19,33.7,-1.0,-1.8369701987210297e-16,-0.9829265519799822,-0.18399835165767986,2024,2024-09-19,72.0,9.0,22.6,0.0,193.9,11.0,0.0,6.0,14.2,18.0,1023.3,45.0,44.8,11.0,0.0,36.0,14.2,0.0,16.9,18.0,['none'],28.8,-1.0,-1.8369701987210297e-16,-0.9829265519799822,-0.18399835165767986,2024,67925,23437,-0.9742882058635809,0.22530533041879994,0.9910900638883445,-0.133193412982013,44488,12.357777777777779
2024-09-20,35.1,-1.0,-1.8369701987210297e-16,-0.9859481499638303,-0.1670516255021195,2024,2024-09-20,68.9,8.2,13.8,0.0,165.0,9.5,0.0,6.0,14.1,19.6,1025.0,43.2,43.4,8.3,0.0,23.1,14.0,0.0,14.2,19.6,['none'],29.6,-1.0,-1.8369701987210297e-16,-0.9859481499638303,-0.1670516255021195,2024,67795,23525,-0.9763746422434487,0.2160846083921239,0.9902173985122754,-0.1395331633826937,44270,12.297222222222222
2024-09-21,36.6,-1.0,-1.8369701987210297e-16,-0.9886775902323404,-0.15005539834465262,2024,2024-09-21,60.6,5.5,10.1,0.0,202.0,8.0,0.0,7.0,13.8,21.3,1024.9,43.2,51.2,7.0,0.0,9.1,13.5,0.0,17.5,21.3,['none'],34.0,-1.0,-1.8369701987210297e-16,-0.9886775902323404,-0.15005539834465262,2024,67664,23613,-0.978388854781397,0.20677342391987022,0.9893041797926705,-0.14586719934499165,44051,12.23638888888889
2024-09-22,36.8,-1.0,-1.8369701987210297e-16,-0.9911140639934546,-0.13301470653419636,2024,2024-09-22,61.4,5.8,13.6,0.0,199.8,7.3,0.0,7.0,13.8,21.4,1020.0,50.4,114.3,5.9,0.0,8.8,13.5,0.0,17.4,21.4,['none'],38.1,-1.0,-1.8369701987210297e-16,-0.9911140639934546,-0.13301470653419636,2024,67534,23701,-0.9802999123481346,0.19751476362601222,0.9883504451294708,-0.15219526146492499,43833,12.175833333333333
2024-09-23,31.5,-1.0,-1.8369701987210297e-16,-0.9932568492674143,-0.11593459959550066,2024,2024-09-23,61.0,6.5,24.2,0.0,177.5,8.6,0.0,7.0,14.3,20.4,1013.7,64.8,154.4,5.9,0.0,53.3,13.8,0.0,15.3,20.4,['none'],35.5,-1.0,-1.8369701987210297e-16,-0.9932568492674143,-0.11593459959550066,2024,67404,23789,-0.9821233556773956,0.18823845046369186,0.9873562335819069,-0.1585170905831637,43615,12.115277777777777
2024-09-24,12.7,-1.0,-1.8369701987210297e-16,-0.9951053111006974,-0.09882013873287211,2024,2024-09-24,73.1,9.2,27.4,1.039,63.2,11.1,29.17,3.0,14.4,20.8,1009.7,75.6,180.7,11.1,0.0,81.3,14.4,0.0,5.5,20.8,['rain'],26.3,-1.0,-1.8369701987210297e-16,-0.9951053111006974,-0.09882013873287211,2024,67274,23878,-0.9838590217990572,0.17894531350276394,0.9863095963064168,-0.16490415468954392,43396,12.054444444444444
2024-09-25,31.3,-1.0,-1.8369701987210297e-16,-0.99665890175417,-0.08167639533042288,2024,2024-09-25,79.4,10.2,19.4,0.0,157.2,10.1,0.0,6.0,14.0,19.1,1012.1,57.6,199.5,10.1,0.0,59.5,14.0,0.0,13.7,19.1,['none'],31.4,-1.0,-1.8369701987210297e-16,-0.99665890175417,-0.08167639533042288,2024,67144,23967,-0.9855067555880787,0.16963618331670569,0.9852216424849652,-0.17128431095470267,43177,11.993611111111111
2024-09-26,15.9,-1.0,-1.8369701987210297e-16,-0.9979171608653922,-0.06450844944931625,2024,2024-09-26,75.7,11.5,36.5,0.045,91.0,12.3,12.5,5.0,15.9,18.8,1004.8,72.5,178.5,12.3,0.0,93.6,15.9,0.0,7.9,18.8,['rain'],28.9,-1.0,-1.8369701987210297e-16,-0.9979171608653922,-0.06450844944931625,2024,67014,24055,-0.9870664097783656,0.16031189190839115,0.9841053346926472,-0.177585726423812,42959,11.933055555555555
2024-09-27,13.5,-1.0,-1.8369701987210297e-16,-0.9988797155850335,-0.04732138832243232,2024,2024-09-27,82.9,12.3,25.1,5.928,65.0,12.3,50.0,2.0,15.2,17.5,1006.1,59.2,211.2,12.3,0.0,94.1,15.2,0.0,5.7,17.5,['rain'],27.2,-1.0,-1.8369701987210297e-16,-0.9988797155850335,-0.04732138832243232,2024,66885,24144,-0.9885268632757934,0.1510451607371811,0.9829353491495543,-0.18395135061272014,42741,11.8725
2024-09-28,13.4,-1.0,-1.8369701987210297e-16,-0.9995462806873573,-0.03012030484690836,2024,2024-09-28,80.1,8.4,18.1,1.097,106.4,9.7,16.67,5.0,11.8,14.9,1013.7,54.0,243.4,7.2,0.0,72.9,11.6,0.0,9.1,14.9,['rain'],33.2,-1.0,-1.8369701987210297e-16,-0.9995462806873573,-0.03012030484690836,2024,66755,24234,-0.9899106280723738,0.14169314884410739,0.981710346131336,-0.19038066156701003,42521,11.811388888888889
2024-09-29,15.5,-1.0,-1.8369701987210297e-16,-0.9999166586547379,-0.012910296075008843,2024,2024-09-29,75.0,3.5,17.4,0.344,126.9,4.7,8.33,5.0,7.9,11.0,1025.8,50.4,359.5,2.8,0.0,57.9,5.9,0.0,10.7,11.0,['rain'],28.7,-1.0,-1.8369701987210297e-16,-0.9999166586547379,-0.012910296075008843,2024,66626,24323,-0.9911962938553058,0.13240055531419126,0.9804575991487473,-0.19673051687898924,42303,11.750833333333333
2024-09-30,26.6,-1.0,-1.8369701987210297e-16,-0.9999907397361901,0.004303538296243821,2024,2024-09-30,77.1,2.8,11.5,0.0,140.8,2.1,0.0,5.0,6.9,12.5,1024.0,46.8,51.4,-0.8,0.0,46.2,5.5,0.0,12.2,12.5,['none'],32.5,-1.0,-1.8369701987210297e-16,-0.9999907397361901,0.004303538296243821,2024,66497,24413,-0.9923947291794132,0.1230963098428187,0.9791490103493236,-0.2031433374047502,42084,11.69
2023-10-01,20.1,-0.8660254037844386,0.5000000000000001,-0.9999907397361901,0.004303538296243821,2023,2023-10-01,82.8,7.9,13.4,0.0,127.0,6.1,0.0,6.0,11.0,16.4,1025.9,54.0,302.5,4.0,0.0,69.8,10.2,0.0,10.9,16.4,['none'],27.1,-0.8660254037844386,0.5000000000000001,-0.9999907397361901,0.004303538296243821,2023,66466,24433,-0.9926697134528445,0.12085876051593307,0.9788525148007796,-0.2045672365462989,42033,11.675833333333333
2023-10-02,26.1,-0.8660254037844386,0.5000000000000001,-0.9997685019798909,0.021516097436222233,2023,2023-10-02,72.1,10.0,16.4,0.019,158.9,11.9,4.17,6.0,15.3,20.9,1024.3,24.8,248.8,11.9,0.0,68.6,15.3,0.0,13.6,20.9,['rain'],34.0,-0.8660254037844386,0.5000000000000001,-0.9997685019798909,0.021516097436222233,2023,66337,24523,-0.9937598102833315,0.1115412007539682,0.9774926695355016,-0.21096938404507548,41814,11.615
2023-10-03,32.3,-0.8660254037844386,0.5000000000000001,-0.9992500112396835,0.03872228089217399,2023,2023-10-03,68.8,11.0,33.9,0.0,167.4,11.8,0.0,6.0,17.0,22.2,1018.6,72.0,196.2,11.8,0.0,46.7,17.0,0.0,14.6,22.2,['none'],31.5,-0.8660254037844386,0.5000000000000001,-0.9992500112396835,0.03872228089217399,2023,66209,24613,-0.994755015222648,0.10228616567937945,0.9760909517376088,-0.21736249431760082,41596,11.554444444444444
2023-10-04,29.8,-0.8660254037844386,0.5000000000000001,-0.9984354211555643,0.05591699010060302,2023,2023-10-04,74.1,7.9,22.3,2.308,171.3,7.9,16.67,6.0,12.6,17.4,1025.7,56.0,285.6,6.2,0.0,53.4,12.3,0.0,14.8,17.4,['rain'],34.9,-0.8660254037844386,0.5000000000000001,-0.9984354211555643,0.05591699010060302,2023,66082,24704,-0.9956572611093777,0.09309467439210749,0.9746311475852026,-0.2238171712732313,41378,11.49388888888889
2023-10-05,27.4,-0.8660254037844386,0.5000000000000001,-0.9973249731081555,0.07309512989807776,2023,2023-10-05,75.2,6.1,23.4,0.0,140.8,5.9,0.0,6.0,10.7,17.7,1025.2,50.4,246.2,3.3,0.0,59.6,9.6,0.0,12.0,17.7,['none'],32.3,-0.8660254037844386,0.5000000000000001,-0.9973249731081555,0.07309512989807776,2023,65955,24794,-0.9964745798614131,0.08389524235628745,0.973145403105922,-0.23019127788387747,41161,11.43361111111111
2023-10-06,27.0,-0.8660254037844386,0.5000000000000001,-0.9959189961471792,0.0902516100310407,2023,2023-10-06,76.4,7.2,19.3,0.019,137.0,7.5,4.17,6.0,11.4,16.2,1025.9,56.7,241.4,6.0,0.0,63.5,10.9,0.0,11.8,16.2,['rain'],31.3,-0.8660254037844386,0.5000000000000001,-0.9959189961471792,0.0902516100310407,2023,65828,24885,-0.9972069017634594,0.07468865426102107,0.9716007669441208,-0.23662618129360985,40943,11.373055555555556
2023-10-07,22.7,-0.8660254037844386,0.5000000000000001,-0.994217906893952,0.10738134666416306,2023,2023-10-07,68.1,7.9,27.7,0.027,144.3,9.7,8.33,6.0,13.8,18.8,1019.5,61.2,233.8,7.2,0.0,74.7,13.5,0.0,12.5,18.8,['rain'],37.2,-0.8660254037844386,0.5000000000000001,-0.994217906893952,0.10738134666416306,2023,65702,24976,-0.997849400184738,0.06554826123520391,0.9700135806122376,-0.24305072192409954,40726,11.312777777777777
2023-10-08,13.8,-0.8660254037844386,0.5000000000000001,-0.9922222094179324,0.12447926388678869,2023,2023-10-08,72.2,5.1,24.8,3.8,83.7,3.7,29.17,6.0,10.0,15.1,1021.2,66.2,318.9,0.8,0.0,71.8,8.8,0.0,7.1,15.1,['rain'],33.8,-0.8660254037844386,0.5000000000000001,-0.9922222094179324,0.12447926388678869,2023,65576,25068,-0.9984081195806053,0.056402364804321134,0.9683657694796988,-0.24953504062554213,40508,11.252222222222223
2023-10-09,1.0,-0.8660254037844386,0.5000000000000001,-0.989932495087353,0.141540295217043,2023,2023-10-09,88.1,4.2,20.9,6.112,10.3,3.8,75.0,0.0,6.1,8.3,1021.9,64.8,292.1,1.2,0.0,97.9,3.6,0.0,1.0,7.2,['rain'],17.8,-0.8660254037844386,0.5000000000000001,-0.989932495087353,0.141540295217043,2023,65451,25160,-0.9988795741569371,0.04732437355164977,0.966674612677614,-0.2560081897217059,40291,11.191944444444445
2023-10-10,8.0,-0.8660254037844386,0.5000000000000001,-0.9873494423939864,0.15855938510313475,2023,2023-10-10,91.7,9.8,15.2,0.31,76.0,8.1,33.33,4.0,11.2,14.9,1020.7,46.8,269.4,6.8,0.0,92.3,10.6,0.0,6.5,14.9,['rain'],9.1,-0.8660254037844386,0.5000000000000001,-0.9873494423939864,0.15855938510313475,2023,65326,25252,-0.9992684891219139,0.03824247178213459,0.9649401859049873,-0.2624698794636225,40074,11.131666666666666
2023-10-11,25.1,-0.8660254037844386,0.5000000000000001,-0.9844738167520923,0.17553149042142777,2023,2023-10-11,82.6,11.8,29.7,0.06,133.6,12.0,12.5,6.0,14.9,18.7,1019.6,79.2,206.9,12.0,0.0,68.8,14.9,0.0,11.6,18.7,['rain'],20.4,-0.8660254037844386,0.5000000000000001,-0.9844738167520923,0.17553149042142777,2023,65203,25344,-0.9995705809927818,0.029302791910540898,0.9631625667976581,-0.2689198206152658,39859,11.071944444444444
2023-10-12,24.4,-0.8660254037844386,0.5000000000000001,-0.9813064702716093,0.19245158197082995,2023,2023-10-12,79.5,11.9,22.3,0.623,115.1,12.5,20.83,6.0,15.6,20.8,1016.7,57.6,223.0,12.5,0.0,69.9,15.6,0.0,9.9,20.8,['rain'],20.9,-0.8660254037844386,0.5000000000000001,-0.9813064702716093,0.19245158197082995,2023,65079,25437,-0.9997941761184866,0.02028806051737348,0.9613218078040155,-0.27542763448938706,39642,11.011666666666667
2023-10-13,16.7,-0.8660254037844386,0.5000000000000001,-0.9778483415056567,0.20931464596304888,2023,2023-10-13,81.9,12.7,20.1,4.091,103.4,13.1,29.17,4.0,15.9,19.2,1016.5,61.2,206.6,13.1,0.0,76.0,15.9,0.0,9.1,19.2,['rain'],21.6,-0.8660254037844386,0.5000000000000001,-0.9778483415056567,0.20931464596304888,2023,64957,25529,-0.999934822628337,0.011417114137831584,0.9594575773883663,-0.28185307731519826,39428,10.952222222222222
2023-10-14,23.5,-0.8660254037844386,0.5000000000000001,-0.9741004551724206,0.22611568550828803,2023,2023-10-14,77.8,11.4,27.5,5.502,95.3,10.9,20.83,4.0,15.5,19.7,1010.3,77.9,214.3,10.9,0.0,77.1,15.5,0.0,8.2,19.7,['rain'],20.3,-0.8660254037844386,0.5000000000000001,-0.9741004551724206,0.22611568550828803,2023,64835,25623,-0.9999967607974151,0.0025452690776076206,0.9575084633446679,-0.28840517093722984,39212,10.892222222222221
2023-10-15,21.3,-0.8660254037844386,0.5000000000000001,-0.970063921851507,0.2428497220959358,2023,2023-10-15,75.8,3.6,16.7,1.568,98.3,4.5,33.33,4.0,7.8,10.1,1015.9,52.1,308.2,1.9,0.0,63.2,5.8,0.0,8.5,10.1,['rain'],29.9,-0.8660254037844386,0.5000000000000001,-0.970063921851507,0.2428497220959358,2023,64714,25716,-0.999980443202315,-0.006254055716227165,0.9555360523014723,-0.29487429991797864,38998,10.832777777777778
2023-10-16,15.3,-0.8660254037844386,0.5000000000000001,-0.965739937654855,0.25951179706979943,2023,2023-10-16,78.5,0.6,18.5,0.017,91.6,1.6,4.17,6.0,4.2,7.5,1022.1,46.8,261.0,-1.9,0.0,56.3,1.1,0.0,7.9,4.8,['rain'],29.6,-0.8660254037844386,0.5000000000000001,-0.965739937654855,0.25951179706979943,2023,64594,25810,-0.9998877907719328,-0.014980182416233149,0.9534980191526743,-0.301399282467504,38784,10.773333333333333
2023-10-17,23.6,-0.8660254037844386,0.5000000000000001,-0.9611297838723007,0.27609697309746883,2023,2023-10-17,78.8,0.0,7.8,0.008,95.3,0.0,4.17,5.0,3.6,9.0,1022.7,14.4,38.2,-2.3,0.0,63.9,2.5,0.0,8.1,8.5,"['rain', 'snow']",30.3,-0.8660254037844386,0.5000000000000001,-0.9611297838723007,0.27609697309746883,2023,64475,25904,-0.9997207142600404,-0.023632466637970438,0.9514154300174541,-0.30791018093707606,38571,10.714166666666667
2023-10-18,29.3,-0.8660254037844386,0.5000000000000001,-0.9562348265919058,0.2926003356333479,2023,2023-10-18,76.2,-0.1,17.9,0.0,136.1,-1.1,0.0,5.0,4.1,11.1,1017.7,54.0,188.2,-3.9,0.0,39.8,2.1,0.0,11.8,11.1,['none'],27.7,-0.8660254037844386,0.5000000000000001,-0.9562348265919058,0.2926003356333479,2023,64356,25998,-0.9994787687270248,-0.03228298102577443,0.9492883822130702,-0.3144066910790735,38358,10.655
2023-10-19,3.8,-0.8660254037844386,0.5000000000000001,-0.9510565162951536,0.30901699437494723,2023,2023-10-19,86.3,5.3,22.0,0.942,37.0,2.5,25.0,1.0,7.4,11.2,1003.7,82.8,172.5,-1.9,0.0,92.5,5.3,0.0,3.2,11.2,['rain'],13.7,-0.8660254037844386,0.5000000000000001,-0.9510565162951536,0.30901699437494723,2023,64239,26093,-0.9991679149079626,-0.0407857550926105,0.947093636958983,-0.32095738475973123,38146,10.596111111111112
2023-10-20,8.8,-0.8660254037844386,0.5000000000000001,-0.9455963874271428,0.3253420847119795,2023,2023-10-20,78.8,11.4,33.1,0.121,54.6,10.0,12.5,3.0,15.4,20.9,991.2,68.4,180.4,10.0,0.0,93.9,15.4,0.0,4.9,20.9,['rain'],15.6,-0.8660254037844386,0.5000000000000001,-0.9455963874271428,0.3253420847119795,2023,64122,26188,-0.9987847275297711,-0.04928557652377482,0.9448536883515212,-0.32749275962763896,37934,10.537222222222223
2023-10-21,16.0,-0.8660254037844386,0.5000000000000001,-0.9398560579418953,0.341570769167856,2023,2023-10-21,71.1,12.1,32.7,0.057,88.0,14.3,4.17,6.0,17.6,20.6,999.0,75.6,192.1,14.3,0.0,82.4,17.6,0.0,7.6,20.6,['rain'],30.7,-0.8660254037844386,0.5000000000000001,-0.9398560579418953,0.341570769167856,2023,64007,26284,-0.9983376277999968,-0.05763662827295707,0.9425443507329726,-0.33408104840196956,37723,10.47861111111111
2023-10-22,3.0,-0.8660254037844386,0.5000000000000001,-0.9338372288229252,0.35769823883312546,2023,2023-10-22,89.8,10.6,23.3,14.163,31.7,7.8,62.5,3.0,12.3,13.9,1008.2,50.4,246.2,5.7,0.0,79.3,11.9,0.0,2.8,13.9,['rain'],22.5,-0.8660254037844386,0.5000000000000001,-0.9338372288229252,0.35769823883312546,2023,63892,26379,-0.9978207043729874,-0.06598364891846423,0.9402138453355885,-0.34058468115766166,37513,10.420277777777779
2023-10-23,21.6,-0.8660254037844386,0.5000000000000001,-0.9275416835791965,0.3737197147904692,2023,2023-10-23,83.6,6.5,15.6,0.0,103.5,6.0,0.0,4.0,9.4,15.1,1016.6,54.0,242.3,3.4,0.0,69.1,8.2,0.0,8.9,15.1,['none'],29.9,-0.8660254037844386,0.5000000000000001,-0.9275416835791965,0.3737197147904692,2023,63779,26475,-0.9972447931410232,-0.07418101207935733,0.9378132226747398,-0.3471402589392636,37304,10.362222222222222
2023-10-24,13.8,-0.8660254037844386,0.5000000000000001,-0.9209712877166347,0.38963044953078774,2023,2023-10-24,88.7,8.8,20.7,2.378,69.8,6.9,20.83,4.0,10.7,14.8,1008.7,72.0,153.7,4.3,0.0,87.8,9.6,0.0,6.1,14.8,['rain'],20.3,-0.8660254037844386,0.5000000000000001,-0.9209712877166347,0.38963044953078774,2023,63667,26571,-0.9966075272522774,-0.08230089078558774,0.9353668923204749,-0.35367891759438697,37096,10.304444444444444
2023-10-25,10.4,-0.8660254037844386,0.5000000000000001,-0.9141279881853337,0.4054257283599973,2023,2023-10-25,85.9,9.2,18.4,5.456,50.4,7.8,50.0,2.0,11.6,14.0,1001.6,57.6,240.0,5.2,0.0,68.2,11.2,0.0,4.4,14.0,['rain'],21.1,-0.8660254037844386,0.5000000000000001,-0.9141279881853337,0.4054257283599973,2023,63556,26668,-0.9959107204306471,-0.0903428853386333,0.9328487765289519,-0.3602681780680019,36888,10.246666666666666
2023-10-26,12.5,-0.8660254037844386,0.5000000000000001,-0.9070138128026362,0.42110087079608916,2023,2023-10-26,83.8,7.8,22.6,1.348,50.8,7.9,37.5,3.0,10.5,12.9,998.3,64.8,216.6,5.2,0.0,85.5,9.7,0.0,4.5,12.9,['rain'],29.6,-0.8660254037844386,0.5000000000000001,-0.9070138128026362,0.42110087079608916,2023,63446,26764,-0.9951561725379797,-0.09830662368100494,0.9303109177341295,-0.36677185871421725,36682,10.189444444444444
2023-10-27,0.8,-0.8660254037844386,0.5000000000000001,-0.8996308696522434,0.4366512319560638,2023,2023-10-27,93.9,8.0,19.8,23.057,12.0,8.5,58.33,1.0,9.0,9.5,994.6,55.8,291.4,5.5,0.0,94.3,7.0,0.0,1.0,8.6,['rain'],14.0,-0.8660254037844386,0.5000000000000001,-0.8996308696522434,0.4366512319560638,2023,63337,26861,-0.9943456692452604,-0.10619176075946432,0.9277005703812605,-0.37332512869385576,36476,10.132222222222222
2023-10-28,13.7,-0.8660254037844386,0.5000000000000001,-0.8919813464595487,0.45207220393230374,2023,2023-10-28,84.0,6.4,24.9,0.115,61.3,6.6,16.67,5.0,9.0,11.1,1004.4,57.6,222.6,3.6,0.0,78.1,7.1,0.0,5.3,11.1,['rain'],28.2,-0.8660254037844386,0.5000000000000001,-0.8919813464595487,0.45207220393230374,2023,63230,26958,-0.9934892692586023,-0.11392572961367602,0.9250440613338318,-0.379859822291079,36272,10.075555555555555
2023-10-29,21.8,-0.8660254037844386,0.5000000000000001,-0.8840675099433637,0.46735921715800205,2023,2023-10-29,81.6,7.6,26.1,0.0,71.4,7.2,0.0,4.0,10.7,14.3,1008.5,72.0,185.1,4.8,0.0,77.3,9.8,0.0,6.4,14.3,['none'],26.7,-0.8660254037844386,0.5000000000000001,-0.8840675099433637,0.46735921715800205,2023,59524,23456,-0.9272927839788925,-0.3743368707203112,0.990905082010344,-0.1345626933665991,36068,10.018888888888888
2023-10-30,10.7,-0.8660254037844386,0.5000000000000001,-0.8758917051442433,0.48250774176121763,2023,2023-10-30,83.9,9.7,31.0,0.0,66.7,8.8,0.0,4.0,12.4,16.1,1008.0,65.1,182.7,6.8,0.0,90.4,11.9,0.0,5.9,16.1,['none'],22.7,-0.8660254037844386,0.5000000000000001,-0.8758917051442433,0.48250774176121763,2023,59420,23553,-0.9244351456190543,-0.38133929976371156,0.9899312260351465,-0.1415491706812575,35867,9.963055555555556
2023-10-31,1.7,-0.8660254037844386,0.5000000000000001,-0.8674563547295971,0.4975132889071803,2023,2023-10-31,77.9,8.1,41.9,8.331,15.0,7.8,66.67,1.0,12.1,16.2,1002.7,75.7,203.2,5.1,0.0,96.1,11.3,0.0,1.3,16.2,['rain'],23.1,-0.8660254037844386,0.5000000000000001,-0.8674563547295971,0.4975132889071803,2023,59317,23651,-0.9215528664520924,-0.3882528999684767,0.9888973078941271,-0.14860051964831097,35666,9.907222222222222
2024-10-01,27.2,-0.8660254037844386,0.5000000000000001,-0.9997685019798909,0.021516097436222233,2024,2024-10-01,75.2,4.0,21.7,0.021,154.5,2.7,4.17,5.0,8.5,15.0,1016.5,68.4,190.4,1.1,0.0,53.8,7.6,0.0,13.3,15.0,['rain'],35.9,-0.8660254037844386,0.5000000000000001,-0.9997685019798909,0.021516097436222233,2024,66369,24502,-0.9934975515444147,0.11385348073402522,0.9778137142006246,-0.20947634788008698,41867,11.629722222222222
2024-10-02,3.9,-0.8660254037844386,0.5000000000000001,-0.9992500112396835,0.03872228089217399,2024,2024-10-02,87.1,6.6,25.5,7.66,24.2,7.3,66.67,1.0,8.6,9.6,1009.6,79.2,168.7,4.6,0.0,92.6,6.1,0.0,2.0,7.1,['rain'],20.2,-0.8660254037844386,0.5000000000000001,-0.9992500112396835,0.03872228089217399,2024,66241,24592,-0.9945142912141585,0.10460078666434601,0.9764217613555722,-0.21587159134838013,41649,11.569166666666666
2024-10-03,9.3,-0.8660254037844386,0.5000000000000001,-0.9984354211555643,0.05591699010060302,2024,2024-10-03,90.6,7.4,12.7,1.139,56.4,7.8,54.17,3.0,8.9,10.3,1011.6,25.9,336.2,5.9,0.0,97.2,7.6,0.0,5.1,10.3,['rain'],13.9,-0.8660254037844386,0.5000000000000001,-0.9984354211555643,0.05591699010060302,2024,66113,24683,-0.9954448600921101,0.0953390293437024,0.9749718162460715,-0.2223284901352874,41430,11.508333333333333
2024-10-04,2.5,-0.8660254037844386,0.5000000000000001,-0.9973249731081555,0.07309512989807776,2024,2024-10-04,92.8,7.0,22.4,6.125,0.6,7.7,87.5,0.0,8.1,8.8,1012.5,53.1,27.9,4.8,0.0,99.4,5.2,0.0,0.0,5.7,['rain'],8.9,-0.8660254037844386,0.5000000000000001,-0.9973249731081555,0.07309512989807776,2024,65986,24773,-0.9962829157985411,0.08614146323320145,0.9734958077959361,-0.22870485828625878,41213,11.448055555555555
2024-10-05,1.7,-0.8660254037844386,0.5000000000000001,-0.9959189961471792,0.0902516100310407,2024,2024-10-05,94.6,7.8,18.1,3.808,34.8,7.8,91.67,1.0,8.7,9.6,1013.9,54.0,22.4,5.2,0.0,99.3,6.3,0.0,3.1,7.6,['rain'],12.4,-0.8660254037844386,0.5000000000000001,-0.9959189961471792,0.0902516100310407,2024,65859,24864,-0.9970359910034597,0.07693654946609564,0.9719610005785463,-0.23514211310258984,40995,11.3875
2024-10-06,5.0,-0.8660254037844386,0.5000000000000001,-0.994217906893952,0.10738134666416306,2024,2024-10-06,91.5,6.9,12.9,0.076,62.9,5.9,16.67,3.0,8.2,10.1,1013.4,26.3,20.8,5.0,0.0,89.0,7.0,0.0,5.6,10.1,['rain'],16.4,-0.8660254037844386,0.5000000000000001,-0.994217906893952,0.10738134666416306,2024,65733,24955,-0.9976990937269095,0.06779762810381737,0.9703836274150449,-0.2415690701327868,40778,11.327222222222222
2024-10-07,31.4,-0.8660254037844386,0.5000000000000001,-0.9922222094179324,0.12447926388678869,2024,2024-10-07,87.7,6.9,21.7,0.0,151.8,5.2,0.0,6.0,9.0,14.5,1012.3,61.2,215.3,3.4,0.0,57.6,8.1,0.0,13.2,14.5,['none'],20.8,-0.8660254037844386,0.5000000000000001,-0.9922222094179324,0.12447926388678869,2024,65607,25047,-0.9982784300446162,0.05865301448055594,0.9687457208124116,-0.2480558977481507,40560,11.266666666666667
2024-10-08,22.8,-0.8660254037844386,0.5000000000000001,-0.989932495087353,0.141540295217043,2024,2024-10-08,81.6,10.0,40.2,0.0,74.8,8.0,0.0,3.0,13.2,17.1,1008.5,80.6,181.1,5.5,0.0,62.5,12.3,0.0,6.3,17.1,['none'],23.3,-0.8660254037844386,0.5000000000000001,-0.989932495087353,0.141540295217043,2024,65482,25138,-0.9987703486803463,0.04957610913473772,0.9670829590376919,-0.25446129438266607,40344,11.206666666666667
2024-10-09,7.1,-0.8660254037844386,0.5000000000000001,-0.9873494423939864,0.15855938510313475,2024,2024-10-09,82.1,11.8,37.9,0.635,51.9,13.1,33.33,3.0,14.9,17.0,1002.2,73.4,190.7,13.1,0.0,88.4,14.9,0.0,4.3,17.0,['rain'],21.6,-0.8660254037844386,0.5000000000000001,-0.9873494423939864,0.15855938510313475,2024,65357,25230,-0.9991797367302625,0.04049510720622191,0.9653588724418489,-0.2609257507372586,40127,11.14638888888889
2024-10-10,18.1,-0.8660254037844386,0.5000000000000001,-0.9844738167520923,0.17553149042142777,2024,2024-10-10,82.4,11.0,28.6,5.11,85.0,11.0,41.67,5.0,14.1,16.9,998.6,76.5,201.9,11.0,0.0,79.6,14.1,0.0,7.3,16.9,['rain'],24.2,-0.8660254037844386,0.5000000000000001,-0.9844738167520923,0.17553149042142777,2024,65233,25322,-0.9995042734679297,0.031483445163229984,0.9635915747701946,-0.26737852761935893,39911,11.086388888888889
2024-10-11,11.5,-0.8660254037844386,0.5000000000000001,-0.9813064702716093,0.19245158197082995,2024,2024-10-11,86.1,7.6,15.1,4.497,81.3,7.6,79.17,4.0,9.8,11.0,1012.0,54.0,351.3,5.2,0.0,95.9,8.9,0.0,6.9,11.0,['rain'],19.9,-0.8660254037844386,0.5000000000000001,-0.9813064702716093,0.19245158197082995,2024,65110,25415,-0.9997458984873265,0.022541926664953343,0.9617612298827041,-0.2738892781663943,39695,11.026388888888889
2024-10-12,24.7,-0.8660254037844386,0.5000000000000001,-0.9778483415056567,0.20931464596304888,2024,2024-10-12,81.2,4.9,15.5,0.034,146.0,5.6,8.33,6.0,8.0,11.9,1020.5,57.6,56.3,3.7,0.0,73.2,6.3,0.0,12.6,11.9,['rain'],24.8,-0.8660254037844386,0.5000000000000001,-0.9778483415056567,0.20931464596304888,2024,64987,25508,-0.9999075347014609,0.013598604606607995,0.9598868940028077,-0.2803875010082345,39479,10.966388888888888
2024-10-13,6.6,-0.8660254037844386,0.5000000000000001,-0.9741004551724206,0.22611568550828803,2024,2024-10-13,82.2,5.7,29.7,3.124,37.1,6.0,33.33,2.0,8.6,10.6,1014.0,71.1,209.8,2.2,0.0,79.0,6.0,0.0,3.2,10.6,['rain'],25.1,-0.8660254037844386,0.5000000000000001,-0.9741004551724206,0.22611568550828803,2024,64865,25601,-0.9999888280711614,0.004726915787816639,0.9579686528626943,-0.28687289891593926,39264,10.906666666666666
2024-10-14,24.7,-0.8660254037844386,0.5000000000000001,-0.970063921851507,0.2428497220959358,2024,2024-10-14,76.6,2.8,20.8,0.0,123.3,3.9,0.0,6.0,6.8,10.5,1019.9,60.8,230.2,0.1,0.0,68.2,4.2,0.0,10.7,10.5,['none'],34.1,-0.8660254037844386,0.5000000000000001,-0.970063921851507,0.2428497220959358,2024,64744,25694,-0.9999917076483663,-0.004072423664626648,0.9560065942027811,-0.29334517524718035,39050,10.847222222222221
2024-10-15,17.9,-0.8660254037844386,0.5000000000000001,-0.965739937654855,0.25951179706979943,2024,2024-10-15,85.8,4.0,14.0,3.585,89.6,3.5,37.5,5.0,6.3,9.0,1023.6,43.2,21.3,1.5,0.0,68.7,4.4,0.0,7.8,7.7,['rain'],22.9,-0.8660254037844386,0.5000000000000001,-0.965739937654855,0.25951179706979943,2024,64624,25788,-0.9999180928786112,-0.012798731734085488,0.9539790028805069,-0.29987341006350304,38836,10.787777777777778
2024-10-16,29.9,-0.8660254037844386,0.5000000000000001,-0.9611297838723007,0.27609697309746883,2024,2024-10-16,83.9,3.0,15.2,0.0,143.1,1.2,0.0,5.0,5.8,12.6,1028.4,57.6,112.2,-1.6,0.0,41.1,3.7,0.0,12.3,12.6,['none'],23.8,-0.8660254037844386,0.5000000000000001,-0.9611297838723007,0.27609697309746883,2024,64504,25882,-0.999768330474743,-0.02152406513056958,0.9519068330959332,-0.3063876321023277,38622,10.728333333333333
2024-10-17,25.4,-0.8660254037844386,0.5000000000000001,-0.9562348265919058,0.2926003356333479,2024,2024-10-17,64.7,1.9,25.1,0.0,123.7,3.9,0.0,5.0,8.5,14.4,1025.5,75.6,160.1,0.1,0.0,51.1,6.5,0.0,10.8,14.4,['none'],36.6,-0.8660254037844386,0.5000000000000001,-0.9562348265919058,0.2926003356333479,2024,64385,25976,-0.9995446288778443,-0.030175070529371222,0.9497901816794327,-0.3128875369607266,38409,10.669166666666667
2024-10-18,26.8,-0.8660254037844386,0.5000000000000001,-0.9510565162951536,0.30901699437494723,2024,2024-10-18,58.0,2.3,23.2,0.0,128.5,6.9,0.0,5.0,10.6,16.0,1022.4,75.6,160.1,3.3,0.0,33.0,8.9,0.0,11.0,16.0,['none'],42.0,-0.8660254037844386,0.5000000000000001,-0.9510565162951536,0.30901699437494723,2024,64268,26071,-0.9992517075729684,-0.03867848125905113,0.947605919587271,-0.3194417335965393,38197,10.610277777777778
2024-10-19,24.0,-0.8660254037844386,0.5000000000000001,-0.9455963874271428,0.3253420847119795,2024,2024-10-19,56.5,1.0,19.1,0.0,121.5,6.0,0.0,5.0,9.5,15.6,1023.8,64.8,165.5,3.0,0.0,63.5,7.9,0.0,10.4,15.6,['none'],38.7,-0.8660254037844386,0.5000000000000001,-0.9455963874271428,0.3253420847119795,2024,64151,26166,-0.998886446642894,-0.047179091906613256,0.9453764296912563,-0.3259806837593495,37985,10.551388888888889
2024-10-20,26.2,-0.8660254037844386,0.5000000000000001,-0.9398560579418953,0.341570769167856,2024,2024-10-20,64.1,1.5,23.2,0.0,121.5,3.9,0.0,5.0,8.2,14.7,1028.5,61.2,203.4,0.7,0.0,75.3,6.2,0.0,10.6,14.7,['none'],38.5,-0.8660254037844386,0.5000000000000001,-0.9398560579418953,0.341570769167856,2024,64035,26261,-0.99845291878395,-0.055603677682424676,0.9431018184015846,-0.33250407535491144,37774,10.492777777777778
2024-10-21,25.9,-0.8660254037844386,0.5000000000000001,-0.9338372288229252,0.35769823883312546,2024,2024-10-21,69.0,3.5,24.2,0.0,123.2,4.8,0.0,5.0,9.1,14.7,1030.4,60.8,207.9,1.1,0.0,44.3,7.1,0.0,10.7,14.7,['none'],34.1,-0.8660254037844386,0.5000000000000001,-0.9338372288229252,0.35769823883312546,2024,63920,26357,-0.9979529927660074,-0.06395173359158599,0.9407575381753436,-0.33908001174688385,37563,10.434166666666666
2024-10-22,27.1,-0.8660254037844386,0.5000000000000001,-0.9275416835791965,0.3737197147904692,2024,2024-10-22,77.7,4.9,22.5,0.0,66.8,5.2,0.0,2.0,8.6,12.5,1029.3,57.6,228.4,1.5,0.0,52.8,6.7,0.0,5.7,12.5,['none'],22.5,-0.8660254037844386,0.5000000000000001,-0.9275416835791965,0.3737197147904692,2024,63807,26453,-0.9973937743304241,-0.07215025243830475,0.938367406753903,-0.34563942185745444,37354,10.376111111111111
2024-10-23,4.4,-0.8660254037844386,0.5000000000000001,-0.9209712877166347,0.38963044953078774,2024,2024-10-23,85.4,6.8,15.6,0.431,53.1,6.6,33.33,2.0,9.2,11.2,1034.4,43.2,32.3,4.9,0.0,89.8,7.9,0.0,4.5,11.2,['rain'],16.9,-0.8660254037844386,0.5000000000000001,-0.9209712877166347,0.38963044953078774,2024,63694,26549,-0.9967672034526469,-0.08034389909127872,0.9359315406288959,-0.35218198599022815,37145,10.318055555555556
2024-10-24,23.1,-0.8660254037844386,0.5000000000000001,-0.9141279881853337,0.4054257283599973,2024,2024-10-24,78.7,4.9,10.9,0.0,111.2,5.1,0.0,4.0,8.5,14.1,1033.3,50.4,59.3,3.2,0.0,35.1,7.5,0.0,9.6,14.1,['none'],21.2,-0.8660254037844386,0.5000000000000001,-0.9141279881853337,0.4054257283599973,2024,63583,26645,-0.9960861883834546,-0.08838724631823792,0.9334500585210012,-0.3587073852698596,36938,10.260555555555555
2024-10-25,21.4,-0.8660254037844386,0.5000000000000001,-0.9070138128026362,0.42110087079608916,2024,2024-10-25,73.7,5.4,23.2,0.0,65.4,5.4,0.0,3.0,10.1,15.0,1026.6,68.4,181.3,2.4,0.0,61.3,8.9,0.0,5.8,15.0,['none'],27.0,-0.8660254037844386,0.5000000000000001,-0.9070138128026362,0.42110087079608916,2024,63473,26742,-0.9953472786989187,-0.09635245085962844,0.9308965197063681,-0.3652829993287004,36731,10.203055555555556
2024-10-26,5.0,-0.8660254037844386,0.5000000000000001,-0.8996308696522434,0.4366512319560638,2024,2024-10-26,84.2,8.4,14.3,0.0,33.7,8.7,0.0,2.0,11.0,13.2,1023.4,57.6,203.4,7.0,0.0,97.0,10.4,0.0,3.1,13.2,['none'],15.0,-0.8660254037844386,0.5000000000000001,-0.8996308696522434,0.4366512319560638,2024,63364,26838,-0.9945522593890719,-0.10423916415672341,0.9283236987140987,-0.3717729285542121,36526,10.14611111111111
2024-10-27,20.9,-0.8660254037844386,0.5000000000000001,-0.8919813464595487,0.45207220393230374,2024,2024-10-27,85.2,9.9,21.8,0.0,105.0,10.3,0.0,4.0,12.4,16.5,1021.1,75.6,253.2,10.3,0.0,74.5,12.4,0.0,9.4,16.5,['none'],12.1,-0.8660254037844386,0.5000000000000001,-0.8919813464595487,0.45207220393230374,2024,59656,23336,-0.9308433816018034,-0.3654183888751626,0.9920416175015444,-0.12591040125787653,36320,10.088888888888889
2024-10-28,6.0,-0.8660254037844386,0.5000000000000001,-0.8840675099433637,0.46735921715800205,2024,2024-10-28,87.0,9.0,13.7,0.057,57.8,9.3,12.5,3.0,11.1,14.6,1026.6,43.2,303.0,7.6,0.0,77.6,10.8,0.0,5.0,14.6,['rain'],18.3,-0.8660254037844386,0.5000000000000001,-0.8840675099433637,0.46735921715800205,2024,59550,23433,-0.9279989121921846,-0.37258290214410295,0.9911287663500933,-0.13290511093762422,36117,10.0325
2024-10-29,6.7,-0.8660254037844386,0.5000000000000001,-0.8758917051442433,0.48250774176121763,2024,2024-10-29,90.0,8.4,15.7,0.0,60.8,8.0,0.0,2.0,10.1,13.2,1026.5,39.6,245.4,5.7,0.0,74.8,9.1,0.0,5.3,13.2,['none'],11.3,-0.8660254037844386,0.5000000000000001,-0.8758917051442433,0.48250774176121763,2024,59445,23530,-0.9251269118761952,-0.37965799994523286,0.9901665973639416,-0.13989320735730457,35915,9.97638888888889
2024-10-30,4.0,-0.8660254037844386,0.5000000000000001,-0.8674563547295971,0.4975132889071803,2024,2024-10-30,93.1,9.3,14.6,0.352,41.5,7.8,16.67,2.0,10.4,13.3,1026.0,43.2,260.9,6.6,0.0,88.3,9.9,0.0,3.7,13.3,['rain'],6.8,-0.8660254037844386,0.5000000000000001,-0.8674563547295971,0.4975132889071803,2024,59342,23628,-0.9222572067455904,-0.38657682885271505,0.9891444748007259,-0.14694627579900166,35714,9.920555555555556
2024-10-31,4.7,-0.8660254037844386,0.5000000000000001,-0.858763958275803,0.5123714121284235,2024,2024-10-31,88.2,8.1,16.6,0.038,38.9,7.8,8.33,2.0,10.0,12.0,1026.8,40.9,299.7,5.5,0.0,94.4,9.3,0.0,3.4,12.0,['rain'],14.4,-0.8660254037844386,0.5000000000000001,-0.858763958275803,0.5123714121284235,2024,59240,23725,-0.9193643698080889,-0.39340711168886555,0.9880833090790507,-0.15392002572567692,35515,9.865277777777777
2023-11-01,18.1,-0.5000000000000004,0.8660254037844384,-0.858763958275803,0.5123714121284235,2023,2023-11-01,84.9,6.0,18.4,0.433,83.8,6.5,16.67,4.0,8.4,11.8,1011.1,61.2,208.0,3.4,0.0,58.5,6.3,0.0,7.3,11.8,['rain'],27.1,-0.5000000000000004,0.8660254037844384,-0.858763958275803,0.5123714121284235,2023,59215,23748,-0.9186476164976746,-0.39507791219345767,0.9878244793179197,-0.15557248490745668,35467,9.851944444444445
2023-11-02,19.4,-0.5000000000000004,0.8660254037844384,-0.8498170915275277,0.5270777086423724,2023,2023-11-02,72.8,6.2,42.4,0.245,63.4,6.2,12.5,5.0,11.1,14.0,999.4,77.1,167.7,3.0,0.0,86.3,10.0,0.0,5.6,14.0,['rain'],31.5,-0.5000000000000004,0.8660254037844384,-0.8498170915275277,0.5270777086423724,2023,59115,23846,-0.9157502629492575,-0.4017480005032578,0.9866906747137851,-0.1626084635953966,35269,9.796944444444444
2023-11-03,1.0,-0.5000000000000004,0.8660254037844384,-0.8406184056344783,0.5416278206559811,2023,2023-11-03,87.4,7.6,36.5,21.124,8.6,4.9,95.83,0.0,9.6,12.4,988.4,90.0,183.1,0.3,0.0,99.7,8.0,0.0,0.9,12.4,['rain'],13.6,-0.5000000000000004,0.8660254037844384,-0.8406184056344783,0.5416278206559811,2023,59016,23944,-0.9128341772330429,-0.4083304603813847,0.9855067555880787,-0.16963618331670602,35072,9.742222222222223
2023-11-04,16.4,-0.5000000000000004,0.8660254037844384,-0.8311706263658079,0.5560174366570446,2023,2023-11-04,84.2,3.2,28.4,0.16,46.8,3.5,12.5,2.0,5.7,7.9,996.2,71.6,190.1,-1.1,0.0,68.5,2.4,0.0,4.2,5.2,['rain'],25.2,-0.5000000000000004,0.8660254037844384,-0.8311706263658079,0.5560174366570446,2023,58920,24042,-0.9099612708765431,-0.41469324265623925,0.984272782072655,-0.176655287129924,34878,9.688333333333333
2023-11-05,5.4,-0.5000000000000004,0.8660254037844384,-0.8214765533024145,0.5702422926917867,2023,2023-11-05,84.3,5.6,33.0,4.647,32.8,6.8,45.83,2.0,8.2,10.5,989.9,68.0,195.9,2.4,0.0,89.3,4.9,0.0,2.8,10.5,['rain'],24.4,-0.5000000000000004,0.8660254037844384,-0.8214765533024145,0.5702422926917867,2023,58824,24140,-0.9070440142914651,-0.4210358133674908,0.9829888168416572,-0.1836654185311949,34684,9.634444444444444
2023-11-06,10.3,-0.5000000000000004,0.8660254037844384,-0.8115390590073611,0.5842981736283683,2023,2023-11-06,75.7,4.2,27.2,0.342,81.5,5.0,33.33,4.0,8.3,10.9,1007.0,56.6,227.5,2.7,0.0,54.9,6.0,0.0,7.1,10.9,['rain'],32.5,-0.5000000000000004,0.8660254037844384,-0.8115390590073611,0.5842981736283683,2023,58731,24238,-0.904175763166974,-0.42716061300337627,0.9816549251083327,-0.19066622147237722,34493,9.581388888888888
2023-11-07,20.0,-0.5000000000000004,0.8660254037844384,-0.801361088174677,0.5981809144059158,2023,2023-11-07,80.8,4.3,16.2,0.1,91.0,4.9,12.5,4.0,7.5,11.6,1015.5,54.0,213.0,2.8,0.0,56.7,5.7,0.0,8.0,11.6,['rain'],39.0,-0.5000000000000004,0.8660254037844384,-0.801361088174677,0.5981809144059158,2023,58639,24336,-0.9012976606116588,-0.4332003312278869,0.9802711746217219,-0.19765734037912594,34303,9.528611111111111
2023-11-08,12.3,-0.5000000000000004,0.8660254037844384,-0.7909456567567774,0.6118864012687242,2023,2023-11-08,82.9,3.4,22.7,0.101,51.1,4.1,20.83,2.0,6.1,7.8,1017.2,50.4,243.1,1.1,0.0,81.8,3.2,0.0,4.3,4.7,['rain'],26.4,-0.5000000000000004,0.8660254037844384,-0.7909456567567774,0.6118864012687242,2023,58549,24434,-0.8984430870203215,-0.43908999007651606,0.9788376356632159,-0.20463842016895387,34115,9.47638888888889
2023-11-09,19.2,-0.5000000000000004,0.8660254037844384,-0.780295851070776,0.6254105729852457,2023,2023-11-09,79.3,2.3,33.0,0.0,71.9,1.7,0.0,3.0,5.8,9.3,1014.2,69.3,186.0,-2.0,0.0,64.4,2.3,0.0,6.2,5.6,['none'],33.8,-0.5000000000000004,0.8660254037844384,-0.780295851070776,0.6254105729852457,2023,58461,24532,-0.8956147345757355,-0.44483058259390723,0.9773543810429884,-0.21160910626926485,33929,9.424722222222222
2023-11-10,2.5,-0.5000000000000004,0.8660254037844384,-0.7694148268839381,0.6387494220515268,2023,2023-11-10,87.5,4.8,27.8,5.207,19.1,5.7,54.17,1.0,6.8,8.6,1006.5,72.0,188.4,2.8,0.0,98.1,3.8,0.0,1.5,6.1,['rain'],13.6,-0.5000000000000004,0.8660254037844384,-0.7694148268839381,0.6387494220515268,2023,58375,24629,-0.8928152239717441,-0.45042310758250903,0.9758373783054337,-0.21849808031645934,33746,9.373888888888889
2023-11-11,7.1,-0.5000000000000004,0.8660254037844384,-0.7583058084785625,0.6518989958787125,2023,2023-11-11,92.2,4.0,16.8,4.496,37.1,3.3,58.33,2.0,5.1,6.4,1003.4,43.2,262.0,-0.2,0.0,96.0,2.9,0.0,3.2,4.5,['rain'],11.5,-0.5000000000000004,0.8660254037844384,-0.7583058084785625,0.6518989958787125,2023,58291,24726,-0.8900471049636417,-0.45586856762211636,0.9742718186213432,-0.2253761820607062,33565,9.323611111111111
2023-11-12,4.4,-0.5000000000000004,0.8660254037844384,-0.7469720876965551,0.6648553979642866,2023,2023-11-12,88.3,1.2,16.9,5.017,54.0,0.9,50.0,4.0,3.0,5.4,1009.8,39.6,245.5,-1.9,0.8,75.5,-0.2,0.0,4.5,2.5,['rain'],20.9,-0.5000000000000004,0.8660254037844384,-0.7469720876965551,0.6648553979642866,2023,58209,24823,-0.8873128569336691,-0.4611679671445211,0.9726577798918093,-0.2322430692527479,33386,9.273888888888889
2023-11-13,8.1,-0.5000000000000004,0.8660254037844384,-0.7354170229639858,0.6776147890466887,2023,2023-11-13,89.7,1.2,21.7,0.86,41.2,-0.4,29.17,2.0,2.8,5.9,1012.5,62.6,207.9,-4.3,0.4,85.2,-0.3,0.0,3.6,3.0,['rain'],17.5,-0.5000000000000004,0.8660254037844384,-0.7354170229639858,0.6776147890466887,2023,58129,24920,-0.8846148894695904,-0.46632231056288137,0.970995342430206,-0.2390984002013542,33209,9.224722222222223
2023-11-14,7.7,-0.5000000000000004,0.8660254037844384,-0.7236440382959124,0.690173388242972,2023,2023-11-14,81.5,5.3,30.0,1.633,46.2,6.6,20.83,3.0,8.3,10.4,1007.0,64.8,228.1,2.4,0.1,88.0,5.3,0.0,4.0,10.4,['rain'],22.5,-0.5000000000000004,0.8660254037844384,-0.7236440382959124,0.690173388242972,2023,58051,25016,-0.8819555429543925,-0.4713326004553714,0.9693024717900143,-0.24587134477561365,33035,9.176388888888889
2023-11-15,2.1,-0.5000000000000004,0.8660254037844384,-0.711656622281775,0.7025274741691566,2023,2023-11-15,88.6,5.1,27.8,5.579,16.9,5.3,91.67,1.0,6.9,8.0,1009.7,56.6,253.2,3.0,0.0,93.1,3.8,0.0,1.4,4.9,['rain'],18.9,-0.5000000000000004,0.8660254037844384,-0.711656622281775,0.7025274741691566,2023,57975,25112,-0.8793370891651969,-0.47619983580265796,0.9675623587148292,-0.2526323059274015,32863,9.12861111111111
2023-11-16,8.1,-0.5000000000000004,0.8660254037844384,-0.6994583270516471,0.7146733860429608,2023,2023-11-16,90.6,4.0,17.8,0.999,46.7,4.4,50.0,2.0,5.5,7.3,1015.4,61.2,252.2,1.5,0.0,89.9,2.7,0.0,4.0,4.4,['rain'],18.7,-0.5000000000000004,0.8660254037844384,-0.6994583270516471,0.7146733860429608,2023,57901,25207,-0.8767617318795381,-0.48092501027872625,0.9657939481768192,-0.2593107203048718,32694,9.081666666666667
2023-11-17,1.1,-0.5000000000000004,0.8660254037844384,-0.6870527672236675,0.7266075247685652,2023,2023-11-17,86.8,1.3,22.8,4.449,20.4,1.4,79.17,1.0,3.3,5.2,1012.5,61.2,344.9,-2.8,0.5,94.4,-0.4,0.0,1.7,2.6,"['rain', 'snow']",19.1,-0.5000000000000004,0.8660254037844384,-0.6870527672236675,0.7266075247685652,2023,57830,25302,-0.8742669123943589,-0.48544553339425667,0.9639794417477348,-0.26597675817207334,32528,9.035555555555556
2023-11-18,1.4,-0.5000000000000004,0.8660254037844384,-0.6744436188329457,0.7383263540031063,2023,2023-11-18,86.5,-0.7,17.9,6.408,19.9,-0.9,70.83,1.0,1.3,2.3,1022.8,54.5,331.1,-3.6,1.3,91.3,-2.1,0.1,1.6,-1.1,"['rain', 'snow']",20.1,-0.5000000000000004,0.8660254037844384,-0.6744436188329457,0.7383263540031063,2023,57761,25396,-0.8718200371771618,-0.4898263189911422,0.9621387497075912,-0.2725601333854849,32365,8.990277777777777
2023-11-19,2.0,-0.5000000000000004,0.8660254037844384,-0.661634618242279,0.749826401204568,2023,2023-11-19,91.7,-0.1,26.2,0.57,12.9,-1.4,41.67,1.0,1.1,3.8,1016.6,64.8,206.9,-5.5,1.6,97.2,-3.3,0.3,1.1,-0.8,"['rain', 'snow']",13.4,-0.5000000000000004,0.8660254037844384,-0.661634618242279,0.749826401204568,2023,57694,25490,-0.8694230793764521,-0.4940683242706088,0.9602530979085312,-0.27913077214285936,32204,8.945555555555556
2023-11-20,1.5,-0.5000000000000004,0.8660254037844384,-0.6486295610349818,0.7611042586607742,2023,2023-11-20,92.2,4.7,22.7,5.13,14.9,3.9,91.67,1.0,5.9,7.6,1010.5,61.2,233.2,-0.5,1.3,96.0,2.3,0.0,1.3,4.4,['rain'],12.1,-0.5000000000000004,0.8660254037844384,-0.6486295610349818,0.7611042586607742,2023,57630,25583,-0.8671141727147371,-0.49810943724972423,0.9583433477754297,-0.2856186754653514,32047,8.901944444444444
2023-11-21,4.9,-0.5000000000000004,0.8660254037844384,-0.6354323008901775,0.7721565844991641,2023,2023-11-21,92.4,3.8,20.4,1.64,37.5,1.8,41.67,3.0,4.9,6.4,1012.4,50.4,276.3,-3.0,0.8,87.5,2.2,0.0,3.3,4.5,['rain'],15.0,-0.5000000000000004,0.8660254037844384,-0.6354323008901775,0.7721565844991641,2023,57568,25675,-0.8648595070550306,-0.5020139769533608,0.956411002094824,-0.29202396318106266,31893,8.859166666666667
2023-11-22,0.6,-0.5000000000000004,0.8660254037844384,-0.622046748440868,0.7829801036770624,2023,2023-11-22,87.5,-3.6,22.5,0.283,18.0,-3.1,16.67,1.0,-1.8,0.9,1025.3,46.8,18.6,-8.5,0.6,98.4,-6.9,0.0,1.6,-4.4,"['rain', 'snow']",13.1,-0.5000000000000004,0.8660254037844384,-0.622046748440868,0.7829801036770624,2023,57509,25766,-0.862697611254655,-0.5057201118558684,0.9544575447732138,-0.2983467700939438,31743,8.8175
2023-11-23,2.4,-0.5000000000000004,0.8660254037844384,-0.6084768701151264,0.7935716089521472,2023,2023-11-23,81.9,-1.6,34.2,0.08,24.3,-2.5,8.33,1.0,1.2,4.5,1019.1,67.2,222.4,-8.2,0.7,97.7,-4.5,0.0,2.0,-0.8,['rain'],16.5,-0.5000000000000004,0.8660254037844384,-0.6084768701151264,0.7935716089521472,2023,57452,25856,-0.8605939164442156,-0.5092917739166878,0.9524844407779208,-0.30458724542562765,31596,8.776666666666667
2023-11-24,4.6,-0.5000000000000004,0.8660254037844384,-0.594726686960764,0.8039279618328208,2023,2023-11-24,84.6,-0.1,33.0,6.713,25.9,-0.1,75.0,2.0,2.3,4.7,1000.7,63.9,252.4,-5.6,1.0,88.3,-2.6,0.0,2.4,0.1,"['rain', 'snow']",21.7,-0.5000000000000004,0.8660254037844384,-0.594726686960764,0.8039279618328208,2023,57398,25945,-0.8585873017538537,-0.5126673826829995,0.9504931360868815,-0.31074555226378536,31453,8.736944444444445
2023-11-25,0.5,-0.5000000000000004,0.8660254037844384,-0.5808002734538013,0.8140460935082175,2023,2023-11-25,84.8,-3.4,21.0,3.346,38.7,-2.4,95.83,3.0,-1.2,0.1,1001.9,58.5,282.1,-6.5,2.5,90.5,-5.3,2.6,3.4,-4.4,"['rain', 'snow']",16.9,-0.5000000000000004,0.8660254037844384,-0.5808002734538013,0.8140460935082175,2023,57346,26033,-0.8566424917858148,-0.5159104973413415,0.9484850576470922,-0.31682186701708587,31313,8.698055555555555
2023-11-26,0.5,-0.5000000000000004,0.8660254037844384,-0.5667017562911184,0.8239230057575536,2023,2023-11-26,84.2,-5.3,17.3,2.194,30.0,-4.3,62.5,2.0,-3.0,-2.1,1010.8,50.4,304.7,-9.4,2.9,86.2,-7.3,1.5,2.7,-4.5,['snow'],15.9,-0.5000000000000004,0.8660254037844384,-0.5667017562911184,0.8239230057575536,2023,57297,26120,-0.8547986715606225,-0.518959758650124,0.9464616133414243,-0.3228163788768288,31177,8.660277777777777
2023-11-27,0.4,-0.5000000000000004,0.8660254037844384,-0.5524353131676203,0.8335557718385695,2023,2023-11-27,89.2,-3.1,15.9,0.351,18.8,-3.9,25.0,1.0,-1.6,0.0,1008.3,50.4,219.2,-9.1,2.7,98.9,-5.6,0.6,1.7,-3.5,"['rain', 'snow']",12.6,-0.5000000000000004,0.8660254037844384,-0.5524353131676203,0.8335557718385695,2023,57251,26205,-0.8530578603505286,-0.5218163344455384,0.9444480953347401,-0.3286606079507881,31046,8.623888888888889
2023-11-28,0.5,-0.5000000000000004,0.8660254037844384,-0.5380051715382992,0.8429415373547832,2023,2023-11-28,92.7,-2.5,23.0,5.069,10.8,-3.9,87.5,1.0,-1.5,-0.2,996.5,54.0,16.1,-10.3,5.2,99.9,-5.6,4.9,0.9,-0.4,"['rain', 'snow']",4.5,-0.5000000000000004,0.8660254037844384,-0.5380051715382992,0.8429415373547832,2023,57208,26290,-0.8514219473777734,-0.5244813319112893,0.94239849065745,-0.3344922791434209,30918,8.588333333333333
2023-11-29,2.3,-0.5000000000000004,0.8660254037844384,-0.5234156073655503,0.8520775211013093,2023,2023-11-29,82.8,-7.1,21.9,0.193,56.3,-7.5,25.0,3.0,-4.6,-2.9,1008.9,55.8,209.2,-11.2,5.5,65.5,-9.5,0.3,4.8,-7.6,['snow'],16.5,-0.5000000000000004,0.8660254037844384,-0.5234156073655503,0.8520775211013093,2023,57167,26373,-0.8498543694327209,-0.5270176000439761,0.9403623639308523,-0.34017440306757274,30794,8.553888888888888
2023-11-30,3.5,-0.5000000000000004,0.8660254037844384,-0.5086709438521042,0.8609610158889945,2023,2023-11-30,82.5,-4.4,23.4,0.279,36.2,-2.6,25.0,2.0,-1.8,-0.6,1006.1,68.4,195.7,-8.8,4.8,85.9,-6.3,0.1,3.1,-3.7,"['rain', 'snow']",16.4,-0.5000000000000004,0.8660254037844384,-0.5086709438521042,0.8609610158889945,2023,57129,26454,-0.8483947458406305,-0.5293641045915487,0.9383422686645814,-0.34570766094694316,30675,8.520833333333334
2024-11-01,22.8,-0.5000000000000004,0.8660254037844384,-0.8498170915275277,0.5270777086423724,2024,2024-11-01,80.7,5.1,25.5,0.0,100.8,6.1,0.0,4.0,8.3,11.8,1023.5,50.4,240.8,2.7,0.0,56.9,6.0,0.0,8.7,11.8,['none'],21.7,-0.5000000000000004,0.8660254037844384,-0.8498170915275277,0.5270777086423724,2024,59139,23823,-0.9164500503634215,-0.4001491036962125,0.9869612744840142,-0.16095789098049976,35316,9.81
2024-11-02,4.6,-0.5000000000000004,0.8660254037844384,-0.8406184056344783,0.5416278206559811,2024,2024-11-02,85.8,3.9,17.7,0.902,69.3,1.0,20.83,4.0,6.2,8.3,1027.6,54.0,333.2,-2.4,0.0,76.6,3.5,0.0,6.0,6.0,['rain'],16.4,-0.5000000000000004,0.8660254037844384,-0.8406184056344783,0.5416278206559811,2024,59041,23921,-0.9135750339503093,-0.4066702070999193,0.9857891116235055,-0.1679875811021153,35120,9.755555555555556
2024-11-03,17.2,-0.5000000000000004,0.8660254037844384,-0.8311706263658079,0.5560174366570446,2024,2024-11-03,68.4,-3.1,18.2,0.0,86.7,-1.3,0.0,4.0,2.2,7.3,1032.8,47.7,237.9,-3.8,0.0,64.3,-0.5,0.0,7.5,4.8,['none'],32.4,-0.5000000000000004,0.8660254037844384,-0.8311706263658079,0.5560174366570446,2024,58943,24019,-0.9106536165962339,-0.41317065551682075,0.984566880032273,-0.17500873904898503,34924,9.70111111111111
2024-11-04,4.7,-0.5000000000000004,0.8660254037844384,-0.8214765533024145,0.5702422926917867,2024,2024-11-04,86.2,1.1,13.4,0.11,61.8,-1.2,25.0,4.0,3.2,6.6,1031.0,54.0,12.9,-4.9,0.0,73.5,0.2,0.0,5.5,5.2,['rain'],15.4,-0.5000000000000004,0.8660254037844384,-0.8214765533024145,0.5702422926917867,2024,58848,24117,-0.9077774785329087,-0.419452082446177,0.9832946417880813,-0.1820210082129227,34731,9.6475
2024-11-05,21.7,-0.5000000000000004,0.8660254037844384,-0.8115390590073611,0.5842981736283683,2024,2024-11-05,84.9,1.3,17.7,0.0,97.5,0.9,0.0,4.0,3.7,8.9,1031.0,46.8,220.2,-1.6,0.0,50.0,1.0,0.0,8.4,6.8,['none'],22.5,-0.5000000000000004,0.8660254037844384,-0.8115390590073611,0.5842981736283683,2024,58754,24215,-0.904888969983156,-0.42564768530185015,0.9819724615085583,-0.18902403243720886,34539,9.594166666666666
2024-11-06,16.8,-0.5000000000000004,0.8660254037844384,-0.801361088174677,0.5981809144059158,2024,2024-11-06,77.2,0.2,15.3,0.0,81.5,0.4,0.0,4.0,3.9,9.0,1032.1,43.2,222.0,-2.5,0.0,84.2,1.5,0.0,7.0,7.5,['none'],25.7,-0.5000000000000004,0.8660254037844384,-0.801361088174677,0.5981809144059158,2024,58662,24313,-0.9020209735252283,-0.4316922090107713,0.9806004063479135,-0.19601745603467835,34349,9.54138888888889
2024-11-07,18.3,-0.5000000000000004,0.8660254037844384,-0.7909456567567774,0.6118864012687242,2024,2024-11-07,76.7,1.2,10.6,0.0,89.9,2.3,0.0,4.0,5.2,10.8,1034.3,39.6,291.0,-0.3,0.0,70.0,3.5,0.0,7.9,10.8,['none'],17.0,-0.5000000000000004,0.8660254037844384,-0.7909456567567774,0.6118864012687242,2024,58571,24411,-0.8991444304324335,-0.43765202298439654,0.9791785459935266,-0.20300092380578758,34160,9.488888888888889
2024-11-08,8.0,-0.5000000000000004,0.8660254037844384,-0.780295851070776,0.6254105729852457,2024,2024-11-08,78.2,0.2,15.0,0.0,86.5,2.0,0.0,4.0,3.7,6.2,1034.1,39.6,82.5,-1.8,0.0,71.0,0.8,0.0,7.5,3.8,['none'],15.6,-0.5000000000000004,0.8660254037844384,-0.780295851070776,0.6254105729852457,2024,58483,24509,-0.8963252658924074,-0.4433971331920238,0.9777069526624089,-0.20997408105665358,33974,9.437222222222223
2024-11-09,10.6,-0.5000000000000004,0.8660254037844384,-0.7694148268839381,0.6387494220515268,2024,2024-11-09,68.8,-1.6,10.2,0.0,94.2,1.8,0.0,4.0,3.6,7.1,1031.6,15.5,69.8,-0.8,0.0,59.6,1.5,0.0,8.2,5.3,['none'],21.4,-0.5000000000000004,0.8660254037844384,-0.7694148268839381,0.6387494220515268,2024,58396,24606,-0.8935020521278867,-0.4490591084069615,0.9762014745890665,-0.21686558281602017,33790,9.386111111111111
2024-11-10,4.2,-0.5000000000000004,0.8660254037844384,-0.7583058084785625,0.6518989958787125,2024,2024-11-10,71.9,-2.1,9.3,0.0,89.3,0.9,0.0,4.0,2.5,4.7,1030.0,13.3,12.0,-1.9,0.0,78.2,0.6,0.0,7.8,3.2,['none'],21.6,-0.5000000000000004,0.8660254037844384,-0.7583058084785625,0.6518989958787125,2024,58311,24703,-0.8907091972828909,-0.454573564866753,0.9746474214520264,-0.22374629350430794,33608,9.335555555555555
2024-11-11,3.5,-0.5000000000000004,0.8660254037844384,-0.7469720876965551,0.6648553979642866,2024,2024-11-11,87.1,-1.0,14.2,0.0,19.3,-0.2,0.0,1.0,0.9,2.1,1030.5,22.0,266.1,-4.1,0.0,94.5,-2.5,0.0,1.7,-0.8,['none'],14.5,-0.5000000000000004,0.8660254037844384,-0.7469720876965551,0.6648553979642866,2024,58229,24801,-0.8879826598063839,-0.45987693558514087,0.9730280971474837,-0.23068663195241063,33428,9.285555555555556
2024-11-12,1.4,-0.5000000000000004,0.8660254037844384,-0.7354170229639858,0.6776147890466887,2024,2024-11-12,87.0,-1.3,18.0,0.0,34.7,-0.1,0.0,2.0,0.6,1.5,1030.8,41.9,44.8,-4.6,0.0,92.6,-3.1,0.0,2.9,-1.5,['none'],15.6,-0.5000000000000004,0.8660254037844384,-0.7354170229639858,0.6776147890466887,2024,58148,24897,-0.8852583712271184,-0.4650995766202217,0.9713939017142054,-0.2374739727053319,33251,9.23638888888889
2024-11-13,0.9,-0.5000000000000004,0.8660254037844384,-0.7236440382959124,0.690173388242972,2024,2024-11-13,88.5,-1.8,9.5,0.067,22.2,-0.8,12.5,1.0,-0.1,0.8,1029.7,15.8,335.0,-3.7,0.0,99.2,-2.4,0.0,1.9,0.0,"['rain', 'snow']",14.3,-0.5000000000000004,0.8660254037844384,-0.7236440382959124,0.690173388242972,2024,58070,24994,-0.8826059500609548,-0.4701135361984374,0.9696945970061612,-0.24432025813889954,33076,9.187777777777777
2024-11-14,2.7,-0.5000000000000004,0.8660254037844384,-0.711656622281775,0.7025274741691566,2024,2024-11-14,86.7,-0.6,21.8,0.424,38.0,-0.4,37.5,3.0,1.4,2.9,1025.8,49.1,237.8,-4.0,0.1,95.5,-2.4,0.0,3.3,-1.2,"['rain', 'snow']",11.6,-0.5000000000000004,0.8660254037844384,-0.711656622281775,0.7025274741691566,2024,57993,25090,-0.8799596797545323,-0.475048378595592,0.9679653029147169,-0.2510839946177779,32903,9.139722222222222
2024-11-15,1.7,-0.5000000000000004,0.8660254037844384,-0.6994583270516471,0.7146733860429608,2024,2024-11-15,90.8,2.0,13.5,2.067,44.9,1.5,41.67,3.0,3.4,5.5,1024.8,46.8,281.1,-1.1,0.5,90.1,0.8,0.0,3.8,3.1,['rain'],11.7,-0.5000000000000004,0.8660254037844384,-0.6994583270516471,0.7146733860429608,2024,57919,25185,-0.8773905099124352,-0.4797769201572717,0.9662075793313611,-0.2577652297006551,32734,9.092777777777778
2024-11-16,15.4,-0.5000000000000004,0.8660254037844384,-0.6870527672236675,0.7266075247685652,2024,2024-11-16,79.8,0.7,29.6,0.0,77.7,1.4,0.0,4.0,3.9,7.7,1022.2,73.4,207.4,-2.8,0.4,54.7,-0.2,0.0,6.6,3.7,['none'],23.5,-0.5000000000000004,0.8660254037844384,-0.6870527672236675,0.7266075247685652,2024,57847,25280,-0.874866388259322,-0.48436432846989186,0.9644037401149389,-0.2644341620372022,32567,9.046388888888888
2024-11-17,1.8,-0.5000000000000004,0.8660254037844384,-0.6744436188329457,0.7383263540031063,2024,2024-11-17,86.9,-0.6,29.8,0.063,25.4,-0.7,25.0,1.0,1.3,4.4,1013.0,74.7,211.7,-6.4,0.3,77.8,-3.9,0.0,2.2,0.5,"['rain', 'snow']",10.3,-0.5000000000000004,0.8660254037844384,-0.6744436188329457,0.7383263540031063,2024,57778,25374,-0.8724249307658353,-0.4887481357286466,0.9625735830702745,-0.27102047371970517,32404,9.001111111111111
2024-11-18,3.2,-0.5000000000000004,0.8660254037844384,-0.661634618242279,0.749826401204568,2024,2024-11-18,84.1,1.9,39.4,3.5,29.1,2.8,50.0,2.0,4.4,7.4,1009.4,61.2,231.2,-2.3,0.0,73.9,0.4,0.0,2.7,2.8,['rain'],9.8,-0.5000000000000004,0.8660254037844384,-0.661634618242279,0.749826401204568,2024,57710,25468,-0.8699973653095463,-0.4930563703618967,0.9606984459473757,-0.27759412089289126,32242,8.956111111111111
2024-11-19,3.8,-0.5000000000000004,0.8660254037844384,-0.6486295610349818,0.7611042586607742,2024,2024-11-19,80.7,2.8,28.2,0.4,26.3,2.1,16.67,1.0,6.0,8.6,1004.6,65.9,213.4,-1.3,0.0,75.8,2.8,0.0,2.3,6.1,['rain'],9.9,-0.5000000000000004,0.8660254037844384,-0.6486295610349818,0.7611042586607742,2024,57646,25561,-0.8676931622581948,-0.4971001671397566,0.9587990781541401,-0.28408507129163124,32085,8.9125
2024-11-20,3.3,-0.5000000000000004,0.8660254037844384,-0.6354323008901775,0.7721565844991641,2024,2024-11-20,80.9,0.8,28.5,7.2,32.0,0.3,45.83,2.0,3.8,10.2,994.4,65.9,230.3,-4.3,0.2,74.7,0.2,0.3,2.7,10.2,"['rain', 'snow']",9.4,-0.5000000000000004,0.8660254037844384,-0.6354323008901775,0.7721565844991641,2024,57583,25653,-0.8654066046925195,-0.5010702630914803,0.9568769826668923,-0.2904934423395887,31930,8.869444444444444
2024-11-21,5.9,-0.5000000000000004,0.8660254037844384,-0.622046748440868,0.7829801036770624,2024,2024-11-21,72.8,-3.2,29.3,0.185,40.2,-1.3,4.17,3.0,1.3,2.8,999.3,55.2,218.8,-7.4,0.2,55.3,-3.8,0.4,3.5,-2.1,"['rain', 'snow']",9.8,-0.5000000000000004,0.8660254037844384,-0.622046748440868,0.7829801036770624,2024,57523,25744,-0.8632120421141138,-0.5048415299370499,0.954933643605904,-0.2968193664664627,31779,8.8275
2024-11-22,0.6,-0.5000000000000004,0.8660254037844384,-0.6084768701151264,0.7935716089521472,2024,2024-11-22,88.3,-3.3,19.0,4.932,31.4,-2.5,58.33,2.0,-1.5,-0.4,1001.0,61.2,268.2,-7.1,3.7,91.4,-5.7,2.8,2.9,-3.6,"['rain', 'snow']",13.3,-0.5000000000000004,0.8660254037844384,-0.6084768701151264,0.7935716089521472,2024,57466,25835,-0.8611119847336595,-0.5084153319364569,0.9529484842928793,-0.30313229172079975,31631,8.786388888888888
2024-11-23,3.6,-0.5000000000000004,0.8660254037844384,-0.594726686960764,0.8039279618328208,2024,2024-11-23,78.4,-4.6,23.3,1.049,41.1,-2.2,33.33,2.0,-1.2,0.5,1021.2,61.2,231.6,-7.5,3.5,61.3,-6.3,0.9,3.7,-4.8,"['rain', 'snow']",27.7,-0.5000000000000004,0.8660254037844384,-0.594726686960764,0.8039279618328208,2024,57411,25924,-0.8590715869118396,-0.5118554567070411,0.9509665866592052,-0.30929363242352775,31487,8.74638888888889
2024-11-24,1.5,-0.5000000000000004,0.8660254037844384,-0.5808002734538013,0.8140460935082175,2024,2024-11-24,74.0,-2.7,28.3,0.427,32.8,-1.7,37.5,1.0,1.5,3.1,1024.9,75.6,209.8,-8.5,2.6,91.3,-3.8,0.0,2.8,-1.3,"['rain', 'snow']",31.1,-0.5000000000000004,0.8660254037844384,-0.5808002734538013,0.8140460935082175,2024,57359,26012,-0.8571298438098308,-0.5151004085132674,0.948967790081104,-0.3153730067532505,31347,8.7075
2024-11-25,14.9,-0.5000000000000004,0.8660254037844384,-0.5667017562911184,0.8239230057575536,2024,2024-11-25,72.5,0.3,35.1,0.0,61.4,2.5,0.0,3.0,5.0,9.2,1021.7,83.3,210.7,-1.8,0.6,54.7,0.7,0.0,5.4,5.6,['none'],31.7,-0.5000000000000004,0.8660254037844384,-0.5667017562911184,0.8239230057575536,2024,57309,26099,-0.8552512238436449,-0.5182136085765672,0.9469535027287307,-0.3213706017509814,31210,8.669444444444444
2024-11-26,2.2,-0.5000000000000004,0.8660254037844384,-0.5524353131676203,0.8335557718385695,2024,2024-11-26,91.3,2.1,26.3,0.598,23.1,1.3,33.33,1.0,3.4,4.8,1020.3,86.4,235.9,-3.7,0.5,72.7,-0.3,0.0,2.1,2.2,['rain'],9.7,-0.5000000000000004,0.8660254037844384,-0.5524353131676203,0.8335557718385695,2024,57262,26185,-0.8534750104683415,-0.5211337702606351,0.9449251137017528,-0.32728661673788245,31077,8.6325
2024-11-27,5.9,-0.5000000000000004,0.8660254037844384,-0.5380051715382992,0.8429415373547832,2024,2024-11-27,96.3,2.3,19.1,0.0,39.3,1.7,0.0,2.0,2.9,4.7,1025.2,63.0,237.4,-3.0,0.5,84.3,-0.4,0.0,3.5,2.0,['none'],4.2,-0.5000000000000004,0.8660254037844384,-0.5380051715382992,0.8429415373547832,2024,57218,26270,-0.8518031357948455,-0.5238620217672475,0.9428839930112712,-0.3331212627904756,30948,8.596666666666666
2024-11-28,0.9,-0.5000000000000004,0.8660254037844384,-0.5234156073655503,0.8520775211013093,2024,2024-11-28,85.9,2.4,32.2,6.023,11.6,3.6,70.83,0.0,4.6,5.7,1018.2,74.7,223.1,-1.4,0.5,91.4,0.0,0.0,1.0,1.4,['rain'],15.0,-0.5000000000000004,0.8660254037844384,-0.5234156073655503,0.8520775211013093,2024,57177,26353,-0.8502374026903714,-0.5263994292040325,0.9408561327496179,-0.33880634212988603,30824,8.562222222222223
2024-11-29,0.6,-0.5000000000000004,0.8660254037844384,-0.5086709438521042,0.8609610158889945,2024,2024-11-29,89.4,1.5,23.3,13.975,14.9,2.5,100.0,1.0,3.0,3.7,1026.3,54.4,332.7,-1.9,2.3,97.8,-1.2,0.1,1.4,-0.5,['rain'],16.0,-0.5000000000000004,0.8660254037844384,-0.5086709438521042,0.8609610158889945,2024,57139,26435,-0.8487794859103525,-0.5287469945992674,0.9388190436364164,-0.34441080602327856,30704,8.528888888888888
2024-11-30,5.0,-0.5000000000000004,0.8660254037844384,-0.49377555015997737,0.8695893893466109,2024,2024-11-30,90.3,0.7,16.3,0.319,53.6,-0.8,29.17,3.0,2.2,4.2,1034.1,49.3,24.9,-2.9,3.2,75.5,-1.1,0.0,4.4,1.0,['rain'],12.6,-0.5000000000000004,0.8660254037844384,-0.49377555015997737,0.8695893893466109,2024,57103,26515,-0.8473923223769625,-0.5309672795724591,0.9367994663229883,-0.3498667744970426,30588,8.496666666666666
2023-12-01,1.6,-2.4492935982947064e-16,1.0,-0.49377555015997737,0.8695893893466109,2023,2023-12-01,94.6,-2.2,22.6,3.129,13.3,-2.1,79.17,1.0,-1.4,-0.4,1004.1,41.9,34.6,-7.4,5.4,98.8,-4.3,2.1,1.0,-1.0,"['rain', 'snow']",4.4,-2.4492935982947064e-16,1.0,-0.49377555015997737,0.8695893893466109,2023,57095,26534,-0.8470832747469493,-0.5314601825574371,0.9363151546661316,-0.35116083372514395,30561,8.489166666666666
2023-12-02,0.3,-2.4492935982947064e-16,1.0,-0.4787338401157883,0.8779600847008883,2023,2023-12-02,91.1,-4.5,29.0,10.018,8.0,-4.8,100.0,0.0,-3.3,-1.5,1004.4,60.3,18.5,-11.7,13.0,99.4,-9.8,11.4,0.7,-7.3,"['rain', 'snow']",3.7,-2.4492935982947064e-16,1.0,-0.4787338401157883,0.8779600847008883,2023,57063,26612,-0.8458442182042094,-0.533429994029685,0.934308205672852,-0.35646623516453235,30451,8.45861111111111
2023-12-03,0.3,-2.4492935982947064e-16,1.0,-0.4635502709028512,0.8860706215341378,2023,2023-12-03,84.4,-7.4,18.7,2.689,24.4,-5.9,62.5,2.0,-5.2,-4.3,1021.6,57.3,258.7,-11.8,22.1,88.9,-10.7,2.5,2.2,-9.7,['snow'],11.4,-2.4492935982947064e-16,1.0,-0.4635502709028512,0.8860706215341378,2023,57034,26689,-0.8447173664477657,-0.5352126407527675,0.9322975006693895,-0.36169236962591506,30345,8.429166666666667
2023-12-04,0.3,-2.4492935982947064e-16,1.0,-0.4482293417404106,0.893918596519257,2023,2023-12-04,85.2,-7.5,22.1,0.085,62.0,-8.0,16.67,3.0,-5.4,-3.8,1022.9,82.8,179.0,-13.3,22.2,79.6,-10.9,0.0,5.3,-8.9,['snow'],12.5,-2.4492935982947064e-16,1.0,-0.4482293417404106,0.893918596519257,2023,57008,26763,-0.8437038913076972,-0.5368088521925187,0.9303375876763755,-0.36670420362535017,30245,8.401388888888889
2023-12-05,0.3,-2.4492935982947064e-16,1.0,-0.4327755925504317,0.9015016841318838,2023,2023-12-05,86.9,-5.9,16.9,0.0,37.2,-7.1,0.0,2.0,-4.0,-2.1,1015.6,75.6,195.7,-13.1,20.1,88.7,-9.2,0.0,3.3,-5.9,['none'],14.9,-2.4492935982947064e-16,1.0,-0.4327755925504317,0.9015016841318838,2023,56985,26836,-0.8428048411962478,-0.5382192858456185,0.928377761075643,-0.37163790541355773,30149,8.374722222222223
2023-12-06,0.2,-2.4492935982947064e-16,1.0,-0.41719360261231697,0.9088176373395028,2023,2023-12-06,93.0,-2.5,10.6,2.293,15.7,-2.7,66.67,1.0,-1.5,-0.7,1015.8,39.6,234.7,-6.5,19.2,99.7,-4.3,5.2,1.4,-1.1,"['rain', 'snow']",5.1,-2.4492935982947064e-16,1.0,-0.41719360261231697,0.9088176373395028,2023,56965,26907,-0.8420211418185987,-0.5394445260918896,0.9264465294212707,-0.3764263913745721,30058,8.349444444444444
2023-12-07,0.3,-2.4492935982947064e-16,1.0,-0.4014879892059737,0.9158642882672868,2023,2023-12-07,93.4,-2.9,15.2,1.538,14.5,-2.6,70.83,1.0,-2.0,-1.1,1020.3,61.2,8.9,-7.4,19.1,99.6,-6.1,1.6,1.2,-3.9,"['rain', 'snow']",2.3,-2.4492935982947064e-16,1.0,-0.4014879892059737,0.9158642882672868,2023,56948,26976,-0.8413535968058323,-0.5404850831816627,0.9245460336123131,-0.38107037635027413,29972,8.325555555555555
2023-12-08,0.3,-2.4492935982947064e-16,1.0,-0.38566340624360745,0.9226395488404875,2023,2023-12-08,92.7,-3.9,22.6,0.0,25.8,-4.5,0.0,2.0,-2.8,-1.7,1019.9,61.2,148.6,-9.5,17.4,87.4,-7.0,0.0,2.2,-2.0,['none'],9.2,-2.4492935982947064e-16,1.0,-0.38566340624360745,0.9226395488404875,2023,56934,27043,-0.8408028882685393,-0.5413413923572464,0.9226783478643639,-0.38557057250558946,29891,8.303055555555556
2023-12-09,0.4,-2.4492935982947064e-16,1.0,-0.3697245428906732,0.9291414114031743,2023,2023-12-09,89.7,-3.0,27.5,1.102,15.3,-1.9,62.5,1.0,-1.5,-1.2,1017.8,67.5,198.5,-8.0,16.9,97.8,-7.3,0.1,1.4,-6.4,"['rain', 'snow']",7.6,-2.4492935982947064e-16,1.0,-0.3697245428906732,0.9291414114031743,2023,56923,27108,-0.8403695772697162,-0.5420138131076722,0.9208454801410263,-0.38992768778818815,29815,8.281944444444445
2023-12-10,0.3,-2.4492935982947064e-16,1.0,-0.3536761221763721,0.935367949313148,2023,2023-12-10,88.6,-1.8,34.3,1.671,4.5,-1.6,62.5,0.0,-0.1,1.6,1011.6,73.4,205.2,-8.5,16.8,91.7,-5.8,1.5,0.4,-2.3,"['rain', 'snow']",10.9,-2.4492935982947064e-16,1.0,-0.3536761221763721,0.935367949313148,2023,56916,27170,-0.8400935538989419,-0.5424415366631188,0.9190780330055481,-0.39407558823993727,29746,8.262777777777778
2023-12-11,6.0,-2.4492935982947064e-16,1.0,-0.33752289959411347,0.941317317512847,2023,2023-12-11,87.9,0.4,35.2,1.393,29.7,0.9,66.67,2.0,2.3,3.4,1007.8,70.7,209.9,-5.1,12.4,88.1,-2.5,0.0,2.6,-0.9,"['rain', 'snow']",14.5,-2.4492935982947064e-16,1.0,-0.33752289959411347,0.941317317512847,2023,56911,27230,-0.8398962610592547,-0.5427469674338902,0.9173498103720259,-0.3980820586391808,29681,8.244722222222222
2023-12-12,3.3,-2.4492935982947064e-16,1.0,-0.32126966169236515,0.9469877530760751,2023,2023-12-12,87.8,1.8,25.2,0.289,38.4,2.4,33.33,3.0,3.6,5.6,1009.6,50.9,218.5,-2.0,7.8,77.7,0.1,0.0,3.3,3.7,['rain'],19.6,-2.4492935982947064e-16,1.0,-0.32126966169236515,0.9469877530760751,2023,56910,27288,-0.8398567891651165,-0.5428080449783892,0.9156625933395611,-0.40194777665595993,29622,8.228333333333333
2023-12-13,0.7,-2.4492935982947064e-16,1.0,-0.3049212246562894,0.9523775757303973,2023,2023-12-13,95.8,2.3,18.5,1.54,7.7,1.9,66.67,0.0,3.0,3.8,1002.8,64.8,275.5,-1.8,5.1,99.4,0.2,0.0,0.6,1.9,['rain'],5.8,-2.4492935982947064e-16,1.0,-0.3049212246562894,0.9523775757303973,2023,56912,27343,-0.8399357285116047,-0.5426858870190747,0.9140475976916985,-0.4056069392330892,29569,8.213611111111112
2023-12-14,0.7,-2.4492935982947064e-16,1.0,-0.2884824328806098,0.9574851883550389,2023,2023-12-14,95.4,2.1,12.3,1.729,11.7,1.8,66.67,1.0,2.8,3.6,1011.2,46.8,340.3,-1.6,5.7,98.4,0.3,0.0,0.9,2.0,"['rain', 'snow']",4.1,-2.4492935982947064e-16,1.0,-0.2884824328806098,0.9574851883550389,2023,56917,27396,-0.8401329991392177,-0.5423804419015709,0.9124774941483108,-0.40912690289544557,29521,8.200277777777778
2023-12-15,5.1,-2.4492935982947064e-16,1.0,-0.27195815753410524,0.9623090774541487,2023,2023-12-15,84.5,-2.4,18.2,0.459,35.5,-1.4,20.83,2.0,-0.1,1.6,1031.2,46.8,355.4,-5.6,6.4,90.0,-3.6,0.0,3.3,-1.9,"['rain', 'snow']",15.9,-2.4492935982947064e-16,1.0,-0.27195815753410524,0.9623090774541487,2023,56925,27446,-0.8404484010944379,-0.541891580574752,0.9109838379912827,-0.4124420528009631,29479,8.188611111111111
2023-12-16,1.0,-2.4492935982947064e-16,1.0,-0.2553532951161881,0.9668478136052773,2023,2023-12-16,89.3,-0.3,20.9,0.266,13.6,-0.9,20.83,1.0,1.3,2.8,1038.9,54.5,232.8,-5.1,3.4,92.1,-2.6,0.0,1.1,-0.6,"['rain', 'snow']",10.7,-2.4492935982947064e-16,1.0,-0.2553532951161881,0.9668478136052773,2023,56936,27494,-0.8408816142890444,-0.5412190968089086,0.9095385965306868,-0.415619467086166,29442,8.178333333333333
2023-12-17,1.6,-2.4492935982947064e-16,1.0,-0.23867276600594997,0.9711000518829505,2023,2023-12-17,88.5,1.1,27.5,0.0,28.4,1.3,0.0,3.0,2.8,4.3,1037.3,58.1,223.4,-3.8,6.5,74.1,-2.1,0.0,2.4,-0.6,['none'],21.4,-2.4492935982947064e-16,1.0,-0.23867276600594997,0.9711000518829505,2023,56950,27539,-0.8414321982753925,-0.5403627075450715,0.9081736172189716,-0.41859369439518423,29411,8.169722222222223
2023-12-18,14.6,-2.4492935982947064e-16,1.0,-0.22192151300416674,0.9750645322571945,2023,2023-12-18,80.8,-0.5,27.5,0.0,46.0,1.0,0.0,3.0,2.4,5.2,1032.8,75.6,243.9,-4.1,6.3,58.2,-2.4,0.0,4.0,0.6,['none'],25.1,-2.4492935982947064e-16,1.0,-0.22192151300416674,0.9750645322571945,2023,56968,27581,-0.8421388103179495,-0.539260812739317,0.906890861391678,-0.42136559603776436,29387,8.163055555555555
2023-12-19,5.5,-2.4492935982947064e-16,1.0,-0.20510449986861926,0.9787400799669153,2023,2023-12-19,71.3,-1.9,24.4,0.0,31.6,0.4,0.0,2.0,2.9,5.8,1023.3,63.9,247.5,-5.1,5.8,73.0,-1.7,0.0,2.9,2.0,['none'],26.9,-2.4492935982947064e-16,1.0,-0.20510449986861926,0.9787400799669153,2023,56988,27621,-0.8429222423709942,-0.5380354015455254,0.9056613234171151,-0.4240018481874336,29367,8.1575
2023-12-20,0.8,-2.4492935982947064e-16,1.0,-0.1882267098432439,0.9821256058680006,2023,2023-12-20,84.7,-0.5,24.5,4.88,10.1,1.3,62.5,1.0,1.9,2.5,1013.1,68.4,231.0,-4.0,4.1,91.4,-3.0,0.5,0.8,-1.9,"['rain', 'snow']",14.8,-2.4492935982947064e-16,1.0,-0.1882267098432439,0.9821256058680006,2023,57012,27657,-0.8438600069755027,-0.5365634059710972,0.90454818679166,-0.42637140824863023,29355,8.154166666666667
2023-12-21,0.8,-2.4492935982947064e-16,1.0,-0.1712931441814778,0.9852201067560606,2023,2023-12-21,86.5,0.9,33.3,8.15,8.0,1.8,95.83,0.0,3.0,5.0,1000.0,68.7,222.3,-3.6,4.7,99.1,-2.2,0.7,0.6,0.1,"['rain', 'snow']",16.5,-2.4492935982947064e-16,1.0,-0.1712931441814778,0.9852201067560606,2023,57039,27691,-0.8449119194103185,-0.5349054574767128,0.9034911983595282,-0.42860664307365054,29348,8.152222222222223
2023-12-22,2.2,-2.4492935982947064e-16,1.0,-0.154308820664281,0.9880226656636976,2023,2023-12-22,81.8,-1.7,37.1,2.264,16.8,-0.3,62.5,1.0,1.1,3.6,992.9,74.5,261.0,-6.3,4.4,77.3,-4.7,0.3,1.4,-1.1,"['rain', 'snow']",22.1,-2.4492935982947064e-16,1.0,-0.154308820664281,0.9880226656636976,2023,57068,27722,-0.8460381229036441,-0.533122401136623,0.902522659502562,-0.4306423679625851,29346,8.151666666666667
2023-12-23,1.0,-2.4492935982947064e-16,1.0,-0.13727877211326517,0.9905324521322227,2023,2023-12-23,89.3,-2.7,27.9,9.716,11.8,-1.8,87.5,1.0,-1.1,-0.3,1000.8,64.8,256.2,-7.6,5.5,95.9,-6.8,4.6,1.1,-5.7,"['rain', 'snow']",12.6,-2.4492935982947064e-16,1.0,-0.13727877211326517,0.9905324521322227,2023,57101,27750,-0.8473150873539641,-0.5310905221733336,0.9016439075888163,-0.4324792063301659,29351,8.153055555555556
2023-12-24,0.6,-2.4492935982947064e-16,1.0,-0.12020804489935275,0.9927487224577402,2023,2023-12-24,93.1,1.1,28.1,7.86,14.2,-1.1,95.83,1.0,2.1,5.3,1006.7,67.0,235.7,-6.3,12.0,99.6,-2.7,3.7,1.4,0.9,"['rain', 'snow']",10.1,-2.4492935982947064e-16,1.0,-0.12020804489935275,0.9927487224577402,2023,57137,27775,-0.8487025738000402,-0.5288704389783827,0.900856148530722,-0.43411772557037304,29362,8.15611111111111
2023-12-25,0.5,-2.4492935982947064e-16,1.0,-0.10310169744743544,0.9946708199115211,2023,2023-12-25,83.2,5.0,31.7,1.273,23.0,5.7,37.5,1.0,7.7,8.5,1007.9,67.0,234.3,1.0,6.4,97.0,4.0,0.0,2.0,5.0,['rain'],22.5,-2.4492935982947064e-16,1.0,-0.10310169744743544,0.9946708199115211,2023,57175,27796,-0.8501608320041834,-0.5265230856533782,0.9001921297184633,-0.4354929730695287,29379,8.160833333333333
2023-12-26,1.1,-2.4492935982947064e-16,1.0,-0.0859647987374467,0.9962981749346077,2023,2023-12-26,80.5,4.0,27.7,0.106,17.9,5.5,20.83,2.0,7.1,8.0,1013.0,56.4,228.9,1.2,6.6,94.8,3.6,0.0,1.5,4.9,['rain'],24.7,-2.4492935982947064e-16,1.0,-0.0859647987374467,0.9962981749346077,2023,57216,27815,-0.8517269341430473,-0.5239859059700795,0.8995895416989382,-0.43673636952501943,29401,8.166944444444445
2023-12-27,15.1,-2.4492935982947064e-16,1.0,-0.06880242680232064,0.9976303053065857,2023,2023-12-27,80.4,-0.1,25.6,0.32,45.2,1.3,8.33,3.0,3.0,5.2,1023.5,64.8,232.4,-3.3,5.7,58.1,-0.9,0.0,3.9,2.8,['rain'],32.4,-2.4492935982947064e-16,1.0,-0.06880242680232064,0.9976303053065857,2023,57261,27831,-0.8534371102943482,-0.5211958353368076,0.8990807670159204,-0.43778279361124295,29430,8.175
2023-12-28,11.8,-2.4492935982947064e-16,1.0,-0.05161966722325418,0.9986668162884759,2023,2023-12-28,84.4,1.5,25.6,0.217,43.0,2.2,16.67,3.0,3.9,6.4,1020.3,79.2,214.8,-2.9,5.3,70.2,-0.3,0.0,3.7,2.7,['rain'],22.5,-2.4492935982947064e-16,1.0,-0.05161966722325418,0.9986668162884759,2023,57308,27844,-0.8552135360251054,-0.5182758028303422,0.8986664912771894,-0.4386325768288821,29464,8.184444444444445
2023-12-29,7.1,-2.4492935982947064e-16,1.0,-0.034421611622745804,0.9994074007397048,2023,2023-12-29,80.6,2.4,25.5,0.207,43.3,3.2,12.5,3.0,5.5,7.6,1016.6,54.0,219.9,-0.3,5.0,87.2,2.0,0.0,3.8,4.3,['rain'],26.9,-2.4492935982947064e-16,1.0,-0.034421611622745804,0.9994074007397048,2023,57357,27854,-0.85705491642668,-0.5152250675470447,0.8983472710642287,-0.43928598950052256,29503,8.195277777777777
2023-12-30,3.3,-2.4492935982947064e-16,1.0,-0.01721335615583528,0.9998518392091162,2023,2023-12-30,79.3,2.0,24.9,0.125,46.5,2.9,8.33,3.0,5.3,7.7,1016.3,50.4,233.9,-0.7,4.8,86.9,1.9,0.0,4.0,4.1,['rain'],29.9,-2.4492935982947064e-16,1.0,-0.01721335615583528,0.9998518392091162,2023,57410,27860,-0.8590343614610496,-0.5119179288022707,0.8981555108821243,-0.43967792561381835,29550,8.208333333333334
2023-12-31,3.2,-2.4492935982947064e-16,1.0,6.432490598706546e-16,1.0,2023,2023-12-31,92.6,1.2,21.0,0.0,20.0,-0.4,0.0,1.0,2.2,5.0,1013.4,75.6,231.0,-4.5,4.6,89.4,-1.4,0.0,1.6,1.1,['none'],19.0,-2.4492935982947064e-16,1.0,6.432490598706546e-16,1.0,2023,57465,27864,-0.861075009450407,-0.5084779524226999,0.8980275757606156,-0.43993916985591514,29601,8.2225
2024-12-01,15.7,-2.4492935982947064e-16,1.0,-0.4787338401157883,0.8779600847008883,2024,2024-12-01,91.0,-0.8,14.8,0.0,57.5,-3.0,0.0,3.0,0.6,6.4,1028.5,48.6,184.9,-5.7,0.0,46.8,-0.3,0.0,4.9,6.4,['none'],8.0,-2.4492935982947064e-16,1.0,-0.4787338401157883,0.8779600847008883,2024,57071,26594,-0.8461544120337064,-0.5329378115651887,0.9347740182944614,-0.3552429235349044,30477,8.465833333333334
2024-12-02,13.2,-2.4492935982947064e-16,1.0,-0.4635502709028512,0.8860706215341378,2024,2024-12-02,91.2,-0.8,23.7,0.0,49.7,-0.9,0.0,3.0,0.5,3.7,1023.7,68.9,227.3,-6.4,2.6,56.5,-4.5,0.0,4.3,-0.6,['none'],13.8,-2.4492935982947064e-16,1.0,-0.4635502709028512,0.8860706215341378,2024,57041,26671,-0.8449897093185821,-0.5347825643620949,0.9327701560057021,-0.36047168552481074,30370,8.436111111111112
2024-12-03,3.9,-2.4492935982947064e-16,1.0,-0.4482293417404106,0.893918596519257,2024,2024-12-03,89.3,-0.5,22.1,0.1,22.2,-1.1,4.17,1.0,1.1,2.8,1019.5,50.8,219.3,-6.3,1.3,89.5,-3.6,0.0,1.9,-1.0,['rain'],10.1,-2.4492935982947064e-16,1.0,-0.4482293417404106,0.893918596519257,2024,57014,26746,-0.8439380380337247,-0.5364406658334054,0.9307902238061896,-0.36555377069156797,30268,8.407777777777778
2024-12-04,1.0,-2.4492935982947064e-16,1.0,-0.4327755925504317,0.9015016841318838,2024,2024-12-04,92.9,0.3,13.6,0.0,15.6,0.0,0.0,1.0,1.3,2.8,1023.7,43.2,269.7,-3.1,2.4,97.0,-1.3,0.0,1.4,0.9,['none'],6.6,-2.4492935982947064e-16,1.0,-0.4327755925504317,0.9015016841318838,2024,56990,26819,-0.8430004875322127,-0.5379127977845961,0.9288364981131986,-0.37048989159329315,30171,8.380833333333333
2024-12-05,1.1,-2.4492935982947064e-16,1.0,-0.41719360261231697,0.9088176373395028,2024,2024-12-05,89.9,-2.8,17.1,0.0,26.8,-3.3,0.0,2.0,-1.3,1.3,1027.0,61.2,206.2,-8.3,2.4,65.6,-4.5,0.0,2.5,-1.6,['none'],18.7,-2.4492935982947064e-16,1.0,-0.41719360261231697,0.9088176373395028,2024,56970,26891,-0.8422172337162867,-0.5391383229110001,0.9268838941800124,-0.37534816731895154,30079,8.355277777777777
2024-12-06,0.9,-2.4492935982947064e-16,1.0,-0.4014879892059737,0.9158642882672868,2024,2024-12-06,86.7,-2.3,39.1,4.551,8.5,-2.3,54.17,0.0,-0.3,1.2,1013.3,77.0,186.3,-8.3,2.2,91.2,-6.3,4.3,0.7,-3.9,"['rain', 'snow']",11.3,-2.4492935982947064e-16,1.0,-0.4014879892059737,0.9158642882672868,2024,56952,26960,-0.841510781945306,-0.5402403204776551,0.9249888031782161,-0.3799943604777989,29992,8.331111111111111
2024-12-07,4.2,-2.4492935982947064e-16,1.0,-0.38566340624360745,0.9226395488404875,2024,2024-12-07,93.6,-0.1,17.5,0.312,20.6,-0.6,33.33,1.0,0.9,2.8,1012.1,51.3,207.4,-5.1,3.2,86.7,-2.9,0.1,1.9,-0.3,"['rain', 'snow']",10.1,-2.4492935982947064e-16,1.0,-0.38566340624360745,0.9226395488404875,2024,56938,27027,-0.84096032252155,-0.5410967898116293,0.9231263549093662,-0.3844967267373635,29911,8.30861111111111
2024-12-08,1.7,-2.4492935982947064e-16,1.0,-0.3697245428906732,0.9291414114031743,2024,2024-12-08,90.7,-1.5,22.4,0.0,17.8,-1.3,0.0,1.0,-0.1,1.6,1011.1,51.3,73.4,-6.3,2.4,80.9,-3.6,0.0,1.6,1.3,['none'],19.6,-2.4492935982947064e-16,1.0,-0.3697245428906732,0.9291414114031743,2024,56926,27093,-0.8404878063398395,-0.5418304600094427,0.9212702773190642,-0.3889229694019814,29833,8.286944444444444
2024-12-09,0.5,-2.4492935982947064e-16,1.0,-0.3536761221763721,0.935367949313148,2024,2024-12-09,91.6,-0.5,22.7,0.294,15.6,-0.5,29.17,1.0,0.7,1.8,1017.3,57.6,39.1,-5.8,2.0,97.5,-4.3,0.0,1.4,-2.8,"['rain', 'snow']",10.6,-2.4492935982947064e-16,1.0,-0.3536761221763721,0.935367949313148,2024,56918,27156,-0.8401724399364523,-0.5423193442716463,0.9194787684000263,-0.3931396627937338,29762,8.267222222222221
2024-12-10,0.9,-2.4492935982947064e-16,1.0,-0.33752289959411347,0.941317317512847,2024,2024-12-10,92.5,-1.2,24.9,1.544,20.3,-1.5,66.67,1.0,-0.2,0.8,1025.2,54.0,33.1,-7.0,2.0,99.5,-5.5,1.5,1.7,-4.3,"['rain', 'snow']",11.3,-2.4492935982947064e-16,1.0,-0.33752289959411347,0.941317317512847,2024,56913,27216,-0.8399751915219567,-0.5426248037342674,0.9177546256839813,-0.39714789063478045,29697,8.249166666666667
2024-12-11,0.7,-2.4492935982947064e-16,1.0,-0.32126966169236515,0.9469877530760751,2024,2024-12-11,88.3,-2.9,22.9,0.105,10.9,-2.0,20.83,0.0,-1.2,-0.5,1027.9,55.3,13.4,-7.9,2.5,98.6,-5.9,0.0,1.1,-3.9,"['rain', 'snow']",13.1,-2.4492935982947064e-16,1.0,-0.32126966169236515,0.9469877530760751,2024,56910,27275,-0.8398567891651165,-0.5428080449783892,0.9160421801669003,-0.4010819419458723,29635,8.231944444444444
2024-12-12,0.9,-2.4492935982947064e-16,1.0,-0.3049212246562894,0.9523775757303973,2024,2024-12-12,89.7,-2.4,13.7,0.054,25.1,-1.5,8.33,1.0,-0.9,-0.2,1031.2,39.6,20.6,-6.0,2.7,99.4,-4.3,0.0,2.2,-3.1,"['rain', 'snow']",10.0,-2.4492935982947064e-16,1.0,-0.3049212246562894,0.9523775757303973,2024,56911,27331,-0.8398962610592547,-0.5427469674338902,0.9144012084311964,-0.4048091278856835,29580,8.216666666666667
2024-12-13,1.4,-2.4492935982947064e-16,1.0,-0.2884824328806098,0.9574851883550389,2024,2024-12-13,82.0,-3.9,24.7,0.0,19.1,-1.6,0.0,1.0,-1.2,-0.6,1033.5,50.9,136.6,-7.6,2.7,98.2,-5.4,0.0,1.8,-3.1,['none'],13.2,-2.4492935982947064e-16,1.0,-0.2884824328806098,0.9574851883550389,2024,56916,27384,-0.8400935538989419,-0.5424415366631188,0.9128341772330429,-0.40833046038138465,29532,8.203333333333333
2024-12-14,0.6,-2.4492935982947064e-16,1.0,-0.27195815753410524,0.9623090774541487,2024,2024-12-14,83.7,-3.9,36.2,0.03,10.6,-1.9,8.33,1.0,-1.5,-0.6,1020.9,60.5,204.9,-9.4,2.7,94.8,-8.1,0.2,1.0,-5.9,"['rain', 'snow']",11.1,-2.4492935982947064e-16,1.0,-0.27195815753410524,0.9623090774541487,2024,56923,27435,-0.8403695772697162,-0.5420138131076722,0.9113134764404062,-0.41171318616010005,29488,8.19111111111111
2024-12-15,1.5,-2.4492935982947064e-16,1.0,-0.2553532951161881,0.9668478136052773,2024,2024-12-15,82.9,-1.8,27.6,1.665,16.0,-0.8,75.0,1.0,0.8,2.2,1021.5,64.8,259.8,-6.3,2.6,96.0,-4.6,0.0,1.4,-3.1,"['rain', 'snow']",17.9,-2.4492935982947064e-16,1.0,-0.2553532951161881,0.9668478136052773,2024,56933,27483,-0.8407635185883072,-0.5414025358372541,0.9098707771909115,-0.4148917555387269,29450,8.180555555555555
2024-12-16,0.5,-2.4492935982947064e-16,1.0,-0.23867276600594997,0.9711000518829505,2024,2024-12-16,87.8,2.8,30.8,0.844,9.3,1.5,66.67,0.0,4.7,6.4,1026.1,62.2,241.8,-4.3,2.7,99.5,-0.2,0.0,0.7,2.2,"['rain', 'snow']",18.2,-2.4492935982947064e-16,1.0,-0.23867276600594997,0.9711000518829505,2024,56947,27529,-0.841314289396705,-0.5405462667125889,0.9084777869732878,-0.4179331412751536,29418,8.171666666666667
2024-12-17,1.8,-2.4492935982947064e-16,1.0,-0.22192151300416674,0.9750645322571945,2024,2024-12-17,81.5,3.1,29.0,0.06,12.7,5.1,16.67,1.0,6.0,7.0,1026.2,68.4,255.3,1.4,3.5,96.1,2.3,0.0,1.2,3.3,['rain'],25.2,-2.4492935982947064e-16,1.0,-0.22192151300416674,0.9750645322571945,2024,56964,27572,-0.8419819100791526,-0.5395057581708113,0.9071664502680772,-0.4207719471495411,29392,8.164444444444445
2024-12-18,9.2,-2.4492935982947064e-16,1.0,-0.20510449986861926,0.9787400799669153,2024,2024-12-18,85.0,2.0,23.0,0.0,39.6,1.0,0.0,2.0,4.4,6.9,1022.5,52.2,226.3,-3.3,3.4,76.3,0.7,0.0,3.4,3.4,['none'],23.3,-2.4492935982947064e-16,1.0,-0.20510449986861926,0.9787400799669153,2024,56983,27612,-0.8427265514602174,-0.5383418611477001,0.9059386379797357,-0.4234090034652325,29371,8.158611111111112
2024-12-19,5.5,-2.4492935982947064e-16,1.0,-0.1882267098432439,0.9821256058680006,2024,2024-12-19,78.0,1.6,28.2,0.677,48.5,2.8,16.67,3.0,5.2,9.1,1008.6,79.2,206.5,-0.9,3.2,92.0,1.3,0.0,4.2,5.9,['rain'],27.6,-2.4492935982947064e-16,1.0,-0.1882267098432439,0.9821256058680006,2024,57006,27649,-0.8436258067014163,-0.5369315582710562,0.9047960865296067,-0.42584509131925946,29357,8.154722222222222
2024-12-20,1.4,-2.4492935982947064e-16,1.0,-0.1712931441814778,0.9852201067560606,2024,2024-12-20,85.4,0.4,19.5,5.818,22.6,0.3,50.0,1.0,2.7,4.7,1012.0,56.3,287.5,-3.0,3.6,89.4,-0.9,0.0,1.9,0.8,"['rain', 'snow']",19.8,-2.4492935982947064e-16,1.0,-0.1712931441814778,0.9852201067560606,2024,57032,27684,-0.8446395139903081,-0.5353354942521709,0.9037092653689986,-0.42814666142132285,29348,8.152222222222223
2024-12-21,4.6,-2.4492935982947064e-16,1.0,-0.154308820664281,0.9880226656636976,2024,2024-12-21,83.3,-2.7,23.3,0.103,39.1,-1.4,12.5,3.0,-0.2,1.3,1020.3,50.4,224.6,-5.9,3.6,56.2,-4.6,0.0,3.3,-3.4,"['rain', 'snow']",22.5,-2.4492935982947064e-16,1.0,-0.154308820664281,0.9880226656636976,2024,57061,27715,-0.8457666250102875,-0.533553011441888,0.9027417629321203,-0.4301828790854043,29346,8.151666666666667
2024-12-22,3.5,-2.4492935982947064e-16,1.0,-0.13727877211326517,0.9905324521322227,2024,2024-12-22,84.8,-1.4,31.7,2.704,21.5,-0.4,79.17,2.0,0.9,2.3,1005.8,71.6,195.9,-7.0,2.3,98.3,-4.6,2.4,1.9,-3.2,"['rain', 'snow']",15.3,-2.4492935982947064e-16,1.0,-0.13727877211326517,0.9905324521322227,2024,57093,27744,-0.8470059680373868,-0.5315833802039425,0.9018325264051138,-0.4320857488019824,29349,8.1525
2024-12-23,1.4,-2.4492935982947064e-16,1.0,-0.12020804489935275,0.9927487224577402,2024,2024-12-23,91.0,-1.4,15.8,0.817,20.8,-1.3,33.33,1.0,-0.1,1.0,1008.4,54.0,297.2,-4.8,3.8,92.3,-3.4,0.9,1.8,-1.6,"['rain', 'snow']",16.8,-2.4492935982947064e-16,1.0,-0.12020804489935275,0.9927487224577402,2024,57128,27769,-0.8483562471532691,-0.5294258001986883,0.9010454823608761,-0.4337246116109347,29359,8.155277777777778
2024-12-24,0.7,-2.4492935982947064e-16,1.0,-0.10310169744743544,0.9946708199115211,2024,2024-12-24,90.2,-1.4,20.7,1.104,17.5,-1.6,66.67,1.0,0.1,1.3,1022.2,64.8,6.7,-5.1,3.1,96.1,-4.3,0.6,1.6,-3.5,"['rain', 'snow']",12.7,-2.4492935982947064e-16,1.0,-0.10310169744743544,0.9946708199115211,2024,57166,27792,-0.8498160413841254,-0.5270794018041443,0.9003187714021935,-0.4352310993723274,29374,8.159444444444444
2024-12-25,6.7,-2.4492935982947064e-16,1.0,-0.0859647987374467,0.9962981749346077,2024,2024-12-25,81.7,-3.0,19.0,0.045,38.8,-2.5,12.5,3.0,-0.2,1.2,1036.2,64.8,22.2,-7.0,3.1,74.0,-4.6,0.0,3.4,-3.1,"['rain', 'snow']",21.8,-2.4492935982947064e-16,1.0,-0.0859647987374467,0.9962981749346077,2024,57207,27812,-0.8513838037676561,-0.524543247675649,0.8996848013846809,-0.43654009914028197,29395,8.165277777777778
2024-12-26,12.0,-2.4492935982947064e-16,1.0,-0.06880242680232064,0.9976303053065857,2024,2024-12-26,58.7,-8.4,15.4,0.0,46.4,-3.3,0.0,3.0,-1.3,1.7,1039.4,46.8,57.1,-8.0,3.1,22.9,-5.4,0.0,4.1,-2.0,['none'],26.2,-2.4492935982947064e-16,1.0,-0.06880242680232064,0.9976303053065857,2024,57250,27828,-0.8530199105401701,-0.5218783691838935,0.8991762550080903,-0.4375866341990187,29422,8.172777777777778
2024-12-27,13.3,-2.4492935982947064e-16,1.0,-0.05161966722325418,0.9986668162884759,2024,2024-12-27,57.5,-7.6,15.0,0.0,46.8,-4.6,0.0,3.0,-0.1,3.7,1036.4,46.8,46.5,-8.5,2.8,25.3,-3.5,0.0,4.2,0.9,['none'],22.8,-2.4492935982947064e-16,1.0,-0.05161966722325418,0.9986668162884759,2024,57297,27842,-0.8547986715606225,-0.518959758650124,0.8987302782940427,-0.43850186644701133,29455,8.181944444444444
2024-12-28,11.0,-2.4492935982947064e-16,1.0,-0.034421611622745804,0.9994074007397048,2024,2024-12-28,71.1,-2.9,13.0,0.0,46.8,-0.2,0.0,3.0,1.8,5.9,1031.5,46.8,67.4,-3.7,2.5,55.1,-0.5,0.0,4.1,4.9,['none'],21.6,-2.4492935982947064e-16,1.0,-0.034421611622745804,0.9994074007397048,2024,57346,27852,-0.8566424917858148,-0.5159104973413415,0.8984111531194788,-0.4391553255404384,29494,8.192777777777778
2024-12-29,14.2,-2.4492935982947064e-16,1.0,-0.01721335615583528,0.9998518392091162,2024,2024-12-29,73.5,-4.5,17.5,0.0,47.5,-2.0,0.0,3.0,-0.2,3.4,1029.3,23.0,256.5,-6.8,2.4,33.8,-4.4,0.0,4.1,0.0,['none'],20.8,-2.4492935982947064e-16,1.0,-0.01721335615583528,0.9998518392091162,2024,57397,27859,-0.8585500172594207,-0.5127298195578724,0.8981874827881927,-0.4396126087393424,29538,8.205
2024-12-30,13.1,-2.4492935982947064e-16,1.0,6.432490598706546e-16,1.0,2024,2024-12-30,81.5,-4.4,21.1,0.0,50.3,-3.5,0.0,3.0,-1.6,0.7,1030.6,49.1,257.5,-8.7,2.2,49.5,-6.5,0.0,4.3,-3.7,['none'],17.2,-2.4492935982947064e-16,1.0,6.432490598706546e-16,1.0,2024,57452,27864,-0.8605939164442156,-0.5092917739166878,0.8980275757606156,-0.43993916985591514,29588,8.21888888888889
2024-12-31,4.9,-2.4492935982947064e-16,1.0,0.017213356155833904,0.9998518392091162,2024,2024-12-31,82.2,-4.8,28.3,0.0,22.2,-2.8,0.0,1.0,-2.2,-1.5,1031.5,54.2,224.5,-9.7,1.8,78.2,-8.2,0.0,1.9,-6.9,['none'],15.4,-2.4492935982947064e-16,1.0,0.017213356155833904,0.9998518392091162,2024,57509,27865,-0.862697611254655,-0.5057201118558684,0.8979955801067755,-0.4400044751007604,29644,8.234444444444444
